source_year,year,entry_time,source,signal,entry_price,timeframe,mfe_target,mae_target,actual_net_profit,session_name,session_is_dst,entry_structure,ea_status,ea_reject_reason,last_bos_age_hours,last_choch_age_hours,choch_to_bos_hours,last_bos_direction,last_choch_direction,bos_choch_aligned,h1_trend_aligned,h1_above_ema200,h1_atr_14,h1_vol_ratio,body_ratio,vol_ratio,atr_14,hour_of_day,day_of_week,session_priority,is_london,is_ny,is_overlap,distance_to_last_ll_pips,distance_to_last_hh_pips,h4_ema200_distance_pct,spread_to_atr_ratio,body_ratio_ea,h4_atr_14,h1_atr_14_pct,h1_ext_ema200_distance_atr,h4_ema200_distance_atr,h1_ext_ema200_distance_pct,h4_vol_ratio,spread_pct,init_risk_points,atr_14_pct,m15_ema200_distance_atr,m15_ema200_distance_pct,spread,body_ratio_min,body_ratio_passed,body_ratio_mode_enc,init_reward_points,initial_rr,momentum_3_atr,momentum_5_atr,momentum_10_atr,session_zone_name,session_zone_is_dst,minutes_from_session_open,minutes_to_session_close,session_range_points,price_position_session_range,distance_to_session_high_atr,distance_to_session_low_atr,h4_atr_14_pct,h1_ext_atr_14_pct,init_risk_pct,double_trend_aligned,mfe_target_norm,mae_target_norm,predicted_mfe,predicted_mae,fold_test_year,fold_train_samples,expected_rr,dynamic_lot,dynamic_net_pnl
2020-12-30,2020,2020-01-03 03:30:00+00:00,EXECUTED,BUY,1532.43,M15,4965.999999999985,42.00000000000728,646.11,Sydney_Tokyo_Overlap,NO,BoS_1,EXECUTED,,0.0,11.75,11.75,1,1,1,1,1,3.0149999999999864,1.0763274705470078,0.6409266409266928,2.1835349660666865,0.9028571428571176,3,4,0,0,0,0,11.100000000001272,-11.100000000001272,0.0,36.55063291139343,0.6409266409266928,0.0,0.196746344041815,3.95647331736703,0.0,0.0,0.5100029662832471,2.1534425716019654,300.0,0.0589166971970737,10.457515710090112,0.6161222865250209,33.0,0.5,1.0,1.0,300.0,1.0,2.1044303797469954,2.802215189873466,4.61867088607616,Sydney_Tokyo_Overlap,NO,150.0,270.0,1465.0,0.2873720136518823,11.56329113924064,4.662974683544475,0.0,0.0,19.57675065092696,0.0,14582.721559875448,123.33352910086124,1152.1483335107423,973.1740712276056,2020,229,1.1839077587192295,0.01,646.11
2020-12-30,2020,2020-01-06 01:00:00+00:00,EXECUTED,BUY,1574.97,M15,499.0000000000009,1426.9999999999982,-154.5,Sydney_Tokyo_Overlap,NO,BoS_2,EXECUTED,,0.0,81.25,81.25,1,1,1,1,1,5.987142857142869,1.4685775833644736,0.1157232704402633,1.9163097199341024,3.446428571428572,1,0,0,0,0,0,-71.19999999999891,71.19999999999891,0.0,55.70984455958549,0.1157232704402633,0.0,0.3801432952464408,8.257779934792715,0.0,0.0,1.3035277680754451,12.190708394445608,300.0,0.2188250297738097,11.247709036746178,2.461280264853132,192.0,0.5,1.0,1.0,300.0,1.0,7.207461139896349,7.529533678756489,8.327461139896386,Sydney_Tokyo_Overlap,NO,0.0,420.0,990.0,0.5959595959595997,1.160621761658031,1.7119170984456222,0.0,0.0,19.047981866321265,0.0,1425.741442694149,4077.220518486061,1282.381811007487,1148.137856071606,2020,229,1.1169232024063742,0.01,-154.5
2020-12-30,2020,2020-01-20 07:45:00+00:00,EXECUTED,BUY,1561.86,M15,673.0000000000018,928.9999999999964,47.66,Sydney_Tokyo_Overlap,NO,BoS_2,EXECUTED,,0.0,101.75,101.75,1,1,1,1,1,2.2664285714285564,0.6552098408104197,0.6956521739129489,2.014051522248244,0.6442857142857454,7,0,0,0,0,0,6.499999999998636,-6.499999999998636,1.5270862919326569,40.35476718403353,0.6956521739129489,4.862142857142852,0.1451108659821339,4.258835954147097,4.9054399798517965,0.0,0.5161133656176595,1.6646818536872705,300.0,0.0412511821985162,9.47541130894716,0.3908719183112604,26.0,0.5,1.0,1.0,300.0,1.0,3.585365853658278,3.725055432372114,5.509977827050661,Sydney_Tokyo_Overlap,NO,405.0,15.0,423.0,1.1891252955082627,-1.241685144124038,7.80709534368029,0.3113046532431109,0.0,19.20786754254543,0.0,1939.034228419966,2676.6163420536946,858.900301796875,737.7719554752916,2020,229,1.164181283149411,0.01,47.66
2020-12-30,2020,2020-01-23 01:15:00+00:00,EXECUTED,BUY,1561.19,M15,672.0000000000027,934.0000000000146,7.62,Sydney_Tokyo_Overlap,NO,CHoCH,EXECUTED,,46.0,0.0,46.0,1,1,1,1,1,2.419285714285756,0.6461362796789468,0.8614232209737422,0.8882846136415137,0.8157142857143072,1,3,0,0,0,0,12.300000000000182,-12.300000000000182,1.2934727396610155,187.56567425568684,0.8614232209737422,6.263571428571465,0.154964207706029,2.6544990653495684,3.223970109481032,0.0,0.8032628294508509,9.800216501514871,300.0,0.0522495202835213,5.067909767801186,0.2647958542077841,153.0,0.5,1.0,1.0,300.0,1.0,2.978984238178634,2.7583187390542183,4.388791593695346,Sydney_Tokyo_Overlap,NO,15.0,405.0,652.0,0.7975460122699478,1.6182136602450634,6.374781085814249,0.4012049416516545,0.0,19.21611078728406,0.0,1936.983967358241,2692.1771212985386,1026.4204246158854,618.6873583376238,2020,229,1.6590292508542863,0.04,30.48
2020-12-30,2020,2020-01-24 17:15:00+00:00,EXECUTED,BUY,1574.84,M15,1344.0000000000057,600.0,77.62,London_NewYork_Overlap,NO,BoS_1,EXECUTED,,0.0,23.0,23.0,1,1,1,1,1,3.356428571428588,3.0480838756326825,0.8614609571788497,1.9957319675629528,2.698571428571362,17,4,1,0,1,0,69.29999999999836,-69.29999999999836,2.02419828680892,11.116993118052154,0.8614609571788497,6.2392857142857565,0.2131282270852015,5.45394036598123,5.109220151113214,0.0,2.158077632890334,1.9049554240430773,300.0,0.171355276000823,5.5971675099639215,0.9591041834927072,30.0,0.5,1.0,1.0,300.0,1.0,4.754367390153611,5.06193753308636,6.2255161461091895,London_NewYork_Overlap,NO,195.0,45.0,1763.0,0.997731140102088,0.0148226574908069,6.518263631551216,0.396185372119438,0.0,19.049554240430773,0.0,3840.390134870861,1714.4598816387695,1303.0774004730902,986.3228985590142,2020,229,1.3211468600970777,0.02,155.24
2020-12-30,2020,2020-02-12 18:30:00+00:00,EXECUTED,BUY,1570.19,M15,813.9999999999873,522.0000000000027,73.11,NewYork,NO,CHoCH,EXECUTED,,25.0,0.0,25.0,-1,1,0,1,1,2.7385714285714227,1.3377824965872895,0.8786610878661291,0.9841463988333256,1.740000000000009,18,2,1,0,1,0,7.100000000000364,-7.100000000000364,0.8015182913418131,15.517241379310263,0.8786610878661291,4.983571428571411,0.174410194216714,0.8132550568533277,2.5253696549158784,0.0,1.4122134427431496,1.7195371260802832,300.0,0.110814614791841,1.46591402697976,0.1624446982177186,27.0,0.5,1.0,1.0,300.0,1.0,1.7701149425288152,2.781609195402368,2.252873563218421,NewYork,NO,30.0,270.0,469.0,1.0,0.0,2.695402298850592,0.3173865219222775,0.0,19.105968067558702,0.0,2332.838701048881,1495.997299689854,840.2730542865669,789.7223291730469,2020,229,1.06401075827051,0.01,73.11
2020-12-30,2020,2020-02-14 15:30:00+00:00,EXECUTED,BUY,1579.9,M15,510.99999999999,212.00000000001185,15.18,London_NewYork_Overlap,NO,BoS_1,EXECUTED,,0.0,45.0,45.0,1,1,1,1,1,2.019285714285713,2.09126598843345,1.0,3.252589081972968,1.0349999999999844,15,4,2,1,1,1,15.700000000001635,-15.700000000001635,1.2982617038194575,40.57971014492815,1.0,4.654285714285704,0.1278109826119192,4.818439064952706,4.40695692481601,0.0,0.8499377591650661,2.658396101019052,300.0,0.0655104753465399,6.157602688791108,0.4033874791378378,42.0,0.5,1.0,1.0,300.0,1.0,4.135265700483347,3.246376811594375,3.76811594202913,London_NewYork_Overlap,NO,90.0,150.0,731.0,0.6196990424076735,2.6859903381642654,4.376811594203158,0.294593690378233,0.0,18.98854357870751,0.0,1455.4718653079024,603.8356858029326,838.7713271647135,666.302675669517,2020,229,1.258844302736584,0.02,30.36
2020-12-30,2020,2020-02-18 01:00:00+00:00,EXECUTED,BUY,1584.61,M15,2044.0000000000048,96.99999999998,224.34,Sydney_Tokyo_Overlap,NO,CHoCH,EXECUTED,,81.5,0.0,81.5,1,1,1,1,1,1.5792857142857233,0.9861822698338768,0.4380952380951834,1.0114768571068231,0.8785714285713928,1,1,0,0,0,0,8.299999999999272,-8.299999999999272,1.4790523775216946,88.78048780488166,0.4380952380951834,3.720000000000011,0.0996640002452163,7.321510734527835,6.300325774044746,0.0,0.7900613365318043,4.922346823508624,300.0,0.0554440164186388,6.311622965659784,0.349941727336299,78.0,0.5,1.0,1.0,300.0,1.0,3.4487804878049872,3.3463414634145736,3.926829268292636,Sydney_Tokyo_Overlap,NO,0.0,420.0,363.0,0.2534435261707645,3.084552845528622,1.0471544715445822,0.2347580792750273,0.0,18.93210316734086,0.0,5804.582831106723,275.4621010847528,1081.4638281152345,793.1091627958693,2020,229,1.3635750018356325,0.02,448.68
2020-12-30,2020,2020-02-19 10:00:00+00:00,EXECUTED,BUY,1606.71,M15,620.0000000000045,432.9999999999927,10.53,London,NO,BoS_1,EXECUTED,,0.0,33.0,33.0,1,1,1,1,1,2.267142857142809,1.4722983172136188,0.954081632653104,2.5484061892280376,1.2414285714285629,10,2,3,1,0,0,16.60000000000082,-16.60000000000082,2.6575279566486065,20.13808975834306,0.954081632653104,4.729999999999985,0.1411046708580147,12.06723746664566,9.02722355861923,0.0,1.5748676047058354,1.5559746313896097,300.0,0.0772652545530035,11.724061072394946,0.9058625631535548,25.0,0.5,1.0,1.0,300.0,1.0,1.506329113924156,2.4810126582278067,3.101265822784941,London,NO,0.0,240.0,619.0,0.3021001615509049,3.4798619102416297,1.506329113924156,0.2943904002589133,0.0,18.67169557667532,0.0,1736.4676886308173,1212.7266277050414,907.4614745865886,827.2040957721642,2020,229,1.0970224630470513,0.01,10.53
2020-12-30,2020,2020-03-05 15:15:00+00:00,EXECUTED,BUY,1654.59,M15,3535.0000000000136,303.9999999999964,323.32,London_NewYork_Overlap,NO,BoS_1,EXECUTED,,0.0,50.25,50.25,1,1,1,1,1,4.06142857142858,1.6525990553194514,0.6190476190476019,1.3299789216019582,2.853571428571464,15,3,2,1,1,1,14.59999999999809,-14.59999999999809,3.476291311016272,12.265331664580572,0.6190476190476019,12.645714285714282,0.2454643489582664,6.973494902611734,4.548447569143798,0.0,1.0971610585705316,2.1153276642551933,300.0,0.172463959565298,6.786267624689129,1.170386585223677,35.0,0.5,1.0,1.0,300.0,1.0,1.359699624530605,2.5371714643303847,2.5757196495618886,London_NewYork_Overlap,NO,75.0,165.0,1223.0,0.5911692559280464,1.7521902377972247,2.533667083854793,0.7642808360811006,0.0,18.131379979330227,0.0,9614.16423403989,826.7909270574486,1952.6413362695312,1279.1091482940426,2020,229,1.5265634984112055,0.04,1293.28
2020-12-30,2020,2020-03-09 01:00:00+00:00,EXECUTED,BUY,1694.46,M15,898.0000000000018,3704.999999999996,-243.75,Sydney_Tokyo_Overlap,NO,BoS_2,EXECUTED,,0.0,132.0,132.0,1,1,1,1,1,15.70428571428574,0.6364297079101927,0.1820448877805535,0.4494775553090888,7.391428571428556,1,0,0,0,0,0,45.19999999999982,-45.19999999999982,5.343729599003645,20.15848473134909,0.1820448877805535,16.369285714285734,0.9268017961052925,3.500374114037118,5.531540113827632,0.0,0.9137779102750144,8.793361897005536,300.0,0.4362114521103216,4.240781995532306,1.8498776723544543,149.0,0.5,1.0,1.0,300.0,1.0,2.980479319675302,2.7937765751836285,1.6803247004252162,Sydney_Tokyo_Overlap,NO,0.0,420.0,3852.0,0.8309968847352026,0.8807499033629692,4.33069192114419,0.9660473374576992,0.0,17.704755497326584,0.0,2384.8305654898954,9839.417867639237,2191.8549802213543,2079.743020445321,2020,229,1.0539066407118067,0.01,-243.75
2020-12-30,2020,2020-03-11 14:00:00+00:00,EXECUTED,BUY,1668.3,M15,294.00000000000546,8781.999999999993,-291.59,London_NewYork_Overlap,NO,CHoCH,EXECUTED,,17.0,0.0,17.0,-1,1,0,1,1,5.497857142857129,1.5537155514150185,0.9872881355932314,1.3403300753084442,2.8921428571428414,14,2,2,1,1,1,7.699999999999818,-7.699999999999818,3.3738434908406214,13.83057545072865,0.9872881355932314,15.53857142857141,0.3295484710697793,3.239925154735781,3.622329840064899,0.0,1.0752165203264996,2.397650302703351,300.0,0.1733586799222466,2.0072482837819656,0.3479739127526368,40.0,0.5,1.0,1.0,300.0,1.0,0.923190911336084,1.154853050135814,3.4230674240552936,London_NewYork_Overlap,NO,0.0,240.0,2271.0,0.9982386613826524,0.013830575450716,7.838478636700409,0.931401512232297,0.0,17.982377270275133,0.0,793.022837619148,23688.18557813341,2740.2120755859373,1233.6829066114356,2020,229,2.2211640129735564,0.07,-2041.13
2020-12-30,2020,2020-03-13 03:30:00+00:00,EXECUTED,SELL,1555.01,M15,5039.00000000001,4290.000000000009,-295.68,Sydney_Tokyo_Overlap,NO,BoS_2,EXECUTED,,0.0,31.25,31.25,-1,-1,1,0,0,19.097857142857134,1.2028372257032034,0.594003241491084,1.619960224190924,7.002142857142839,3,4,0,0,0,0,-548.3999999999992,548.3999999999992,-3.662577108013281,17.423237784351777,0.594003241491084,21.58857142857143,1.2281501175463263,-4.507854625490725,-2.638129182181189,0.0,0.6547950368815277,7.845608709911833,300.0,0.4502956802298917,-9.920514860348073,-4.467164987271184,122.0,0.5,1.0,1.0,300.0,1.0,-3.484647556870368,-3.4660818116903056,-2.8419871467918187,Sydney_Tokyo_Overlap,NO,150.0,270.0,3326.0,0.0012026458208046,4.744261960624315,0.0057125369784707,1.3883236396274898,0.0,19.292480434209427,0.0,14582.221336197224,12414.711159413791,1813.4153390603296,1486.857911012096,2020,229,1.2196292097783221,0.02,-591.36
2020-12-30,2020,2020-03-19 04:45:00+00:00,EXECUTED,SELL,1471.75,M15,985.99999999999,2435.99999999999,-218.85,Sydney_Tokyo_Overlap,NO,CHoCH,EXECUTED,,64.25,0.0,64.25,-1,-1,1,0,0,17.732857142857174,0.7333185300321972,0.8353127474267509,1.7173019582561042,7.403571428571452,4,3,0,0,0,0,-307.99999999999955,307.99999999999955,-8.04106000349497,13.777134587554226,0.8353127474267509,28.86571428571431,1.2048824285956974,-5.32933631741974,-4.099822350836681,0.0,0.658325559274909,6.9305248853405805,300.0,0.503045451236382,-4.918741544258495,-2.474350559646653,102.0,0.5,1.0,1.0,300.0,1.0,-1.5708634828750705,-1.8045344910757168,-2.979643029425936,Sydney_Tokyo_Overlap,NO,225.0,195.0,3169.0,0.1741874408330695,3.5347805113362267,0.7455861070911675,1.961319129316413,0.0,20.383896721589945,0.0,3014.778325123122,7448.275862068936,1697.6942864583332,1188.9537886522833,2020,229,1.427889210381106,0.02,-437.7
2020-12-30,2020,2020-04-02 15:00:00+00:00,EXECUTED,BUY,1601.31,M15,2042.0000000000075,133.9999999999918,168.48,London_NewYork_Overlap,YES,CHoCH,EXECUTED,,43.0,0.0,43.0,-1,1,0,1,1,5.956428571428562,2.406738868832732,0.9671874999999948,2.076502732240437,3.0850000000000364,15,3,2,1,1,1,13.49999999999909,-13.49999999999909,0.8561311010010165,51.539708265801664,0.9671874999999948,15.744285714285704,0.3719722334481494,1.7477677145377482,0.8707484850201952,0.0,1.3661399277142836,9.929370328043914,300.0,0.1926547639120492,2.730219741081454,0.5259898396460638,159.0,0.5,1.0,1.0,300.0,1.0,2.210696920583421,2.917341977309528,3.873581847649888,London_NewYork_Overlap,YES,0.0,240.0,1537.0,0.4027325959661683,2.9756888168557394,2.006482982171793,0.9832128516205922,0.0,18.73466099630928,0.0,5738.426663169552,376.5666860257933,1303.8968136897786,1162.7657139481662,2020,229,1.1213753536491906,0.01,168.48
2020-12-30,2020,2020-04-29 22:30:00+00:00,EXECUTED,BUY,1714.69,M15,702.9999999999973,3341.000000000008,-243.33,NewYork,YES,CHoCH,EXECUTED,,42.5,0.0,42.5,-1,1,0,1,1,7.145714285714267,1.0685226447687957,0.6046511627906982,1.0319079974070249,4.315000000000022,22,2,0,0,0,0,-29.800000000000185,29.800000000000185,3.1969894417854414,37.311703360370615,0.6046511627906982,11.880000000000011,0.4167350533165918,1.348945473781969,4.614348338329187,0.0,1.2131562418335111,9.38945232082767,300.0,0.2516489861141093,1.5924403148727124,0.4007359906849511,161.0,0.5,1.0,1.0,300.0,1.0,2.421784472769408,3.2421784472769266,3.543453070683636,NewYork,YES,210.0,150.0,1589.0,0.9672750157331668,0.1205098493626834,3.5619930475087003,0.6928366060337443,0.0,17.495873889741002,0.0,1844.9399016731816,8768.057199843724,2667.9649842252607,1313.6831241313992,2020,229,2.0309045120674027,0.07,-1703.3100000000004
2020-12-30,2020,2020-06-18 12:00:00+00:00,EXECUTED,BUY,1735.99,M15,68.00000000000637,1869.0000000000048,-82.5,London,YES,CHoCH,EXECUTED,,163.0,0.0,163.0,1,1,1,1,1,4.518571428571461,2.162609238451935,0.5674157303370823,2.888674299903435,2.6614285714286035,12,3,3,1,0,0,-15.99999999999909,15.99999999999909,1.3060510732496196,30.434782608695286,0.5674157303370823,8.910000000000016,0.2602878719676645,2.8922696463776325,2.544659486701013,0.0,1.4739019179171222,4.665925494962528,300.0,0.1533089805487706,3.7737518370574414,0.5785500469833269,81.0,0.5,1.0,1.0,300.0,1.0,2.987117552334925,3.276435856145972,3.509393451422364,London,YES,60.0,180.0,1481.0,0.9993247805536806,0.0037573805689713,5.560923242082579,0.513251804445879,0.0,17.281205536898252,0.0,176.2682964763787,4844.785972269439,1418.9675410205075,1311.230990979235,2020,229,1.0821644323406467,0.01,-82.5
2020-12-30,2020,2020-06-22 16:45:00+00:00,EXECUTED,BUY,1759.5,M15,978.9999999999964,1221.0000000000036,68.82,London_NewYork_Overlap,YES,BoS_1,EXECUTED,,0.0,71.25,71.25,1,1,1,1,1,5.915714285714281,2.2210087092889745,0.1256544502617869,2.3331227626868816,3.0285714285714187,16,0,2,1,1,1,9.700000000000273,-9.700000000000273,2.444376481117184,22.45283018867932,0.1256544502617869,9.556428571428537,0.336215645678561,5.172305748627055,4.500510192044234,0.0,2.226656364963814,3.864734299516908,300.0,0.1721268217431894,6.446267026834128,1.109575455436878,68.0,0.5,1.0,1.0,300.0,1.0,1.6014150943395975,1.538679245283051,3.9094339622641368,London_NewYork_Overlap,YES,105.0,135.0,1480.0,0.9135135135135152,0.4226415094339546,4.464150943396235,0.5431331953071064,0.0,17.050298380221655,0.0,2503.8363171355404,3122.762148337605,1718.2376630859376,1438.520908680445,2020,229,1.1944474722039853,0.01,68.82
2020-12-30,2020,2020-06-30 17:30:00+00:00,EXECUTED,BUY,1777.53,M15,1154.9999999999957,1830.9999999999943,-175.71,London_NewYork_Overlap,YES,BoS_1,EXECUTED,,0.0,94.0,94.0,1,1,1,1,1,3.949999999999932,3.301525604897483,0.8533333333333368,1.894783182918776,3.1528571428571177,17,1,1,0,1,0,20.99999999999909,-20.99999999999909,2.582977105805252,24.422292705029648,0.8533333333333368,8.09714285714285,0.2222184716994893,5.0881574274510495,5.670295530023658,0.0,2.0049572467119696,4.331853752116702,300.0,0.1773729356386175,2.559996702542797,0.4540741303551965,77.0,0.5,1.0,1.0,300.0,1.0,2.086995922066147,2.635704576347988,3.0638876302673816,London_NewYork_Overlap,YES,150.0,90.0,1766.0,0.6619479048697622,1.8935206162211384,3.707748074309064,0.4555277748979117,0.0,16.87735228097416,0.0,2924.0012826787624,4635.364803969539,1918.6604043684897,1152.5959190407289,2020,229,1.6646427188162642,0.04,-702.84
2020-12-30,2020,2020-07-07 17:00:00+00:00,EXECUTED,BUY,1793.2,M15,2472.0000000000027,168.00000000000637,248.35,London_NewYork_Overlap,YES,BoS_1,EXECUTED,,0.0,26.0,26.0,1,1,1,1,1,4.291428571428567,3.216185917397726,0.760330578512403,2.8051260226036794,2.7914285714285336,17,1,1,0,1,0,62.000000000000455,-60.39999999999964,2.7888657001035413,29.01740020470868,0.760330578512403,6.6328571428572,0.2393167840412986,5.147283965656198,7.539728152913932,0.0,2.5036676650214904,4.517064465759535,300.0,0.1556674420827868,4.891354183760613,0.7614245941069522,81.0,0.5,1.0,1.0,300.0,1.0,4.47799385875134,5.233879222108612,5.384339815762601,London_NewYork_Overlap,YES,120.0,120.0,1697.0,0.9404832056570424,0.361821903787105,5.717502558853724,0.369889423536538,0.0,16.729868391701984,0.0,6203.435199643103,421.592683470906,3111.778913845486,1352.2955561782296,2020,229,2.3011085850491106,0.07,1738.4500000000003
2020-12-30,2020,2020-07-08 11:00:00+00:00,EXECUTED,BUY,1797.94,M15,1998.0000000000016,142.00000000000728,192.04,London,YES,BoS_2,EXECUTED,,0.0,44.0,44.0,1,1,1,1,1,2.682142857142838,1.260167296365346,0.5740740740741117,2.448092708836311,1.59714285714285,11,2,3,1,0,0,6.000000000001364,-6.000000000001364,2.930810057880665,36.94096601073362,0.5740740740741117,6.971428571428597,0.1491786632002646,8.598444023496432,7.558595173824099,0.0,1.040035587188612,3.2815333103440607,300.0,0.0888318218151245,6.837170760187413,0.6073583346885478,59.0,0.5,1.0,1.0,300.0,1.0,1.9033989266547264,1.972271914132445,2.0974955277281806,London,YES,0.0,240.0,768.0,0.2421875000000145,3.644007155635039,1.1645796064401563,0.3877453403021567,0.0,16.6857625949698,0.0,5000.723049712453,355.4067432728749,1122.625854405382,1020.2561802113916,2020,229,1.100337225276871,0.01,192.04
2020-12-30,2020,2020-07-14 15:30:00+00:00,EXECUTED,BUY,1803.13,M15,1190.9999999999854,797.0000000000027,39.65,London_NewYork_Overlap,YES,CHoCH,EXECUTED,,92.0,0.0,92.0,-1,1,0,1,1,4.238571428571406,1.822597137014315,0.5081240768094629,1.996028843139304,3.1549999999999403,15,1,2,1,1,1,8.000000000001819,-8.000000000001819,2.486041679696515,25.673534072900644,0.5081240768094629,7.698571428571427,0.2350674343264992,2.4279461392344,5.82271188297982,0.0,1.4166988549285422,4.4921885831859045,300.0,0.1749735182710032,0.3415129381600807,0.0597557203249368,81.0,0.5,1.0,1.0,300.0,1.0,0.9318541996830776,2.456418383518272,1.6735340729002537,London_NewYork_Overlap,YES,30.0,210.0,1201.0,0.5212323064113326,1.8225039619651693,1.98415213946128,0.4269559836823427,0.0,16.637735493281127,0.0,2972.3314458746368,1989.0412782217652,2231.966396596137,1325.4498158926492,2020,229,1.6839312736204783,0.04,158.6
2020-12-30,2020,2020-07-17 18:00:00+00:00,EXECUTED,BUY,1809.93,M15,1059.999999999991,431.0000000000173,-26.95,London_NewYork_Overlap,YES,CHoCH,EXECUTED,,22.25,0.0,22.25,-1,1,0,1,1,2.521428571428584,2.5084646676247777,0.4541832669323124,1.5692911786608896,2.0671428571428447,18,4,1,0,1,0,10.900000000001455,-10.900000000001455,2.3960755169565964,19.350380096752016,0.4541832669323124,5.731428571428588,0.1393108336470794,4.193399532348199,7.566575952850619,0.0,1.4992946570269794,2.210030222163288,300.0,0.1142112046953663,2.9440503735678227,0.3362435398490244,40.0,0.5,1.0,1.0,300.0,1.0,1.3738769868694636,1.2432619212163962,1.5577055977885506,London_NewYork_Overlap,YES,180.0,60.0,522.0,0.8620689655172369,0.3483068417415495,2.176917760884602,0.3166657589756835,0.0,16.57522666622466,0.0,2635.4610399296985,1071.5884039714672,1187.8707473811849,1031.5350350385668,2020,229,1.1515563766932773,0.01,-26.95
2020-12-30,2020,2020-07-20 14:00:00+00:00,EXECUTED,BUY,1812.7,M15,2103.9999999999964,85.00000000001364,168.41,London,YES,BoS_1,EXECUTED,,0.0,68.0,68.0,1,1,1,1,1,2.4907142857143265,1.4825912922918671,0.8653846153846237,1.0559006211180124,1.4742857142857375,14,0,2,1,1,1,7.5,-7.5,2.427023590855616,29.1666666666662,0.8653846153846237,5.369285714285736,0.1374035574399694,4.629713801805308,8.193763374220485,0.0,1.226244834761684,2.372152038395764,300.0,0.0813309270307131,3.97290682845499,0.3231201953648949,43.0,0.5,1.0,1.0,300.0,1.0,1.919573643410927,1.410852713178377,1.2344961240309449,London,YES,180.0,60.0,435.0,0.7425287356322036,0.759689922480534,2.1908914728681945,0.2962037686481897,0.0,16.54989794229602,0.0,5223.147790588615,211.01119876430812,973.111390890842,881.8161390495287,2020,229,1.103530937798118,0.01,168.41
2020-12-30,2020,2020-08-18 04:45:00+00:00,EXECUTED,BUY,1993.42,M15,2214.9999999999864,1756.0000000000173,-74.36,Sydney_Tokyo_Overlap,YES,BoS_1,EXECUTED,,0.0,13.25,13.25,1,1,1,1,1,7.545714285714276,1.2092457989576273,0.6583072100313673,2.6263815316199075,3.133571428571421,4,1,0,0,0,0,27.40000000000009,-27.40000000000009,4.328196517366307,17.232733074994343,0.6583072100313673,15.86642857142853,0.3785310815439935,3.567476552023948,5.437842210555853,0.0,0.8451331825952683,2.708912321537859,300.0,0.1571957454310391,10.432134308147043,1.6398871290058927,54.0,0.5,1.0,1.0,300.0,1.0,1.3626624116708432,3.223159334397134,3.060405744244412,Sydney_Tokyo_Overlap,YES,165.0,255.0,1578.0,0.7642585551330812,1.1871438340551743,3.848643720082125,0.7959400714063534,0.0,15.049512897432551,0.0,5000.200660171935,3964.0416971837735,2521.0451368532986,2383.1757431643814,2020,229,1.0578511232687582,0.01,-74.36
2020-12-30,2020,2020-09-01 05:00:00+00:00,EXECUTED,BUY,1980.71,M15,1157.9999999999927,2193.0000000000064,-171.49,Sydney_Tokyo_Overlap,YES,CHoCH,EXECUTED,,109.0,0.0,109.0,1,1,1,1,1,6.6749999999999545,1.2774631437449042,0.7369308600337389,2.9216047757001142,2.745714285714289,5,1,0,0,0,0,41.70000000000073,-41.70000000000073,2.72853007711522,24.037460978147728,0.7369308600337389,12.848571428571388,0.3370003685547079,4.317383194859205,4.206247238525721,0.0,0.7734130791551985,3.332138475597134,300.0,0.1386227305215952,7.15539273438501,0.991900078794834,66.0,0.5,1.0,1.0,300.0,1.0,3.317898022892862,4.607180020811681,4.843912591050965,Sydney_Tokyo_Overlap,YES,180.0,240.0,2325.0,0.6382795698924794,3.0629552549427106,5.404786680541148,0.6486851396000115,0.0,15.146083979986974,0.0,2630.874787323721,4982.30432521673,2763.1443951182723,1639.8306053046667,2020,229,1.685018187963935,0.04,-685.96
2020-12-30,2020,2020-09-09 16:15:00+00:00,EXECUTED,BUY,1943.09,M15,2344.000000000005,313.99999999998727,222.62,London_NewYork_Overlap,YES,CHoCH,EXECUTED,,27.25,0.0,27.25,-1,1,0,1,1,6.522142857142869,2.695861882437793,0.6705882352940694,1.919232042370076,4.020714285714332,16,2,2,1,1,1,22.5,-22.5,0.6312058289052253,13.927873512168963,0.6705882352940694,11.874285714285731,0.3356582997773067,0.4742610782408471,1.0328955893421758,0.0,1.8797130574816667,2.882007524098215,300.0,0.2069237289942479,3.376156000508544,0.6986067892915339,56.0,0.5,1.0,1.0,300.0,1.0,2.151359033576065,4.118671167169952,5.120980635992104,London_NewYork_Overlap,YES,75.0,165.0,2155.0,0.8004640371229631,1.069461716113019,4.290282465802047,0.6111032280689898,0.0,15.439326021954722,0.0,5428.467029319291,727.1922556340379,2006.2870203656685,1498.0763084426935,2020,229,1.3392422061939415,0.02,445.24
2020-12-30,2020,2020-09-14 15:45:00+00:00,EXECUTED,BUY,1956.14,M15,1606.9999999999936,298.0000000000018,133.01,London_NewYork_Overlap,YES,CHoCH,EXECUTED,,96.5,0.0,96.5,1,1,1,1,1,4.72499999999999,2.0482667607437315,0.8938679245283451,1.9714679347584552,2.8521428571428293,15,0,2,1,1,1,13.400000000001455,-13.400000000001455,1.1668440054633074,9.1159529176059,0.8938679245283451,10.284285714285764,0.2415471285286324,2.736935889265557,2.2194154229655343,0.0,1.015072478964062,1.3291482204750171,300.0,0.1458046385812278,3.966980866702716,0.5784042115282353,26.0,0.5,1.0,1.0,300.0,1.0,2.9346356123216326,4.67017280240431,4.470323065364432,London_NewYork_Overlap,YES,45.0,195.0,1736.0,0.6923963133640623,1.8722764838467207,4.214375156524032,0.5257438483076754,0.0,15.336325620865582,0.0,3696.8212909096337,685.5337552526956,2543.356417421875,1484.2662310959847,2020,229,1.7135446216706394,0.04,532.04
2020-12-30,2020,2020-10-22 15:00:00+00:00,EXECUTED,SELL,1905.07,M15,1056.9999999999936,912.0000000000118,-93.31,London_NewYork_Overlap,YES,CHoCH,EXECUTED,,147.5,0.0,147.5,1,-1,0,0,0,4.315000000000022,2.4921160642124778,0.8780251694095089,1.997588908981314,2.2078571428571325,15,3,2,1,1,1,-152.79999999999973,152.79999999999973,-0.3029772231603206,36.68715626011017,0.8780251694095089,9.118571428571418,0.2265008634853323,-0.8665443858783831,-0.6329860143635014,0.0,1.2337585657798211,4.251812269365431,300.0,0.11589375418526,-4.802780740677294,-0.5566122905657552,81.0,0.5,1.0,1.0,300.0,1.0,-4.687803299903028,-5.389841475250794,-5.561954060174714,London_NewYork_Overlap,YES,0.0,240.0,1870.0,0.5149732620320779,4.108055645422287,4.361695244257489,0.4786475787541359,0.0,15.747452849501595,0.0,2496.7586492884625,2154.251549811846,1636.2341534559462,1214.0609374605838,2020,229,1.347736429835565,0.02,-186.62
2020-12-30,2020,2020-10-28 11:15:00+00:00,EXECUTED,SELL,1901.33,M15,3197.0000000000027,57.00000000001637,248.9,London,NO,BoS_1,EXECUTED,,0.0,23.0,23.0,-1,-1,1,0,0,3.194285714285716,1.3856513856513857,0.7000000000001136,1.159106450877593,2.084285714285719,11,2,3,1,0,0,-95.39999999999964,95.39999999999964,-0.4288689001806146,11.034955448937604,0.7000000000001136,6.957142857142848,0.1680026988626759,-1.5063468625337613,-1.172063478821943,0.0,1.2877902575192277,1.2096795401113958,300.0,0.1096225123616478,-2.0320697444189286,-0.2227605906772946,23.0,0.5,1.0,1.0,300.0,1.0,-1.2138450993831231,-2.322138450993896,-2.4132967786154715,London,NO,75.0,165.0,1407.0,0.6560056858564258,2.322138450993896,4.428375599725839,0.3659092770399061,0.0,15.778428784061685,0.0,7566.545523396787,134.90556610376615,1424.6198816107856,1012.3878208892606,2020,229,1.4071878900710488,0.02,497.8
2020-12-30,2020,2020-11-04 04:30:00+00:00,EXECUTED,SELL,1886.55,M15,69.00000000000546,2563.000000000011,-305.16,Sydney_Tokyo_Overlap,NO,CHoCH,EXECUTED,,17.0,0.0,17.0,1,-1,0,0,0,8.51714285714281,2.10158789893478,0.6963265306122427,2.614926689449895,7.336428571428574,4,2,0,0,0,0,-297.5999999999999,297.5999999999999,-0.9078379445509376,10.222957842469084,0.6963265306122427,11.22499999999999,0.4514665848847266,-0.8716664841047848,-1.52577432008247,0.0,1.762920742509435,3.9755108531446295,300.0,0.3888806854537953,-1.2899972119200596,-0.5016550000049576,75.0,0.5,1.0,1.0,300.0,1.0,-2.020056469671882,-1.7338136500827603,-3.9351572388277822,Sydney_Tokyo_Overlap,NO,210.0,210.0,2877.0,0.0,3.921526628371138,0.0,0.5950014576873123,0.0,15.902043412578518,0.0,164.58614932020066,6113.540589965836,2332.888979134115,1702.8352770273127,2020,229,1.3700027305087927,0.02,-610.32
2020-12-30,2020,2020-11-24 12:15:00+00:00,EXECUTED,SELL,1817.94,M15,1769.0000000000057,231.99999999999363,110.45,London,NO,BoS_2,EXECUTED,,0.0,25.5,25.5,-1,-1,1,0,0,5.858571428571444,1.328899537343027,0.9593114241001228,1.0196610169491525,3.2442857142857195,12,1,3,1,0,0,-149.60000000000036,149.60000000000036,-3.969284858271317,20.95992954645527,0.9593114241001228,10.904999999999989,0.3222642897219624,-8.870605203655469,-6.617076309257924,0.0,1.7915972607810475,3.74049748616566,300.0,0.1784594493924837,-9.701478640234836,-1.731320536429251,68.0,0.5,1.0,1.0,300.0,1.0,-2.7833553500660373,-2.6693086745926413,-2.9713782474680315,London,NO,135.0,105.0,1972.0,0.4634888438133918,3.261118450021989,2.817261118450048,0.5998547806858305,0.0,16.502194791907325,0.0,4378.857388032622,574.2763787583591,2093.4804079101564,1404.7729057616368,2020,229,1.4902625181079483,0.02,220.9
2020-12-30,2020,2020-11-30 04:45:00+00:00,EXECUTED,SELL,1766.73,M15,208.9999999999918,1925.999999999999,-214.97,Sydney_Tokyo_Overlap,NO,BoS_1,EXECUTED,,0.0,61.75,61.75,-1,-1,1,0,0,7.84285714285714,1.1563305965028512,0.8199708454810615,2.332216703245928,3.2207142857142963,4,0,0,0,0,0,23.49999999999909,447.4000000000001,-6.043549667573153,18.939897981814088,0.8199708454810615,9.804999999999982,0.4439193958814952,-8.678350538833175,-10.889669050679792,0.0,1.254502443889452,3.4527064124116302,300.0,0.1822980469972376,-11.270604083855462,-2.0546091129659416,61.0,0.5,1.0,1.0,300.0,1.0,-4.741184298070505,-5.110667553781321,-5.126192060323778,Sydney_Tokyo_Overlap,NO,225.0,195.0,2275.0,0.0074725274725306,7.010867154579684,0.0527833222444225,0.5549801044868192,0.0,16.98052333972933,0.0,532.3394067004936,4905.673192847801,2161.744449739583,1658.2206454979332,2020,229,1.3036530787436016,0.02,-429.94
2020-12-30,2020,2020-12-08 16:30:00+00:00,EXECUTED,BUY,1874.25,M15,102.99999999999729,3685.99999999999,-272.83,London_NewYork_Overlap,NO,BoS_2,EXECUTED,,0.0,24.0,24.0,1,1,1,1,1,5.162142857142807,2.677189724543485,0.7197309417040748,2.236612509209353,3.800714285714272,16,1,2,1,1,1,23.80000000000109,-23.80000000000109,0.7790372847088931,9.735012215748954,0.7197309417040748,12.172142857142862,0.2754244554964816,7.492011447627225,1.199551014149345,0.0,1.6098117871319797,1.974122982526344,300.0,0.2027858762552632,5.570620924612739,1.129643245483499,37.0,0.5,1.0,1.0,300.0,1.0,2.5153166697989047,2.352189438075573,2.591618116895306,London_NewYork_Overlap,NO,150.0,90.0,1282.0,1.0,0.0,3.373050178537864,0.6494407286724216,0.0,16.00640256102441,0.0,247.29891956782063,8849.939975990372,1829.332264648437,1471.9776573046668,2020,229,1.2427717605429698,0.02,-545.66
2020-12-30,2020,2020-12-21 03:00:00+00:00,EXECUTED,BUY,1894.39,M15,1230.9999999999943,3940.000000000009,-162.72,Sydney_Tokyo_Overlap,NO,BoS_1,EXECUTED,,0.0,61.0,61.0,1,1,1,1,1,5.489285714285724,2.017467472595021,0.9165329052969534,4.656697721756831,2.175714285714321,3,0,0,0,0,0,48.10000000000173,-48.10000000000173,1.9028576424321344,22.061720288903125,0.9165329052969534,11.047142857142846,0.2897653447434648,6.687456514869803,3.2630649715154667,0.0,0.8148383649117585,2.533797158979936,300.0,0.1148503890811459,7.842210397832386,0.900680915447258,48.0,0.5,1.0,1.0,300.0,1.0,3.7183191070256143,5.235062376887683,6.416283650689342,Sydney_Tokyo_Overlap,NO,120.0,300.0,2003.0,0.5931103344982589,3.7458962573866135,5.460275771503573,0.5831503997140424,0.0,15.836232243624597,0.0,2924.160283785268,9359.213255982157,2350.886806936849,1533.1616077693757,2020,229,1.5333587764157468,0.04,-650.88
2021-12-30,2021,2021-01-04 01:00:00+00:00,EXECUTED,BUY,1908.88,M15,3669.999999999982,100.0,172.17,Sydney_Tokyo_Overlap,NO,CHoCH,EXECUTED,,999.0,0.0,0.0,0,1,0,0,0,0.0,1.0,0.1085714285713298,1.0,0.0,1,0,0,0,0,0,91.00000000000136,-91.00000000000136,0.0,0.0,0.1085714285713298,0.0,0.0,0.0,0.0,0.0,1.0,1.9383093751309668,300.0,0.0,0.0,0.0,37.0,0.5,1.0,1.0,300.0,1.0,0.0,0.0,0.0,Sydney_Tokyo_Overlap,NO,0.0,420.0,1540.0,0.0025974025974149,0.0,0.0,0.0,0.0,15.716021960521353,0.0,8651.670089266961,235.74032940782027,1194.6111142100697,718.8339784402696,2021,488,1.6618734645823843,0.04,688.68
2021-12-30,2021,2021-01-06 11:30:00+00:00,EXECUTED,BUY,1955.98,M15,330.99999999999454,5515.000000000009,-170.25,London,NO,BoS_2,EXECUTED,,0.0,58.5,58.5,1,1,1,1,1,5.56000000000001,0.9836205062752604,0.3121387283236751,1.0762244250207529,2.968571428571441,11,2,3,1,0,0,6.400000000001,-6.400000000001,1.838081729547504,5.389797882579381,0.3121387283236751,10.67642857142854,0.2842564852401358,5.502836908006627,3.367466074733707,0.0,1.080699630056258,0.818004274072332,300.0,0.1517690072787779,5.111046649887603,0.7756984762089653,16.0,0.5,1.0,1.0,300.0,1.0,1.0611164581328465,1.8628488931664893,2.630895091434042,London,NO,90.0,150.0,982.0,0.8217922606924633,0.5895091434071198,2.718479307025954,0.5458352627035318,0.0,15.337580138856223,0.0,761.510853894199,12688.013169868833,4058.149130208333,2432.5470854837004,2021,488,1.6682715637553176,0.04,-681.0
2021-12-30,2021,2021-01-12 16:00:00+00:00,EXECUTED,SELL,1839.75,M15,214.00000000001,2319.000000000005,-98.48,London_NewYork_Overlap,NO,CHoCH,EXECUTED,,104.0,0.0,104.0,-1,-1,1,0,0,6.6735714285714165,2.7131577041025765,0.4903225806451578,2.245679994215892,4.226428571428593,16,1,2,1,1,1,30.499999999999545,240.4999999999996,-3.819735817560859,2.8392766604698183,0.4903225806451578,19.735714285714284,0.3627433851649091,-8.045138758334504,-3.5607320153820585,0.0,1.3621681168079465,0.6522625356706074,300.0,0.2297284180692264,-4.796128626322174,-1.101807042181525,12.0,0.5,1.0,1.0,300.0,1.0,-2.484367077911091,-4.710833192496193,-5.063376711171197,London_NewYork_Overlap,NO,120.0,120.0,2130.0,0.0,5.039716072333917,0.0,1.0727389202725524,0.0,16.306563391765184,0.0,523.4406848756869,5672.238075825532,8583.748883789063,2781.5316278087994,2021,488,3.0859792489762423,0.07,-689.3600000000001
2021-12-30,2021,2021-01-14 05:00:00+00:00,EXECUTED,SELL,1834.99,M15,0.0,2246.000000000004,-83.73,Sydney_Tokyo_Overlap,NO,BoS_1,EXECUTED,,0.0,37.0,37.0,-1,-1,1,0,0,6.552142857142842,0.887118890624441,0.7953410981697138,1.7028000758485555,3.7378571428571377,5,3,0,0,0,0,40.499999999999545,279.50000000000045,-3.824210388037151,4.815593349894905,0.7953410981697138,12.137857142857149,0.3570669517077935,-7.0959530260614905,-5.781405842359799,0.0,0.9794781086021568,0.9809317761949656,300.0,0.2036990470169939,-5.260507420103914,-1.0715603483009928,18.0,0.5,1.0,1.0,300.0,1.0,-1.0835085037263414,-3.785591438945185,-3.4484999044525444,Sydney_Tokyo_Overlap,NO,240.0,180.0,1569.0,-0.0031867431484993,4.210968851519214,-0.0133766481941403,0.6614672092413117,0.0,16.348862936582762,0.0,0.0,5507.931923334742,3992.186403819445,2464.9798269109983,2021,488,1.619561491025374,0.04,-334.92
2021-12-30,2021,2021-01-15 17:00:00+00:00,EXECUTED,SELL,1836.03,M15,2574.000000000001,469.0000000000055,37.87,London_NewYork_Overlap,NO,CHoCH,EXECUTED,,36.0,0.0,36.0,-1,-1,1,0,0,6.231428571428539,3.2140145013471484,0.3447559709241928,2.101852988096699,4.854999999999985,17,4,1,0,1,0,-214.2000000000008,214.2000000000008,-3.4879230633261344,1.0298661174047403,0.3447559709241928,12.54142857142855,0.3393968819370347,-5.641895603524654,-5.106221628170731,0.0,2.5313673965403383,0.272326704901336,300.0,0.2644292304591965,-2.761190381698311,-0.7301394477838196,5.0,0.5,1.0,1.0,300.0,1.0,-1.4665293511843749,-0.5396498455201084,-2.269824922760044,London_NewYork_Overlap,NO,180.0,60.0,1593.0,0.1845574387947296,2.6755921730175176,0.6055612770339986,0.6830731835225214,0.0,16.339602294080162,0.0,6308.720445744352,1149.4910213885528,5155.112435611979,1538.2007480652194,2021,488,3.351391190061626,0.07,265.09000000000003
2021-12-30,2021,2021-01-18 01:30:00+00:00,EXECUTED,SELL,1817.85,M15,755.9999999999945,2576.999999999998,-122.98,Sydney_Tokyo_Overlap,NO,BoS_1,EXECUTED,,0.0,56.5,56.5,-1,-1,1,0,0,7.765714285714272,0.9073103241346546,0.6343283582089609,1.7436393197697413,2.9592857142856865,1,0,0,0,0,0,-55.40000000000191,396.00000000000136,-4.442661682054621,6.758387641805518,0.6343283582089609,13.23142857142854,0.4271922482995997,-6.475894972252704,-6.1037192583741176,0.0,0.979881467334902,1.1002007866435626,300.0,0.1627904235380084,-8.835982102448137,-1.4384132688317948,20.0,0.5,1.0,1.0,300.0,1.0,-3.3116099444847653,-2.906106685976419,-2.845281197200148,Sydney_Tokyo_Overlap,NO,30.0,390.0,2535.0,0.2812623274161699,6.156891141684836,2.409365194303627,0.7278614061351895,0.0,16.50301179965344,0.0,1871.4415380806863,6379.239211156032,4175.438127539062,2300.9795639936883,2021,488,1.814635033216886,0.04,-491.92
2021-12-30,2021,2021-01-19 15:00:00+00:00,EXECUTED,SELL,1835.57,M15,307.9999999999927,2179.9999999999955,1.97,London_NewYork_Overlap,NO,CHoCH,EXECUTED,,4.5,0.0,4.5,1,-1,0,0,0,4.263571428571384,1.9081043741783097,0.3679999999999927,2.0227886761423703,2.3557142857142543,15,1,2,1,1,1,24.50000000000045,99.40000000000056,-3.1811785944805675,6.367495451789048,0.3679999999999927,11.599285714285688,0.232275065977946,-5.561326534959783,-5.034168600122539,0.0,1.24115909635188,0.8171848526615711,300.0,0.1283369354322774,-1.5582194277267123,-0.1999771060854833,15.0,0.5,1.0,1.0,300.0,1.0,-1.8847786537295808,-3.098847786537317,-4.015767131594975,London_NewYork_Overlap,NO,60.0,180.0,849.0,0.1401648998821976,3.098847786537317,0.5051546391751911,0.6319173724938678,0.0,16.34369705323142,0.0,755.0788038592739,5344.3889364066645,3690.033464648437,1945.50955004064,2021,488,1.8966925474980862,0.04,7.88
2021-12-30,2021,2021-01-22 12:15:00+00:00,EXECUTED,SELL,1855.25,M15,1784.999999999991,1071.0000000000036,-14.18,London,NO,CHoCH,EXECUTED,,73.75,0.0,73.75,1,-1,0,0,0,4.102857142857114,1.4397714961095245,0.907462686567178,1.3829787234042554,2.323571428571426,12,4,3,1,0,0,-162.4000000000001,162.4000000000001,-1.7762353065476193,3.012603750384263,0.907462686567178,10.8542857142857,0.2211484782566831,-1.1543272172298742,-3.035999456081512,0.0,1.8026169432963448,0.3773076404797197,300.0,0.1252430361714823,-2.8511651099059114,-0.3570885749908145,7.0,0.5,1.0,1.0,300.0,1.0,-1.6612357823547077,-3.1976636950507524,-2.5133722717491214,London,NO,135.0,105.0,1479.0,0.4976335361730843,3.1976636950507524,3.1675376575468395,0.5850578474214095,0.0,16.170327449130845,0.0,4329.605174504762,2597.763104702879,3985.580268771701,1169.7168793780504,2021,488,3.4073033731811,0.07,-99.26
2021-12-30,2021,2021-01-25 18:00:00+00:00,EXECUTED,SELL,1847.68,M15,57.00000000001637,1404.9999999999957,-27.18,NewYork,NO,CHoCH,EXECUTED,,151.5,0.0,151.5,1,-1,0,0,0,5.709285714285703,2.176545121779529,0.629575402635432,1.8601779132817475,4.680000000000015,18,0,1,0,1,0,-202.5,202.5,-2.0785260689743583,1.282051282051278,0.629575402635432,10.644999999999982,0.3089975382255424,-1.9377185357065685,-3.6077511011015018,0.0,2.028643968491634,0.3247315552476619,300.0,0.2532906130931771,-2.10840164083631,-0.5340383442540895,6.0,0.5,1.0,1.0,300.0,1.0,-1.2799145299145278,-1.771367521367508,-3.5106837606837145,NewYork,NO,0.0,300.0,1046.0,0.0,2.2350427350427355,0.0,0.5761279009352259,0.0,16.236577762383096,0.0,138.82273986841534,3421.858763422227,3714.3781125,1480.372419078363,2021,488,2.5090835688579394,0.07,-190.26000000000002
2021-12-30,2021,2021-01-27 03:45:00+00:00,EXECUTED,SELL,1846.07,M15,1472.0000000000027,703.9999999999964,49.36,Sydney_Tokyo_Overlap,NO,BoS_1,EXECUTED,,0.0,33.75,33.75,-1,-1,1,0,0,4.340000000000016,1.253653783696005,0.1951871657754054,2.9302847524196944,1.872142857142828,3,2,0,0,0,0,28.599999999999,156.60000000000082,-2.033335183123778,6.943914536436585,0.1951871657754054,8.264999999999986,0.2350940105196453,-2.627569257755608,-4.541656480955014,0.0,0.5093332409821547,0.7041986490219764,300.0,0.1014123439058555,-4.590424796070321,-0.4655257380930502,13.0,0.5,1.0,1.0,300.0,1.0,-0.4166348721861805,-1.5917588706600885,-2.900419687142392,Sydney_Tokyo_Overlap,NO,165.0,255.0,651.0,0.153609831029186,2.94315146890504,0.5341472720335835,0.4477078333974327,0.0,16.250738054353302,0.0,3588.162962401216,1716.0779385397,3091.0080478417967,1899.3944408485,2021,488,1.6273650071656405,0.04,197.44
2021-12-30,2021,2021-01-27 13:30:00+00:00,EXECUTED,SELL,1840.76,M15,941.0000000000082,984.9999999999908,-2.04,London,NO,BoS_2,EXECUTED,,0.0,43.5,43.5,-1,-1,1,0,0,4.167142857142851,1.7933376819091749,0.5782881002087689,1.9408194233687408,2.5392857142857275,13,2,2,1,1,1,-123.49999999999908,123.49999999999908,-2.2683318851145104,3.544303797468336,0.5782881002087689,8.823571428571427,0.2263816498154485,-3.7770897881204872,-4.732159346863711,0.0,1.3907050715674147,0.4889284860601056,300.0,0.1379476799955305,-4.508852806989185,-0.6219857841654937,9.0,0.5,1.0,1.0,300.0,1.0,-2.3353023909986064,-2.114767932489487,-1.4255977496484218,London,NO,210.0,30.0,1019.0,0.0,4.012939521800282,0.0,0.4793439355794034,0.0,16.29761620200352,0.0,2300.408526912817,2407.9727938459973,3141.161666289063,1931.8825473554396,2021,488,1.6259589231182867,0.04,-8.16
2021-12-30,2021,2021-02-02 15:15:00+00:00,EXECUTED,SELL,1833.45,M15,392.0000000000073,1152.9999999999973,-31.88,London_NewYork_Overlap,NO,CHoCH,EXECUTED,,97.25,0.0,97.25,1,-1,0,0,0,6.607857142857126,2.226201422833084,0.9358196010407624,2.1652288072018004,4.2957142857142925,15,1,2,1,1,1,-360.69999999999936,360.69999999999936,-2.31401927874716,1.163950781509809,0.9358196010407624,14.377857142857124,0.360405636524428,-3.069806062980148,-2.950814300395737,0.0,1.1855274216400626,0.2727099184597343,300.0,0.2342967785166921,-4.917237569153062,-1.1520929216538125,5.0,0.5,1.0,1.0,300.0,1.0,-2.444296641170598,-2.926172264715644,-3.717658796142335,London_NewYork_Overlap,NO,75.0,165.0,1300.0,0.0415384615384587,2.9005653475224515,0.1257066844030508,0.7841968498108552,0.0,16.362595107584063,0.0,962.1205923259606,2829.910823856657,5152.725015234376,1425.7378333276658,2021,488,3.6140760908391822,0.07,-223.16000000000003
2021-12-30,2021,2021-02-04 03:45:00+00:00,EXECUTED,SELL,1826.94,M15,4203.999999999996,27.99999999999727,151.07,Sydney_Tokyo_Overlap,NO,BoS_1,EXECUTED,,0.0,36.5,36.5,-1,-1,1,0,0,4.480000000000018,1.200505986934447,0.539755351681956,3.4277303503090963,1.708571428571385,3,3,0,0,0,0,-180.39999999999964,180.39999999999964,-2.49077033994535,4.682274247491758,0.539755351681956,9.870000000000005,0.2452187811312915,-4.838272659956776,-4.610423469969358,0.0,0.3879931238154009,0.4378906805915902,300.0,0.0935209382120586,-7.986561818041154,-0.7469107543118139,8.0,0.5,1.0,1.0,300.0,1.0,-3.669732441471655,-3.728260869565248,-4.190635451505038,Sydney_Tokyo_Overlap,NO,165.0,255.0,1500.0,0.5013333333333321,4.377926421404804,4.4013377926422415,0.5402476271798747,0.0,16.42090052218464,0.0,10355.019869289625,68.96778219316876,3521.939883932292,1195.597973102308,2021,488,2.9457559841738856,0.07,1057.49
2021-12-30,2021,2021-02-11 18:45:00+00:00,EXECUTED,SELL,1830.07,M15,1954.999999999996,125.99999999999908,27.47,NewYork,NO,CHoCH,EXECUTED,,27.25,0.0,27.25,1,-1,0,0,0,4.472857142857151,2.1591252340965386,0.7773487773487745,1.4879320539697898,3.2385714285714227,18,3,1,0,1,0,-174.70000000000027,174.70000000000027,-1.603047011884171,2.161446846052056,0.7773487773487745,10.060714285714296,0.2444090741259706,-1.230351025713029,-2.915984056126665,0.0,1.813825173134625,0.3824990300917451,300.0,0.1769643471873438,-2.798552518225828,-0.4952440194573307,7.0,0.5,1.0,1.0,300.0,1.0,-2.0719011910013383,-3.3718570798412286,-3.89986766651967,NewYork,NO,45.0,255.0,1514.0,0.4352708058124157,2.640052933392139,2.0348478164975523,0.5497447794736975,0.0,16.392815575360505,0.0,4807.193167474457,309.8242143743113,3527.973837886285,1214.5324745401251,2021,488,2.9047999224739787,0.07,192.29000000000002
2021-12-30,2021,2021-02-16 14:45:00+00:00,EXECUTED,SELL,1807.44,M15,3343.0000000000064,688.9999999999873,133.52,London_NewYork_Overlap,NO,BoS_1,EXECUTED,,0.0,116.0,116.0,-1,-1,1,0,0,4.6650000000000444,2.038894297163297,0.9195736434108592,2.1580229725026103,2.945000000000001,14,1,2,1,1,1,-232.4000000000001,232.4000000000001,-2.553690204526073,3.7351443123938863,0.9195736434108592,9.777857142857185,0.2580998539370626,-4.627864164854857,-4.720504458014481,0.0,1.951679355872616,0.6085955827026069,300.0,0.1629376355508344,-5.242268812147694,-0.8541628851732266,11.0,0.5,1.0,1.0,300.0,1.0,-3.460101867572173,-4.2139219015279625,-5.796264855687582,London_NewYork_Overlap,NO,45.0,195.0,2597.0,0.6091644204851808,3.446519524617949,5.371816638370173,0.5409782423127287,0.0,16.598061346434736,0.0,8323.097862169714,1715.4096401539982,3845.3286,862.8551686744895,2021,488,4.456516851961563,0.07,934.6400000000002
2021-12-30,2021,2021-02-19 02:30:00+00:00,EXECUTED,SELL,1767.11,M15,646.99999999998,2452.000000000021,-118.66,Sydney_Tokyo_Overlap,NO,CHoCH,EXECUTED,,39.0,0.0,39.0,-1,-1,1,0,0,5.8057142857143,0.95453098746882,0.6017964071856408,1.6214480655000802,2.0699999999999688,2,4,0,0,0,0,-129.9000000000001,129.9000000000001,-4.337444859597161,5.79710144927545,0.6017964071856408,10.41785714285712,0.3285428912582862,-7.274310903320786,-7.35731166279044,0.0,0.819607553487456,0.6790748736637787,300.0,0.117140415707,-8.788861200670254,-1.0295308546376372,12.0,0.5,1.0,1.0,300.0,1.0,-2.1739130434782936,-4.1449275362320215,-3.951690821256129,Sydney_Tokyo_Overlap,NO,90.0,330.0,1485.0,0.3703703703703669,4.51690821256052,2.6570048309179146,0.5895420852610828,0.0,16.97687184159447,0.0,1647.605412226692,6244.093463338499,3796.231639266493,1602.804706044486,2021,488,2.3684929454912194,0.07,-830.6200000000001
2021-12-30,2021,2021-02-24 15:45:00+00:00,EXECUTED,SELL,1790.68,M15,1232.0000000000164,1466.9999999999843,54.55,London_NewYork_Overlap,NO,BoS_1,EXECUTED,,0.0,28.0,28.0,-1,-1,1,0,0,5.172142857142863,2.5007783378070227,0.6792097836312425,2.6199558321622165,3.4778571428571303,15,2,2,1,1,1,-195.19999999999985,195.19999999999985,-2.482720016905544,1.4376668720476535,0.6792097836312425,10.20428571428574,0.2888368026192766,-2.5244537033838714,-4.356754803178896,0.0,1.1724032016849435,0.2792235351933343,300.0,0.1942199132651914,-3.833036027962412,-0.7444519248932135,5.0,0.5,1.0,1.0,300.0,1.0,-3.890326555760943,-4.934072704867505,-5.304990757855855,London_NewYork_Overlap,NO,105.0,135.0,2340.0,0.2162393162393227,5.27336208667077,1.4549188745122752,0.5698553462531407,0.0,16.75341211160006,0.0,3096.030558223733,3686.5883351575535,3765.8101436631946,1361.152468989829,2021,488,2.766633591355102,0.07,381.85
2021-12-30,2021,2021-02-25 15:30:00+00:00,EXECUTED,SELL,1781.38,M15,2689.00000000001,751.9999999999982,90.32,London_NewYork_Overlap,NO,BoS_2,EXECUTED,,0.0,51.75,51.75,-1,-1,1,0,0,6.582142857142896,2.2693223135668705,0.3729166666666626,1.925239013581716,4.146428571428601,15,3,2,1,1,1,-239.699999999998,239.699999999998,-2.8901168334249747,2.8940568475452,0.3729166666666626,11.612142857142851,0.3694968427366927,-3.138960990688746,-4.433631576931302,0.0,1.5137778374501372,0.6736350469860445,300.0,0.2327649671282152,-4.151153877415495,-0.9662431958207808,12.0,0.5,1.0,1.0,300.0,1.0,-1.5121447028423622,-1.946253229974131,-2.7614125753660006,London_NewYork_Overlap,NO,90.0,150.0,1586.0,0.4930643127364502,1.9390180878552747,1.885960378983661,0.6518621999316739,0.0,16.84087617465111,0.0,6792.767405045552,1899.650832500641,4001.838470095486,1980.3848091175728,2021,488,2.0207378140204177,0.07,632.24
2021-12-30,2021,2021-03-08 11:15:00+00:00,EXECUTED,SELL,1690.07,M15,1325.0,1497.0000000000027,-76.42,London,NO,CHoCH,EXECUTED,,10.0,0.0,10.0,1,-1,0,0,0,5.772142857142886,0.9391804295135562,0.7872340425531901,1.3255507437394087,3.199285714285696,11,0,3,1,0,0,-242.20000000000027,242.20000000000027,-6.260393118042766,3.7508372404554806,0.7872340425531901,13.562857142857151,0.3415327682961585,-7.792607055310222,-7.801086810519666,0.0,1.0076190888646228,0.7100297620808607,300.0,0.189299006211914,-4.678553623554954,-0.8856455514481023,12.0,0.5,1.0,1.0,300.0,1.0,-1.7097566421076318,-3.278856887698169,-4.522884572449242,London,NO,75.0,165.0,1113.0,0.0575022461814806,3.278856887698169,0.2000446528242525,0.8025026858566302,0.0,17.750744052021513,0.0,3527.960380339276,3985.929576881439,4801.237266697048,1502.7562875637204,2021,488,3.1949540364132156,0.07,-534.94
2021-12-30,2021,2021-03-12 05:00:00+00:00,EXECUTED,SELL,1718.04,M15,1882.9999999999927,1597.0000000000027,-63.7,Sydney_Tokyo_Overlap,NO,CHoCH,EXECUTED,,37.0,0.0,37.0,1,-1,0,0,0,5.184999999999994,0.6228507698503671,0.5331010452961358,1.5123101387289577,2.0457142857142605,5,4,0,0,0,0,-102.99999999999956,102.99999999999956,-3.549861248351668,3.910614525139713,0.5331010452961358,8.442142857142844,0.3017973970338289,-1.12321010839822,-7.224236455508377,0.0,0.6947313456216385,0.4656468999557636,300.0,0.119072564417258,-1.9289667455460704,-0.2296870170677831,8.0,0.5,1.0,1.0,300.0,1.0,-2.2241620111731897,-3.3386871508379943,-3.44134078212293,Sydney_Tokyo_Overlap,NO,240.0,180.0,929.0,0.0,4.541201117318474,0.0,0.4913822063015322,0.0,17.461758748341133,0.0,4932.073758468934,4182.964308165126,3074.951384830729,1604.4379338008405,2021,488,1.916528723268409,0.04,-254.8
2021-12-30,2021,2021-03-18 15:00:00+00:00,EXECUTED,SELL,1721.87,M15,261.9999999999891,2355.000000000018,-87.4,London_NewYork_Overlap,NO,CHoCH,EXECUTED,,19.0,0.0,19.0,1,-1,0,0,0,6.551428571428573,2.244765046509323,0.9100346020761524,1.8310871935236943,3.6114285714285512,15,3,2,1,1,1,-335.90000000000146,335.90000000000146,-2.683220288603941,3.322784810126601,0.9100346020761524,10.588571428571427,0.3804833449347845,-1.136730594828102,-4.363342637394667,0.0,1.799976036834808,0.6969167242590905,300.0,0.209738747491306,-4.226564532101632,-0.8864743511541743,12.0,0.5,1.0,1.0,300.0,1.0,-1.9355221518987475,-2.6139240506329413,-3.699367088607651,London_NewYork_Overlap,NO,60.0,180.0,1167.0,0.1988003427592049,2.589003164557014,0.6424050632911252,0.6149460428819498,0.0,17.422918106477262,0.0,684.7206815845278,6154.64582111314,3553.7767600086804,1166.8885738811173,2021,488,3.045515089918722,0.07,-611.8000000000001
2021-12-30,2021,2021-03-23 18:30:00+00:00,EXECUTED,SELL,1726.69,M15,290.0000000000091,1177.9999999999973,-55.36,NewYork,NO,BoS_1,EXECUTED,,0.0,39.25,39.25,-1,-1,1,0,0,4.324285714285695,1.2484659767377966,0.1122448979591955,0.7440018536852526,3.182142857142838,18,1,1,0,1,0,-159.09999999999854,159.09999999999854,-2.074131884754243,3.142536475869828,0.1122448979591955,8.378571428571425,0.2504378732885286,-1.4601640780893392,-4.274455155772232,0.0,1.4394038626671906,0.5791427528971616,300.0,0.1842914974397742,-2.994690496918212,-0.5518959960457187,10.0,0.5,1.0,1.0,300.0,1.0,-1.1281705948372427,-0.2828282828282417,-0.1759820426486932,NewYork,NO,30.0,330.0,457.0,0.2166301969365476,1.1250280583613756,0.3111111111111158,0.4852388922488359,0.0,17.37428258691485,0.0,755.7812925308197,3070.0357331078467,2997.8321137065973,1229.0245364293062,2021,488,2.4391963096328575,0.07,-387.52000000000004
2021-12-30,2021,2021-03-25 14:30:00+00:00,EXECUTED,SELL,1725.33,M15,369.9999999999818,2010.0000000000136,-12.22,London_NewYork_Overlap,NO,CHoCH,EXECUTED,,44.0,0.0,44.0,-1,-1,1,0,0,3.1271428571428714,2.495173918777952,0.619230769230769,2.188183807439825,2.1049999999999693,14,3,2,1,1,1,-138.70000000000118,138.70000000000118,-1.975574779049572,7.600950118764956,0.619230769230769,7.425000000000003,0.1812489701763066,-2.3334591947079195,-4.590597216885651,0.0,1.7052179242152283,0.927358824109011,300.0,0.1220056452968399,-3.686617434155214,-0.4497881390166874,16.0,0.5,1.0,1.0,300.0,1.0,-1.4441805225653244,-3.140142517814833,-3.159144893111728,London_NewYork_Overlap,NO,30.0,210.0,1896.0,-0.0015822784810112,9.021377672209162,-0.0142517814726713,0.4303524543130881,0.0,17.387977952043958,0.0,965.0327763383922,5242.475352541289,1604.1293117057292,1026.136517511405,2021,488,1.5632708556129329,0.04,-48.88
2021-12-30,2021,2021-03-29 16:30:00+00:00,EXECUTED,SELL,1711.25,M15,3248.000000000002,457.9999999999927,160.16,London_NewYork_Overlap,YES,CHoCH,EXECUTED,,142.0,0.0,142.0,-1,-1,1,0,0,4.552857142857159,3.144804964321996,0.9418695993715626,3.53961697333834,2.9378571428571507,16,0,2,1,1,1,-254.0000000000009,254.0000000000009,-2.5854782977245443,3.063457330415747,0.9418695993715626,8.729999999999986,0.2660544714598778,-4.336452868602606,-5.068040935831768,0.0,1.9183846040211707,0.5259313367421475,300.0,0.1716790149222586,-6.02968683409155,-1.0351706959665496,9.0,0.5,1.0,1.0,300.0,1.0,-4.288840262582014,-4.979820082664745,-5.2214928276197,London_NewYork_Overlap,YES,90.0,150.0,1802.0,0.1753607103218693,5.058108436664188,1.075613907123779,0.5101533966398824,0.0,17.531044558071585,0.0,8541.124908692482,1204.3827611394988,3386.228407389323,845.3712097425728,2021,488,4.005611225417147,0.07,1121.1200000000001
2021-12-30,2021,2021-04-09 16:00:00+00:00,EXECUTED,SELL,1732.88,M15,162.00000000001182,1393.9999999999827,-60.58,London_NewYork_Overlap,YES,CHoCH,EXECUTED,,49.75,0.0,49.75,-1,-1,1,1,1,4.177142857142875,3.070586499948941,0.8154311649016572,2.4195616337993773,2.702857142857153,16,4,2,1,1,1,-257.7999999999997,257.7999999999997,-0.6808663298951232,1.8498942917547496,0.8154311649016572,7.970714285714313,0.2410520553727248,-0.0324336745375685,-1.480243304998763,0.0,1.8278102014170283,0.2885370019851345,300.0,0.1559748593588219,-4.768849976414378,-0.7438207043745537,5.0,0.5,1.0,1.0,300.0,1.0,-2.3345665961944744,-4.40644820295976,-4.672832980972454,London_NewYork_Overlap,YES,60.0,180.0,1257.0,0.0,4.650634249471418,0.0,0.4599692007360181,0.0,17.312220119108073,0.0,420.6869488943569,3619.9852269054536,3038.045504166667,814.955307035954,2021,488,3.727867624074059,0.07,-424.06000000000006
2021-12-30,2021,2021-04-15 15:00:00+00:00,EXECUTED,BUY,1750.36,M15,3343.0000000000064,452.99999999999727,191.72,London_NewYork_Overlap,YES,CHoCH,EXECUTED,,54.5,0.0,54.5,-1,1,0,1,1,3.4214285714285944,2.7844681728349423,0.9339933993399184,1.591882972959661,1.819285714285716,15,3,2,1,1,1,16.699999999998454,-16.699999999998454,0.3856176384226998,4.946996466431091,0.9339933993399184,7.650714285714311,0.1954699931116224,3.916016086405073,0.8822309452202188,0.0,1.1132597650944436,0.5141799401266025,300.0,0.1039378021827347,5.167949643554987,0.5371453277421528,9.0,0.5,1.0,1.0,300.0,1.0,1.85237534354136,2.061248527679621,1.4401256380054352,London_NewYork_Overlap,YES,0.0,240.0,2469.0,0.2292426083434525,10.460149195131626,3.111111111111028,0.4370937570393697,0.0,17.13933133755342,0.0,8594.517699216178,1164.6175643867475,4085.574988802083,1144.0427771451768,2021,488,3.5711732729060635,0.07,1342.0400000000002
2021-12-30,2021,2021-04-16 12:45:00+00:00,EXECUTED,BUY,1771.04,M15,1899.000000000001,77.99999999999727,26.72,London,YES,BoS_1,EXECUTED,,0.0,21.75,21.75,1,1,1,1,1,3.0628571428571667,0.966839425767096,0.8013698630136507,1.571889631346879,2.1585714285714466,12,4,3,1,0,0,13.599999999999,-13.599999999999,1.4698988382016995,4.632693580410286,0.8013698630136507,8.372857142857177,0.1729411612869933,9.502745448825122,3.1091532961714883,0.0,1.3027172625289034,0.5646399855452164,300.0,0.1218815740226898,7.968000552032091,0.9711524490953328,10.0,0.5,1.0,1.0,300.0,1.0,2.330244870946361,2.8954334877564287,3.330906684315021,London,YES,105.0,135.0,1406.0,0.4914651493598778,3.3123759099933965,3.20119126406344,0.4727649936115037,0.0,16.939199566356493,0.0,4825.130996476649,198.188634926364,3293.8349989236112,1093.775625747571,2021,488,3.011435729034782,0.07,187.04000000000002
2021-12-30,2021,2021-04-19 10:45:00+00:00,EXECUTED,BUY,1786.98,M15,304.99999999999545,2166.000000000008,-91.9,Tokyo_London_Overlap,YES,BoS_2,EXECUTED,,0.0,91.75,91.75,1,1,1,1,1,4.231428571428588,1.6744739385827945,0.7430025445292686,2.511011129528771,2.405714285714274,10,0,3,1,0,0,31.900000000000546,-31.900000000000546,2.251176803851155,2.494061757719727,0.7430025445292686,9.435714285714296,0.2367921617157767,9.012478249910515,4.263384629011586,0.0,1.395170826169164,0.3357620118859752,300.0,0.1346245780990427,8.075116235058973,1.0871091162455448,6.0,0.5,1.0,1.0,300.0,1.0,3.2505938242280177,2.768408551068931,3.957244655581959,Tokyo_London_Overlap,YES,45.0,15.0,489.0,1.5971370143149588,-1.2137767220902973,3.246437054631822,0.5280257353587783,0.0,16.78810059429876,0.0,768.0556021891568,5454.453883087688,3313.5041748046874,1904.947316232636,2021,488,1.739420374815256,0.04,-367.6
2021-12-30,2021,2021-04-20 17:00:00+00:00,EXECUTED,BUY,1776.18,M15,2145.0000000000045,317.0000000000073,91.46,London_NewYork_Overlap,YES,CHoCH,EXECUTED,,4.5,0.0,4.5,-1,1,0,1,1,5.592142857142838,2.468935132707402,0.5714285714285785,1.8319240912427608,3.255714285714297,17,1,1,0,1,0,5.700000000001637,-5.700000000001637,1.5480639933823763,2.1500658183413703,0.5714285714285785,10.3192857142857,0.3148409990621917,3.7494296340677713,2.6645645637656803,0.0,1.796384664206295,0.3941042011507843,300.0,0.1832986682495184,1.6700351461903524,0.3061152182265814,7.0,0.5,1.0,1.0,300.0,1.0,2.463361123299679,2.048705572619585,0.5866608161474562,London_NewYork_Overlap,YES,120.0,120.0,1104.0,0.7980072463768134,0.6849495392716136,2.7060114085125493,0.5809819789821808,0.0,16.890180049319326,0.0,5434.415430868504,803.1280613451523,3685.110953125,1575.9980537585775,2021,488,2.3382712588612824,0.07,640.22
2021-12-30,2021,2021-04-21 16:30:00+00:00,EXECUTED,BUY,1788.89,M15,899.0000000000009,958.0000000000156,-26.51,London_NewYork_Overlap,YES,BoS_2,EXECUTED,,0.0,23.5,23.5,1,1,1,1,1,5.033571428571447,2.652748638873515,0.9800000000000182,2.353642630892491,2.172857142857148,16,2,2,1,1,1,5.40000000000191,-5.40000000000191,2.1384073751031685,5.062458908612743,0.9800000000000182,9.04285714285717,0.2813795945290905,5.6661317808766585,4.230273141348827,0.0,1.7705785506514546,0.6149064503686643,300.0,0.1214639884429533,5.533182181521338,0.6720823765490631,11.0,0.5,1.0,1.0,300.0,1.0,1.164365548981023,1.762656147271599,3.1617357001972857,London_NewYork_Overlap,YES,90.0,150.0,1301.0,0.4673328209070068,3.1893491124259525,2.7981591058514783,0.505501016991384,0.0,16.77017591914539,0.0,2261.458222696758,2409.874279581232,3400.6391275325523,1932.6409034553371,2021,488,1.7595814729226755,0.04,-106.04
2021-12-30,2021,2021-04-23 14:45:00+00:00,EXECUTED,BUY,1791.1,M15,485.0000000000136,2225.999999999999,-95.38,London,YES,CHoCH,EXECUTED,,46.25,0.0,46.25,1,1,1,1,1,3.422857142857148,1.347806906140128,0.6136986301369735,1.4231669969374887,1.747142857142876,14,4,2,1,1,1,13.899999999998728,-13.899999999998728,2.041496188830998,10.302534750613136,0.6136986301369735,7.634285714285738,0.1911036314475544,6.119300657341007,4.7896083021531295,0.0,1.0884815827477752,1.0049690134554186,300.0,0.0975458018615865,3.45820599987205,0.3373334772600686,18.0,0.5,1.0,1.0,300.0,1.0,2.5012264922321266,2.3924775143089567,3.3941128372852334,London,YES,225.0,15.0,687.0,1.3260553129548829,-1.28209321340964,5.214227309893591,0.4262344768179185,0.0,16.74948355759031,0.0,1218.524928814729,5592.652559879401,1163.2826212836371,1030.4449435919255,2021,488,1.128912930785672,0.01,-95.38
2021-12-30,2021,2021-04-27 15:15:00+00:00,EXECUTED,BUY,1784.82,M15,54.99999999999545,2220.0000000000045,-123.46,London_NewYork_Overlap,YES,CHoCH,EXECUTED,,142.75,0.0,142.75,1,1,1,1,1,3.756428571428598,2.1041799382564803,0.7707865168538879,1.6856823809292616,2.0914285714285694,15,1,2,1,1,1,-7.300000000000182,7.300000000000182,1.538369920685176,5.25956284153006,0.7707865168538879,8.345000000000027,0.2104654010728587,2.9787264356894525,3.2902497325791566,0.0,1.0214813357420094,0.6163086473706032,300.0,0.1171786830844886,2.0845991417835013,0.2442705821932458,11.0,0.5,1.0,1.0,300.0,1.0,2.342896174863325,1.2766393442622224,1.625683060109226,London_NewYork_Overlap,YES,15.0,225.0,652.0,1.001533742331287,-0.0047814207650229,3.122267759562832,0.4675541511188819,0.0,16.808417655561904,0.0,138.66944565837426,5597.203079302127,3142.474435657552,1187.439490521076,2021,488,2.646429111329758,0.07,-864.22
2021-12-30,2021,2021-05-06 16:30:00+00:00,EXECUTED,BUY,1806.94,M15,3635.99999999999,108.00000000001546,148.16,London_NewYork_Overlap,YES,BoS_1,EXECUTED,,0.0,79.25,79.25,1,1,1,1,1,5.2000000000000455,3.208604290300037,0.8712555768005115,2.651853200983517,3.738571428571439,16,3,2,1,1,1,90.29999999999971,-78.50000000000136,2.290826474903531,0.2674818494459297,0.8712555768005115,9.615000000000007,0.2877793396571023,5.173108337460802,4.305133635530091,0.0,2.010602490743857,0.0553421807032884,300.0,0.2069006955721517,5.61190562970064,1.1611071782703368,1.0,0.5,1.0,1.0,300.0,1.0,3.5441345051585684,3.006495987772252,4.41345051585784,London_NewYork_Overlap,YES,90.0,150.0,2415.0,0.5660455486542452,2.803209782193348,3.656476881925879,0.5321150674621187,0.0,16.60265421098653,0.0,9055.087606672028,268.9629982180203,3832.618949162327,1670.9738694829214,2021,488,2.293643855931943,0.07,1037.1200000000001
2021-12-30,2021,2021-05-07 06:00:00+00:00,EXECUTED,BUY,1819.45,M15,2384.999999999991,244.00000000000543,67.37,Sydney_Tokyo_Overlap,YES,BoS_2,EXECUTED,,0.0,92.75,92.75,1,1,1,1,1,4.47214285714285,0.9576505639497764,0.3935643564356831,2.1933716075156577,1.8250000000000293,6,4,0,0,0,0,13.300000000001546,-13.300000000001546,2.8800554964261607,3.28767123287666,0.3935643564356831,7.792857142857185,0.2457964141439913,7.845028361226051,6.724256427279165,0.0,1.0327844140981903,0.3297699854351589,300.0,0.1003050372365291,12.129177838404974,1.2166176347296949,6.0,0.5,1.0,1.0,300.0,1.0,1.873972602739736,2.602739726027356,2.909589041095814,Sydney_Tokyo_Overlap,YES,240.0,180.0,711.0,0.7510548523206821,0.9698630136986046,2.926027397260307,0.4283083977497147,0.0,16.48849927175795,0.0,5898.760614471384,603.4790733463543,3503.77661890191,1898.6642272469603,2021,488,1.8453903373859541,0.04,269.48
2021-12-30,2021,2021-05-12 15:45:00+00:00,EXECUTED,BUY,1839.89,M15,378.9999999999964,3112.000000000012,-115.99,London_NewYork_Overlap,YES,CHoCH,EXECUTED,,47.5,0.0,47.5,1,1,1,1,1,4.467142857142854,3.1956985617668687,0.7439613526570468,3.156322247910368,2.9099999999999846,15,2,2,1,1,1,15.600000000001728,-15.600000000001728,3.2965970540632266,0.6872852233677013,0.7439613526570468,8.773571428571406,0.2427940179653595,6.437131640035543,6.913234824815246,0.0,1.1382988734277089,0.108702150672051,300.0,0.1581616292278334,2.60609862019572,0.4121848036985637,2.0,0.5,1.0,1.0,300.0,1.0,2.316151202749156,2.3676975945017653,1.886597938144343,London_NewYork_Overlap,YES,45.0,195.0,1633.0,1.0012247397428176,-0.0068728522337488,5.618556701031005,0.4768530416802855,0.0,16.305322600807656,0.0,926.9575898559063,7611.324590057043,4603.003501907552,1288.2413237809287,2021,488,3.573091017137961,0.07,-811.9300000000001
2021-12-30,2021,2021-05-13 17:45:00+00:00,EXECUTED,BUY,1824.03,M15,1718.0000000000064,425.9999999999991,69.52,London_NewYork_Overlap,YES,CHoCH,EXECUTED,,5.0,0.0,5.0,-1,1,0,1,1,5.300714285714272,1.7506077215295173,0.3996627318718154,1.2795632212433303,3.767142857142874,17,3,1,0,1,0,10.199999999999818,-10.199999999999818,2.3084548000841,3.1854379977246725,0.3996627318718154,11.53142857142856,0.2906045561593983,2.0883228507285,3.651491038525996,0.0,1.45500424380061,0.6578839163829542,300.0,0.2065285580359354,0.0704352152287269,0.0145468834361397,12.0,0.5,1.0,1.0,300.0,1.0,0.613196814561985,1.2635570724307843,2.312097080015168,London_NewYork_Overlap,YES,165.0,75.0,1007.0,0.8937437934458845,0.2840348881304331,2.3890784982935047,0.6321951158384763,0.0,16.447097909573856,0.0,4238.417131297199,1050.9695564217673,3784.3872421875,1666.6766017062348,2021,488,2.2706188100998665,0.07,486.64000000000004
2021-12-30,2021,2021-05-17 17:00:00+00:00,EXECUTED,BUY,1857.0,M15,1802.9999999999973,11.999999999989086,35.47,London_NewYork_Overlap,YES,BoS_2,EXECUTED,,0.0,95.25,95.25,1,1,1,1,1,4.852142857142878,2.5963158679031166,0.5814479638009109,1.6018347530827426,2.9142857142856786,17,0,1,0,1,0,15.599999999999454,-15.599999999999454,3.679717103855253,1.715686274509825,0.5814479638009109,9.175714285714273,0.2612893299484587,7.01031695294867,7.447087440917718,0.0,1.669500710518076,0.2692514808831448,300.0,0.1569351488576025,5.862604970750369,0.9200487837780296,5.0,0.5,1.0,1.0,300.0,1.0,2.292156862745148,3.8259803921569406,3.029901960784326,London_NewYork_Overlap,YES,120.0,120.0,1988.0,0.5618712273641857,2.988725490196128,3.832843137254974,0.4941149319178392,0.0,16.15508885298869,0.0,4369.143780290785,29.0791599353532,4562.070702473959,1957.16435657908,2021,488,2.33095942460754,0.07,248.29000000000002
2021-12-30,2021,2021-05-18 15:15:00+00:00,EXECUTED,BUY,1872.97,M15,321.00000000000364,2074.000000000001,-39.88,London_NewYork_Overlap,YES,CHoCH,EXECUTED,,22.25,0.0,22.25,1,1,1,1,1,3.621428571428575,2.0530408219938905,0.6345381526104102,1.4752240651076542,1.7357142857142986,15,1,2,1,1,1,13.39999999999918,-13.39999999999918,4.291996930291185,4.032921810699558,0.6345381526104102,8.224285714285738,0.1933521931172722,11.41485209754486,9.774443361766927,0.0,0.9745654750695129,0.3737379669722419,300.0,0.0926717611982198,9.662756711865615,0.8954646825185066,7.0,0.5,1.0,1.0,300.0,1.0,2.321810699588444,3.560493827160504,2.949794238683174,London_NewYork_Overlap,YES,15.0,225.0,903.0,1.0,0.0,5.202469135802414,0.4391039746651435,0.0,16.01734144166751,0.0,771.2349904162994,4982.994922502765,4324.11177546658,1153.7488641187656,2021,488,3.747879551560244,0.07,-279.16
2021-12-30,2021,2021-05-19 16:30:00+00:00,EXECUTED,BUY,1885.77,M15,431.9999999999936,2378.9999999999964,-60.89,London_NewYork_Overlap,YES,CHoCH,EXECUTED,,4.5,0.0,4.5,-1,1,0,1,1,7.377142857142855,3.723795620437956,0.9663056558363315,2.256453288579877,5.5428571428571525,16,2,2,1,1,1,117.79999999999971,-117.79999999999971,4.662645175619376,0.1804123711340203,0.9663056558363315,10.3064285714286,0.3912005630136684,6.2882384524786135,8.53125438350462,0.0,2.6925067512516074,0.0530287362721859,300.0,0.2939307096229737,4.136395004850409,1.2158135190566048,1.0,0.5,1.0,1.0,300.0,1.0,2.3994845360824617,3.7273195876288745,5.201288659793792,London_NewYork_Overlap,YES,90.0,150.0,3318.0,0.9008438818565409,0.5935567010309203,5.392525773195844,0.546536882622409,0.0,15.90862088165577,0.0,1030.8786331312783,5676.991361618852,4663.170360703125,2064.255844044701,2021,488,2.2590079491145407,0.07,-426.2300000000001
2021-12-30,2021,2021-05-25 17:00:00+00:00,EXECUTED,BUY,1894.83,M15,1791.0000000000082,650.0,39.72,London_NewYork_Overlap,YES,BoS_1,EXECUTED,,0.0,144.5,144.5,1,1,1,1,1,5.345714285714247,2.870629336316621,0.898132427843799,2.677700529210335,3.30642857142852,17,1,1,0,1,0,47.40000000000009,-47.40000000000009,4.200606730633613,0.6048822639879118,0.898132427843799,9.35642857142854,0.2821210496833092,5.880060412248736,8.506916491311644,0.0,1.841328616986492,0.1055503659958941,300.0,0.1744973729267807,4.4241641535274985,0.7720050221873833,2.0,0.5,1.0,1.0,300.0,1.0,4.206956146035882,3.487146251890303,4.318859364873682,London_NewYork_Overlap,YES,120.0,120.0,1391.0,1.0,0.0,4.206956146035882,0.4937872300643614,0.0,15.832554899384114,0.0,4253.415873719562,1543.6741026899513,4123.340878854167,1604.7425680129456,2021,488,2.569471864861071,0.07,278.04
2021-12-30,2021,2021-05-31 01:00:00+00:00,EXECUTED,BUY,1904.34,M15,1010.0000000000136,219.9999999999818,12.47,Sydney,YES,CHoCH,EXECUTED,,128.0,0.0,128.0,1,1,1,1,1,4.771428571428552,0.2134222592746978,0.4799999999999272,0.3567663307046767,1.532857142857113,1,0,0,0,0,0,6.699999999998454,-6.699999999998454,3.883797796916301,12.395153774464362,0.4799999999999272,7.757142857142851,0.2505554980428154,4.750497256091564,9.534530474412,0.0,0.2595718697466849,0.997720995200437,300.0,0.0804928291616577,5.465812856207625,0.439958740464313,19.0,0.5,1.0,1.0,300.0,1.0,0.4892823858341195,0.293569431500353,2.00931966449207,Sydney,YES,0.0,60.0,73.0,1.0136986301369737,-0.0065237651444489,0.4827586206896705,0.4073402258600277,0.0,15.753489397901635,0.0,2386.65364378213,519.865150130711,2375.316384785156,1657.7454051408438,2021,488,1.432859579896315,0.02,24.94
2021-12-30,2021,2021-06-01 04:30:00+00:00,EXECUTED,BUY,1912.38,M15,419.9999999999818,2001.0000000000216,-58.23,Sydney_Tokyo_Overlap,YES,BoS_1,EXECUTED,,0.0,27.5,27.5,1,1,1,1,1,2.6478571428571223,1.926567711586249,0.9228070175438536,2.4057217165149543,1.4085714285714306,4,1,0,0,0,0,17.300000000000182,-17.300000000000182,4.053349659693885,6.389452332657192,0.9228070175438536,6.062857142857134,0.1384587342921972,9.739006565888449,12.78530013087602,0.0,0.9194308649671358,0.4706177642518746,300.0,0.0736554151670395,7.361933954729147,0.5422463018679005,9.0,0.5,1.0,1.0,300.0,1.0,3.0172413793103403,3.5354969574036588,3.606490872211058,Sydney_Tokyo_Overlap,YES,150.0,270.0,623.0,0.8667736757624519,0.5892494929005561,3.83367139959438,0.317032030394437,0.0,15.68725880839582,0.0,988.2973049288938,4708.530731340056,4443.487142265625,986.6702961392328,2021,488,4.503517699532112,0.07,-407.61
2021-12-30,2021,2021-06-07 20:45:00+00:00,EXECUTED,BUY,1897.65,M15,601.9999999999982,1381.0000000000173,-25.63,NewYork,YES,BoS_1,EXECUTED,,0.0,77.25,77.25,1,1,1,1,1,3.377142857142839,0.86428284120092,0.5904761904761564,0.4651638296784747,1.5300000000000702,20,0,1,0,1,0,15.099999999999907,-15.099999999999907,2.5776242963308627,4.575163398692601,0.5904761904761564,8.615000000000009,0.1779644748580001,2.6237832484019856,5.677804696381029,0.0,0.5757385169214655,0.3688772956024557,300.0,0.0806260374673975,6.907578169789789,0.5569306563264491,7.0,0.5,1.0,1.0,300.0,1.0,1.6470588235293244,1.6274509803920882,2.568627450980316,NewYork,YES,105.0,255.0,563.0,0.626998223801089,1.3725490196077208,2.307189542483685,0.4539825573735941,0.0,15.809026954390957,0.0,1427.555133981499,3274.8399336021275,3341.130541357422,1347.556098236155,2021,488,2.479399963927809,0.07,-179.41000000000003
2021-12-30,2021,2021-06-16 21:00:00+00:00,EXECUTED,SELL,1839.03,M15,7173.000000000002,413.0000000000109,292.26,NewYork,YES,BoS_1,EXECUTED,,0.0,65.0,65.0,-1,-1,1,0,0,5.692857142857114,4.962111119400599,0.993064586042476,3.989076565186609,3.387857142857132,21,2,1,0,1,0,-238.8000000000011,238.8000000000011,-1.0212144947313135,2.6565464895635764,0.993064586042476,11.73285714285711,0.3095576006295228,-6.450830549243154,-1.6006707227225287,0.0,2.306112035733463,0.4893884275949821,300.0,0.1842197866732533,-6.72482144660639,-1.2388451723095484,9.0,0.5,1.0,1.0,300.0,1.0,-6.036263967952807,-5.9713261648745775,-5.86211258697033,NewYork,YES,120.0,240.0,5150.0,0.5551456310679596,6.762386675100195,8.438962681846936,0.6379916120377107,0.0,16.312947586499405,0.0,17551.91595569404,1010.5871029836647,3106.689981354167,818.8087588281967,2021,488,3.794158218092554,0.07,2045.8200000000002
2021-12-30,2021,2021-06-17 13:15:00+00:00,EXECUTED,SELL,1800.83,M15,3352.9999999999973,74.00000000000091,54.92,London,YES,BoS_2,EXECUTED,,0.0,81.25,81.25,-1,-1,1,0,0,7.601428571428577,1.2426073494895593,0.8863636363636387,1.123989480861011,3.1392857142857173,13,3,2,1,1,1,-245.0,245.0,-3.05403385709441,4.141069397042089,0.8863636363636387,14.144999999999966,0.4221069490972816,-8.753360318908499,-3.8881553841437535,0.0,2.0169115844110443,0.7218893510214734,300.0,0.1743243789966691,-12.892085313084849,-2.247404766175596,13.0,0.5,1.0,1.0,300.0,1.0,-2.1374288964732746,-1.592718998862342,-3.0261660978384497,London,YES,135.0,105.0,1788.0,0.4686800894854551,3.0261660978384497,2.669397042093248,0.7854711438614399,0.0,16.658985023572466,0.0,8378.636517605764,184.9147337616566,5294.970131744792,2080.1436311553543,2021,488,2.545482942831143,0.07,384.44000000000005
2021-12-30,2021,2021-06-28 04:30:00+00:00,EXECUTED,SELL,1771.91,M15,93.00000000000637,1382.9999999999927,-22.06,Sydney_Tokyo_Overlap,YES,CHoCH,EXECUTED,,221.75,0.0,221.75,-1,-1,1,0,0,3.7457142857142895,1.565810620223687,0.6465863453815293,3.1748739821636294,1.7157142857142682,4,0,0,0,0,0,12.400000000000093,109.70000000000029,-3.3093000262116377,6.411323896752772,0.6465863453815293,7.366428571428612,0.2113941614254837,-7.313373257738689,-7.960142085932786,0.0,1.0376504075559585,0.6207990247811683,300.0,0.0968285232158669,-4.90822983813902,-0.4752566468310549,11.0,0.5,1.0,1.0,300.0,1.0,-5.035803497085739,-5.385512073272333,-6.24812656119908,Sydney_Tokyo_Overlap,YES,150.0,270.0,1166.0,-0.0128644939965576,6.883430474604535,-0.0874271440465492,0.4157337884784561,0.0,16.930882494031863,0.0,236.18581079176064,3512.3115733868917,3106.472005729167,1537.9443900832766,2021,488,2.019885781150356,0.07,-154.42000000000002
2021-12-30,2021,2021-07-12 16:45:00+00:00,EXECUTED,SELL,1792.32,M15,66.99999999998454,2482.0000000000164,-129.34,London_NewYork_Overlap,YES,CHoCH,EXECUTED,,99.0,0.0,99.0,1,-1,0,0,0,4.612142857142852,2.9673307940228537,0.8396624472573727,2.65374781321491,2.9028571428571337,16,0,2,1,1,1,-200.0999999999999,200.0999999999999,-1.1037433089496669,4.1338582677165485,0.8396624472573727,9.257857142857103,0.2573280919223605,-0.940569453234222,-2.136845683585637,0.0,1.3888814088754848,0.6695232994108195,300.0,0.1619608743336644,-3.8812219686008578,-0.628606103517621,12.0,0.5,1.0,1.0,300.0,1.0,-3.930610236220513,-3.3794291338583378,-2.962598425196907,London_NewYork_Overlap,YES,105.0,135.0,1375.0,0.0,4.736712598425211,0.0,0.5165292549799759,0.0,16.73808248527049,0.0,168.21772897692958,6231.588109266244,3328.13987125,1155.7694232152808,2021,488,2.8795880946489447,0.07,-905.3800000000001
2021-12-30,2021,2021-07-14 15:00:00+00:00,EXECUTED,BUY,1826.8,M15,726.9999999999982,731.9999999999936,-11.59,London_NewYork_Overlap,YES,CHoCH,EXECUTED,,145.25,0.0,145.25,1,1,1,1,1,3.808571428571408,3.862084848086065,0.949136276391536,2.9226788735197533,2.2385714285714227,15,2,2,1,1,1,96.59999999999854,-96.59999999999854,0.814197010719171,4.913848117421838,0.949136276391536,8.772857142857154,0.2084832181175502,6.628336065926269,1.6954283820668388,0.0,1.6960994208075575,0.6021458287716225,300.0,0.122540586192874,7.709803274190208,0.9447638126510076,11.0,0.5,1.0,1.0,300.0,1.0,4.636885768985282,5.177409061901701,6.142310146777298,London_NewYork_Overlap,YES,0.0,240.0,1170.0,0.8452991452991475,0.808551372048478,4.417996171027395,0.4802308486346154,0.0,16.422158966498795,0.0,1790.8364352966892,1803.153054521552,3360.348251996528,1394.830579162618,2021,488,2.4091443808278865,0.07,-81.13000000000001
2021-12-30,2021,2021-07-20 15:30:00+00:00,EXECUTED,BUY,1822.32,M15,260.00000000001364,2763.999999999988,-125.88,London_NewYork_Overlap,YES,BoS_1,EXECUTED,,0.0,11.5,11.5,1,1,1,1,1,3.625714285714285,2.067334587804506,0.8648208469055465,2.027956003666361,2.532142857142812,15,1,2,1,1,1,31.899999999998272,-31.899999999998272,0.4851224290432399,5.133991537376679,0.8648208469055465,8.77000000000003,0.1989614494553253,3.0574427193318847,1.0080368356830944,0.0,1.3789296841775074,0.7133763554150754,300.0,0.138951603293758,3.063707362846652,0.4257070500904337,13.0,0.5,1.0,1.0,300.0,1.0,1.8087447108603705,2.491960507757428,2.1681241184767703,London_NewYork_Overlap,YES,30.0,210.0,1726.0,0.9049826187717208,0.6476727785614051,6.168688293371012,0.4812546643838639,0.0,16.46253127880943,0.0,642.0387198736015,6825.36546819436,3661.399965625,1108.9939305427715,2021,488,3.301550950628749,0.07,-881.1600000000001
2021-12-30,2021,2021-07-21 11:00:00+00:00,EXECUTED,SELL,1804.57,M15,1182.9999999999927,440.0000000000091,52.33,London,YES,BoS_1,EXECUTED,,0.0,17.25,17.25,-1,-1,1,0,0,2.9771428571428618,1.2355744258000407,0.6865671641790665,1.403972110712022,2.252142857142888,11,2,3,1,0,0,-91.70000000000071,91.70000000000071,-0.4821779869336368,7.992388201712545,0.6865671641790665,8.31928571428575,0.1649779646753998,-2.1487582473490616,-1.045911824360918,0.0,1.1409791517270012,0.9974675407437784,300.0,0.1248021887287768,-3.3552140098650507,-0.4187380520846141,18.0,0.5,1.0,1.0,300.0,1.0,-1.927053599746312,-3.476688867745026,-2.193466539803356,London,YES,0.0,240.0,632.0,0.4414556962025303,1.5673961306691704,1.2388201712654283,0.4610120812318585,0.0,16.624459012396304,0.0,2950.010251749706,1097.2142948181788,1172.0311093126084,1087.9240254293827,2021,488,1.077309703542975,0.01,52.33
2021-12-30,2021,2021-07-22 11:15:00+00:00,EXECUTED,SELL,1794.13,M15,139.00000000001,1616.9999999999843,-69.82,London,YES,BoS_2,EXECUTED,,0.0,41.5,41.5,-1,-1,1,0,0,2.737142857142885,1.5412653647634758,0.5387323943661599,1.9420118343195267,1.9250000000000032,11,3,3,1,0,0,-115.69999999999936,115.69999999999936,-1.0258476463756767,5.714285714285705,0.5387323943661599,7.897142857142886,0.1525610104698592,-5.446817493260662,-2.3305948380144543,0.0,0.9943083162151184,0.6131105326815782,300.0,0.1072943432192763,-6.058136166700852,-0.6500037411391125,11.0,0.5,1.0,1.0,300.0,1.0,-3.6831168831168335,-4.529870129870019,-2.3999999999999395,London,YES,15.0,225.0,641.0,-0.0015600624024947,3.335064935064849,-0.0051948051948004,0.4401655876186723,0.0,16.721196345861227,0.0,348.6369438112316,4055.7261736886007,3004.041162509766,1561.0691992374643,2021,488,1.9243484939534712,0.04,-279.28
2021-12-30,2021,2021-07-23 13:00:00+00:00,EXECUTED,SELL,1798.46,M15,882.9999999999927,1300.0,-23.98,London,YES,CHoCH,EXECUTED,,2.25,0.0,2.25,1,-1,0,0,0,3.2271428571428618,1.4425446128574628,0.7274401473296499,1.6244855480391691,2.326428571428567,13,4,2,1,1,1,-118.39999999999918,118.39999999999918,-0.7526173098480451,5.158120970218001,0.7274401473296499,8.307857142857122,0.1794392345196925,-2.919038368075711,-1.629243382251781,0.0,1.3051389535786369,0.6672375254384306,300.0,0.1293567035924383,-2.7450565127086213,-0.3550914616589417,12.0,0.5,1.0,1.0,300.0,1.0,-1.7494626957322448,-2.5532698802579343,-3.799815781393893,London,YES,120.0,120.0,1449.0,0.2587991718426499,4.616518268345115,1.6119128031931256,0.4619428368079981,0.0,16.680938135960766,0.0,2209.3902561079854,3252.7829365123494,3344.831563467882,1026.804570761207,2021,488,3.2575152650403947,0.07,-167.86
2021-12-30,2021,2021-08-04 15:15:00+00:00,EXECUTED,BUY,1824.17,M15,748.0000000000018,1776.9999999999982,-72.19,London_NewYork_Overlap,YES,CHoCH,EXECUTED,,160.5,0.0,160.5,1,1,1,1,1,3.1578571428571456,3.5258395334807964,0.6693017127799812,3.7748907925341806,2.0528571428572246,15,2,2,1,1,1,46.60000000000082,-46.60000000000082,0.6886211980082393,5.845511482254464,0.6693017127799812,6.156428571428543,0.1731119984901158,3.956762658910401,2.0404072201867667,0.0,1.270904274014641,0.6578334256127444,300.0,0.1125365038816132,5.490194353913399,0.6178472782199864,12.0,0.5,1.0,1.0,300.0,1.0,2.917884481558691,4.993041057759021,4.530271398747298,London_NewYork_Overlap,YES,15.0,225.0,2345.0,0.733475479744137,3.044537230340867,8.378566457898089,0.337492041390251,0.0,16.44583564031861,0.0,1845.2227588437524,4383.637489926921,3756.969956892361,841.6797346960976,2021,488,4.463657377053134,0.07,-505.33000000000004
2021-12-30,2021,2021-08-05 16:30:00+00:00,EXECUTED,SELL,1800.68,M15,3786.0000000000127,751.9999999999982,186.8,London_NewYork_Overlap,YES,BoS_1,EXECUTED,,0.0,22.5,22.5,-1,-1,1,0,0,3.827857142857153,3.2600885621188067,0.892380952380942,2.492680886658302,3.0107142857143083,16,3,2,1,1,1,-141.29999999999882,141.29999999999882,-0.6014352674804889,4.317912218268058,0.892380952380942,7.394285714285696,0.212578422754579,-2.865220830173824,-1.464634312621211,0.0,1.9483315392895588,0.7219494857498278,300.0,0.1671987407931619,-3.794309880667174,-0.634403834226604,13.0,0.5,1.0,1.0,300.0,1.0,-2.823250296559884,-3.162040332147064,-3.872835112692687,London_NewYork_Overlap,YES,90.0,150.0,1238.0,0.0,4.111981020166003,0.0,0.4106385206858351,0.0,16.660372748072948,0.0,9461.42568363066,1879.290045982624,3156.910910416667,1049.4243398576375,2021,488,3.0082310753769312,0.07,1307.6000000000001
2021-12-30,2021,2021-08-24 15:30:00+00:00,EXECUTED,BUY,1809.29,M15,22.00000000000273,2360.99999999999,-93.46,London_NewYork_Overlap,YES,BoS_1,EXECUTED,,0.0,24.25,24.25,1,1,1,1,1,2.858571428571411,2.518037808859688,0.9229480737018368,2.3267233238904628,2.085000000000004,15,1,2,1,1,1,28.69999999999891,-28.69999999999891,0.9861414388201268,9.112709832134277,0.9229480737018368,6.873571428571462,0.1579940987111746,8.63117279642838,2.595762424794764,0.0,0.9973127408566748,1.050135688585025,300.0,0.1152385742473569,6.413009824363038,0.7390261087938893,19.0,0.5,1.0,1.0,300.0,1.0,2.4508393285371177,2.23021582733806,2.5131894484412465,London_NewYork_Overlap,YES,30.0,210.0,549.0,1.0036429872495414,-0.0095923261390799,2.6426858513189355,0.3799043507990129,0.0,16.58108981976355,0.0,54.71759640522652,5872.192959669238,1175.096652259657,1093.920490447247,2021,488,1.0742066379789827,0.01,-93.46
2021-12-30,2021,2021-08-27 06:15:00+00:00,EXECUTED,BUY,1798.98,M15,2425.999999999999,1497.0000000000027,113.54,Sydney_Tokyo_Overlap,YES,BoS_1,EXECUTED,,0.0,12.25,12.25,1,1,1,1,1,3.407142857142877,0.4019504480759093,0.5714285714285958,1.1315902271753109,1.3171428571428283,6,4,0,0,0,0,8.600000000001273,-8.600000000001273,0.4046304185766836,9.869848156182426,0.5714285714285958,7.1764285714285405,0.1893930370066858,3.121965713002726,1.014323522022016,0.0,0.5773530639699401,0.722631713526554,300.0,0.0732160922935679,5.051521365174874,0.3698526544955738,13.0,0.5,1.0,1.0,300.0,1.0,0.8123644251626592,1.94360086767896,3.765726681128092,Sydney_Tokyo_Overlap,YES,255.0,165.0,918.0,0.666666666666675,2.3232104121475143,4.646420824295202,0.3989165288901789,0.0,16.6761164659974,0.0,6068.438781976452,3744.621952439723,1168.4005192545571,1082.048581663954,2021,488,1.0798041225263773,0.01,113.54
2021-12-30,2021,2021-08-27 17:30:00+00:00,EXECUTED,BUY,1807.06,M15,1618.0000000000064,148.00000000000182,65.54,London_NewYork_Overlap,YES,CHoCH,EXECUTED,,11.25,0.0,11.25,1,1,1,1,1,5.720000000000027,5.003910323253389,0.7767722473604759,1.4985334636921162,5.192857142857146,17,4,1,0,1,0,19.800000000000185,-19.800000000000185,0.8293947105988211,1.925722145804676,0.7767722473604759,9.367142857142817,0.3165362522550456,3.076708995951,1.600024712542777,0.0,2.949390724852309,0.5533850563899373,300.0,0.287364954282489,2.4512799357428774,0.7044119466683345,10.0,0.5,1.0,1.0,300.0,1.0,2.85584594222832,3.0291609353507583,2.3070151306740048,London_NewYork_Overlap,YES,150.0,90.0,2003.0,0.918622066899645,0.3138927097661831,3.543328748280577,0.5183636878212575,0.0,16.60155169169812,0.0,4029.196595575149,368.5544475557028,3741.8820439626734,1454.2566252656502,2021,488,2.5730548370574833,0.07,458.7800000000001
2021-12-30,2021,2021-09-01 15:45:00+00:00,EXECUTED,BUY,1819.33,M15,63.000000000010914,1060.99999999999,-29.69,London_NewYork_Overlap,YES,CHoCH,EXECUTED,,23.75,0.0,23.75,-1,1,0,1,1,3.257142857142884,3.192551667689789,0.6597222222222019,2.34386691993323,1.9114285714285708,15,2,2,1,1,1,-7.000000000000455,7.000000000000455,1.3076641179969772,6.278026905829599,0.6597222222222019,5.874999999999984,0.1790297998242695,5.510537766294999,4.049485208162463,0.0,1.275641225349041,0.6595834730367773,300.0,0.1050622246337152,3.713760076738274,0.3901758954179999,12.0,0.5,1.0,1.0,300.0,1.0,3.536621823617336,4.206278026905812,3.2436472346785306,London_NewYork_Overlap,YES,45.0,195.0,945.0,1.0052910052910005,-0.0261584454409328,4.970104633781766,0.3229210753409213,0.0,16.48958682591943,0.0,155.82659550496564,2624.3177433450533,3203.235068536241,878.4402261468933,2021,488,3.6465031691303653,0.07,-207.83000000000004
2021-12-30,2021,2021-09-03 15:30:00+00:00,EXECUTED,BUY,1819.36,M15,1459.0000000000146,70.9999999999809,43.72,London_NewYork_Overlap,YES,CHoCH,EXECUTED,,71.5,0.0,71.5,-1,1,0,1,1,2.9621428571428754,6.421237822650526,0.3372781065088671,7.571914225941423,2.2785714285714027,15,4,2,1,1,1,45.79999999999927,-45.79999999999927,1.199471575109157,5.266457680250843,0.3372781065088671,6.58500000000002,0.1628123547369886,4.638762708958565,3.314002437191479,0.0,1.6604265017092623,0.6595725969571719,300.0,0.1252402728746044,3.045419949604845,0.3814092255062748,12.0,0.5,1.0,1.0,300.0,1.0,2.0670846394983724,1.9134796238244287,2.668338557993729,London_NewYork_Overlap,YES,30.0,210.0,1919.0,0.2673267326732604,6.170532915360647,2.251410658307184,0.3619404625802491,0.0,16.489314923929292,0.0,3608.686571101962,175.61120393979976,3655.452742361111,1120.2842352664138,2021,488,3.2629690102635527,0.07,306.04
2021-12-30,2021,2021-09-08 16:30:00+00:00,EXECUTED,SELL,1792.0,M15,956.9999999999936,890.0000000000091,-15.95,London_NewYork_Overlap,YES,CHoCH,EXECUTED,,32.25,0.0,32.25,-1,-1,1,0,0,3.949999999999964,4.076583932070542,0.743197278911561,2.8378018229305475,2.474999999999958,16,2,2,1,1,1,-101.099999999999,101.099999999999,-0.4399301916075008,5.6565656565657525,0.743197278911561,7.265714285714255,0.2204241071428551,-4.174523216279205,-1.0850342751719453,0.0,2.717066525042141,0.78125,300.0,0.1381138392857119,-5.730455493759767,-0.7914552090990614,14.0,0.5,1.0,1.0,300.0,1.0,-1.894949494949549,-3.1676767676767885,-2.8484848484848784,London_NewYork_Overlap,YES,90.0,150.0,1612.0,0.4224565756823816,3.761616161616204,2.7515151515151763,0.4054528061224473,0.0,16.741071428571427,0.0,2403.1808035714125,2234.9330357143085,3562.8864444444444,950.7488187706336,2021,488,3.7474529277369357,0.07,-111.65
2021-12-30,2021,2021-09-14 17:30:00+00:00,EXECUTED,BUY,1806.15,M15,242.99999999998363,1479.000000000019,-69.58,London_NewYork_Overlap,YES,BoS_1,EXECUTED,,0.0,105.0,105.0,1,1,1,1,1,5.351428571428544,3.6168307967770814,0.8086070215175509,1.9140660334690185,5.48071428571432,17,1,1,0,1,0,23.80000000000109,-23.80000000000109,0.4324382488853522,2.371953603544883,0.8086070215175509,8.062142857142817,0.2962892656439688,1.3842404011910894,0.968785045197126,0.0,2.3577628822425183,0.7197630318633557,300.0,0.3034473485432726,2.5369784923182714,0.7698393968052889,13.0,0.5,1.0,1.0,300.0,1.0,2.1931447934314963,1.320995699204998,3.632738172813755,London_NewYork_Overlap,YES,150.0,90.0,2332.0,0.9408233276157854,0.2517919979147429,4.003127850905758,0.4463717220132777,0.0,16.609916119923593,0.0,605.4314425711742,3684.9098912050968,3719.856859635417,1368.5652454135236,2021,488,2.7180705283155357,0.07,-487.06000000000006
2021-12-30,2021,2021-09-16 12:45:00+00:00,EXECUTED,SELL,1777.89,M15,3265.000000000009,251.99999999999812,69.98,London,YES,CHoCH,EXECUTED,,43.25,0.0,43.25,1,-1,0,0,0,3.382857142857136,1.5042346100366577,0.8921775898519627,1.6003796867584243,2.0085714285714533,12,3,3,1,0,0,-306.8999999999983,306.8999999999983,-1.12017743746938,3.9829302987197233,0.8921775898519627,9.188571428571436,0.1902737032581957,-5.950824411461621,-2.167423173214714,0.0,2.233477643238856,0.4499715955430313,300.0,0.1129750113095553,-8.197083484377929,-0.9260655993529656,8.0,0.5,1.0,1.0,300.0,1.0,-2.8627311522048013,-3.425320056898903,-4.192034139402431,London,YES,105.0,135.0,1240.0,0.3435483870967772,4.052631578947255,2.120910384068248,0.5168245183094249,0.0,16.873934832863675,0.0,8264.009584395008,637.8347366822422,3411.370807584636,457.3093501344268,2021,488,7.459656809076522,0.07,489.86000000000007
2021-12-30,2021,2021-09-20 05:15:00+00:00,EXECUTED,SELL,1744.69,M15,112.00000000001182,2235.99999999999,-116.2,Sydney_Tokyo_Overlap,YES,BoS_1,EXECUTED,,0.0,88.5,88.5,-1,-1,1,0,0,4.834285714285703,1.042208648016778,0.5778401122019394,2.9200040555611886,1.88285714285712,5,0,0,0,0,0,26.200000000001182,227.79999999999973,-2.8107463668418657,4.248861911987913,0.5778401122019394,9.18928571428572,0.2770856550037945,-8.253413884355172,-5.336520412181472,0.0,0.8992720869865127,0.4585341808573442,300.0,0.1079192947089236,-10.36740806827731,-1.1188433666880917,8.0,0.5,1.0,1.0,300.0,1.0,-3.8505311077390463,-4.047040971168429,-5.003034901365686,Sydney_Tokyo_Overlap,YES,195.0,225.0,1017.0,0.0,5.401365705614553,0.0,0.5267001997080123,0.0,17.195031782150412,0.0,288.8765339401574,5767.213659733222,3122.649607459852,1833.264419586529,2021,488,1.703327449165314,0.04,-464.8
2021-12-30,2021,2021-09-22 21:45:00+00:00,EXECUTED,SELL,1767.02,M15,2115.000000000009,953.9999999999964,95.95,NewYork,YES,CHoCH,EXECUTED,,64.5,0.0,64.5,-1,-1,1,0,0,4.831428571428562,4.076422571867976,0.4017341040462478,2.9101036114272025,4.432142857142854,21,2,1,0,1,0,-201.9000000000005,201.9000000000005,-1.3040087869416574,3.3843674456083823,0.4017341040462478,7.987857142857138,0.2734224044678929,-2.147941984433299,-2.884640480535016,0.0,1.9075536964041508,0.8488868264083034,300.0,0.2508258456125485,-1.0856382051916995,-0.2723061208464975,15.0,0.5,1.0,1.0,300.0,1.0,-4.230459307010478,-2.005801772763924,-2.5495568090249714,NewYork,YES,165.0,195.0,1930.0,0.0284974093264225,4.230459307010478,0.1240934730056304,0.4520524466535262,0.0,16.977736528166066,0.0,5386.186913560708,2429.514097180555,3292.9054256684026,1059.235033331344,2021,488,3.1087580395750884,0.07,671.6500000000001
2021-12-30,2021,2021-09-28 09:15:00+00:00,EXECUTED,SELL,1743.38,M15,1528.00000000002,131.99999999999363,25.16,Asia,YES,CHoCH,EXECUTED,,196.0,0.0,196.0,-1,-1,1,0,0,2.829285714285707,1.806069578090304,0.7898686679174234,2.798992866135124,1.599285714285754,9,1,3,1,0,0,-145.19999999999982,145.19999999999982,-2.276651301068408,3.126395712371517,0.7898686679174234,8.386428571428578,0.1622873793599621,-7.500985052992085,-4.732727777326714,0.0,1.5157922604512473,0.2867992061397973,300.0,0.0917347746495746,-6.157513298609612,-0.5648580948497115,5.0,0.5,1.0,1.0,300.0,1.0,-2.8575256811075267,-5.227333631085114,-4.026797677534406,Asia,YES,15.0,45.0,579.0,0.0880829015544389,3.301473872264305,0.3188923626620312,0.4810442113267662,0.0,17.207952368387843,0.0,3944.062682834545,340.7174568940629,2919.0667799414064,929.9484451870676,2021,488,3.138955492693156,0.07,176.12000000000003
2021-12-30,2021,2021-09-29 19:15:00+00:00,EXECUTED,SELL,1726.89,M15,524.0000000000009,3722.999999999979,-188.75,NewYork,YES,BoS_1,EXECUTED,,0.0,34.0,34.0,-1,-1,1,0,0,4.824285714285679,1.0875129398113914,0.4450867052022969,0.5670494208103596,3.769999999999965,19,2,1,0,1,0,-185.8999999999992,185.8999999999992,-3.0392768312187792,1.3262599469496144,0.4450867052022969,8.70571428571431,0.2793626527622303,-6.198986304802049,-6.028795104930043,0.0,2.0505953920640767,0.2895378397002704,300.0,0.2183115311340018,-3.881657127631356,-0.847410510870413,5.0,0.5,1.0,1.0,300.0,1.0,-1.0397877984084567,-1.2307692307692082,-2.657824933687022,NewYork,YES,15.0,345.0,774.0,0.5116279069767483,1.0026525198939011,1.050397877984104,0.5041267414667008,0.0,17.372270382016225,0.0,1365.4604520264777,9701.544394836908,3213.212755371094,1071.4530484240456,2021,488,2.9989300605353364,0.07,-1321.2500000000002
2021-12-30,2021,2021-10-06 10:00:00+00:00,EXECUTED,SELL,1748.59,M15,263.99999999998727,1832.0000000000164,-87.77,Tokyo_London_Overlap,YES,CHoCH,EXECUTED,,55.0,0.0,55.0,1,-1,0,0,0,2.745000000000037,2.037953463421176,0.6934306569343375,2.9643473260494537,2.1528571428571337,10,2,3,1,0,0,-143.70000000000118,143.70000000000118,-1.4039680156770116,2.32249502322496,0.6934306569343375,8.654285714285688,0.1569836268078873,-2.5383217120030714,-2.836703702167169,0.0,1.3699088288215977,0.2859446754241989,300.0,0.1231196073897902,-4.081223927563004,-0.5024786876313749,5.0,0.5,1.0,1.0,300.0,1.0,-1.5978765759787978,-1.2123424021234883,-1.7465162574651658,Tokyo_London_Overlap,YES,0.0,60.0,390.0,0.0256410256410017,1.765096217651054,0.0464499004644569,0.4949293839199405,0.0,17.156680525451936,0.0,679.4045488078639,4714.655808394234,3122.707953610026,961.644922171924,2021,488,3.24725673854465,0.07,-614.3900000000001
2021-12-30,2021,2021-10-07 15:30:00+00:00,EXECUTED,SELL,1755.07,M15,309.9999999999909,2620.0000000000045,-118.18,London_NewYork_Overlap,YES,CHoCH,EXECUTED,,5.25,0.0,5.25,1,-1,0,0,0,3.784285714285732,2.207533348097924,0.834545454545481,2.401121748380234,2.091428571428553,15,3,2,1,1,1,-118.40000000000146,118.40000000000146,-0.9801409663228768,2.390710382513682,0.834545454545481,7.564285714285721,0.2156202153923052,-0.3995758596170324,-2.274128808375832,0.0,1.1312608514824032,0.2848889218093865,300.0,0.1191649661511252,-2.0197022296973546,-0.2406777478372374,5.0,0.5,1.0,1.0,300.0,1.0,-3.064890710382579,-3.959016393442644,-2.577185792349797,London_NewYork_Overlap,YES,30.0,210.0,884.0,0.2115384615384511,3.332650273224085,0.8941256830600648,0.4309962402802008,0.0,17.093335308563194,0.0,794.8400918481651,6717.680776265346,3047.104696154514,1134.1823989894028,2021,488,2.6866090488351726,0.07,-827.2600000000001
2021-12-30,2021,2021-10-14 11:00:00+00:00,EXECUTED,BUY,1794.64,M15,592.9999999999836,1098.0000000000018,-34.72,London,YES,CHoCH,EXECUTED,,21.75,0.0,21.75,1,1,1,1,1,2.77357142857144,0.9985514244326412,0.2946428571428925,1.73069460613116,1.7142857142857306,11,3,3,1,0,0,8.200000000001637,-8.200000000001637,1.3473962699471205,2.916666666666639,0.2946428571428925,9.630714285714296,0.1545475097273793,11.000743891913952,2.510811939966667,0.0,1.1280255375735824,0.2786074087282129,300.0,0.0955225401353881,10.443718213072671,0.9976104921709188,5.0,0.5,1.0,1.0,300.0,1.0,1.4408333333333354,0.4958333333334082,2.339166666666639,London,YES,0.0,240.0,596.0,0.1107382550335701,3.091666666666611,0.3850000000000441,0.5366376702689284,0.0,16.716444523692772,0.0,1486.927740382431,2753.198413052204,3212.050216102431,1272.4039762108448,2021,488,2.5243949847341374,0.07,-243.04000000000002
2021-12-30,2021,2021-10-18 09:00:00+00:00,EXECUTED,SELL,1762.39,M15,208.00000000001543,1769.9999999999818,-88.12,Asia,YES,BoS_1,EXECUTED,,0.0,69.25,69.25,-1,-1,1,0,0,2.747142857142844,1.6036087100278684,0.8442503639010257,3.4481681118662606,1.6264285714285214,9,0,3,1,0,0,-96.49999999999864,96.49999999999864,-0.522457161226546,3.074220465524908,0.8442503639010257,7.179285714285681,0.1558759898287463,-2.955165526489893,-1.2825416246380252,0.0,1.4647726090123845,0.2837056497143084,300.0,0.0922853949142086,-9.754223780997677,-0.9001723937109355,5.0,0.5,1.0,1.0,300.0,1.0,-3.848924022837179,-3.578392621870954,-3.5353535353536443,Asia,YES,0.0,60.0,580.0,0.0,3.566095740008865,0.0,0.4073607836112143,0.0,17.022338982858503,0.0,531.0969762652247,4519.430999948887,2950.896592998047,1022.0874514630256,2021,488,2.8871273086995695,0.07,-616.8400000000001
2021-12-30,2021,2021-10-20 15:30:00+00:00,EXECUTED,BUY,1786.82,M15,262.0000000000118,1189.9999999999864,-19.79,London_NewYork_Overlap,YES,BoS_1,EXECUTED,,0.0,34.75,34.75,1,1,1,1,1,3.2514285714285864,2.661671083493253,0.7416798732170962,2.20961163326831,2.2221428571428823,15,2,2,1,1,1,-16.200000000001182,16.200000000001182,0.8411205406723975,2.250080360012832,0.7416798732170962,7.630000000000028,0.1819673258318457,4.733973935146908,1.969765405615004,0.0,1.1500685937670727,0.2798267312879865,300.0,0.1243629944338479,5.652637049413744,0.7029788699128042,5.0,0.5,1.0,1.0,300.0,1.0,3.267116682738628,3.343619414978995,3.739633558341304,London_NewYork_Overlap,YES,30.0,210.0,849.0,1.0,0.0,3.820636451301793,0.4270155919454689,0.0,16.789603877279188,0.0,659.8314323771019,2996.944292094301,3145.9957705099823,1004.8390811522617,2021,488,3.1308453557582863,0.07,-138.53
2021-12-30,2021,2021-10-22 09:30:00+00:00,EXECUTED,BUY,1792.76,M15,2102.9999999999973,980.9999999999944,-0.16,Asia,YES,BoS_2,EXECUTED,,0.0,76.75,76.75,1,1,1,1,1,2.835714285714289,1.583169692035059,0.995575221238942,2.861581920903955,1.2528571428571402,9,4,3,1,0,0,33.19999999999936,-33.19999999999936,1.0941440861477283,3.9908779931585032,0.995575221238942,7.197142857142889,0.158175901164366,6.040154659618851,2.725439512341276,0.0,1.2692009698901188,0.2788995738414511,300.0,0.0698842646454149,8.404101677071841,0.5873144657074638,5.0,0.5,1.0,1.0,300.0,1.0,4.7970353477765135,4.1984036488027385,4.166476624857499,Asia,YES,30.0,30.0,606.0,0.9966996699669995,0.0159635119726194,4.820980615735443,0.4014560151466392,0.0,16.73397443048707,0.0,5278.73223409714,2462.4043374461585,3156.4541350217014,1501.4904464670117,2021,488,2.102213931796102,0.07,-1.12
2021-12-30,2021,2021-11-03 15:15:00+00:00,EXECUTED,SELL,1769.03,M15,1096.0000000000036,2987.000000000012,-140.63,London_NewYork_Overlap,NO,BoS_1,EXECUTED,,0.0,119.5,119.5,-1,-1,1,0,0,4.43999999999999,3.794642082052885,0.7046511627906987,2.299532241897761,2.944285714285716,15,2,2,1,1,1,-166.20000000000118,166.20000000000118,-0.6606942091260787,1.6982047549733128,0.7046511627906987,6.620714285714306,0.2509850030807838,-4.399655018395819,-1.7653501213490397,0.0,1.5836916866216164,0.2826407692351175,300.0,0.1664350358267364,-5.9800990609640925,-0.995298001458992,5.0,0.5,1.0,1.0,300.0,1.0,-2.4012615235322428,-5.447840853954375,-4.771955361474993,London_NewYork_Overlap,NO,75.0,165.0,2388.0,0.3295644891122248,5.437651625424545,2.672974284327957,0.3742567557200446,0.0,16.958446154107055,0.0,2787.9685477352086,7598.231799347695,3643.406350746528,1039.5036879066597,2021,488,3.5049479796301415,0.07,-984.4100000000001
2021-12-30,2021,2021-11-05 15:15:00+00:00,EXECUTED,BUY,1801.66,M15,2438.999999999988,587.0000000000118,82.28,London_NewYork_Overlap,NO,BoS_1,EXECUTED,,0.0,26.5,26.5,1,1,1,1,1,4.518571428571461,3.5475206324022657,0.6561135371179133,2.3192239858906527,3.795714285714309,15,4,2,1,1,1,27.59999999999991,-27.59999999999991,1.1282862723657052,1.5807301467820754,0.6561135371179133,9.497857142857194,0.2508004522813106,3.1233140935416053,2.1402598658784235,0.0,1.912398722668774,0.333026209162661,300.0,0.2106787232726657,3.49022483377618,0.7353161119145174,6.0,0.5,1.0,1.0,300.0,1.0,2.9322544222807787,2.2314640572073703,1.9627399322544223,London_NewYork_Overlap,NO,75.0,165.0,2040.0,0.5455882352941206,2.4422280767783016,2.9322544222807787,0.5271725599090391,0.0,16.651310458133054,0.0,6091.881931107948,1466.1478858386452,3730.7002552907984,1511.1733130213331,2021,488,2.4687441361916984,0.07,575.96
2021-12-30,2021,2021-11-08 15:15:00+00:00,EXECUTED,BUY,1823.62,M15,674.0000000000009,584.9999999999909,14.27,London_NewYork_Overlap,NO,BoS_2,EXECUTED,,0.0,98.5,98.5,1,1,1,1,1,3.972142857142834,2.337090623598026,0.8762035763411151,2.500635065792816,2.145714285714267,15,0,2,1,1,1,21.399999999998727,-21.399999999998727,2.2022242929262097,2.3302263648468915,0.8762035763411151,9.21071428571432,0.2178163683850163,7.65971868825824,4.36016159061071,0.0,1.0802353429606244,0.274179927835843,300.0,0.117662357602695,8.895207006554418,1.0466310277552042,5.0,0.5,1.0,1.0,300.0,1.0,2.437416777629751,3.5699067909453697,2.9920106524633363,London_NewYork_Overlap,NO,75.0,165.0,853.0,0.8980070339976411,0.4054593874834142,3.5699067909453697,0.5050785956347442,0.0,16.45079567015058,0.0,1663.1754422522258,1443.557320055691,3381.443823242188,1967.1346271567368,2021,488,1.718969193343757,0.04,57.08
2021-12-30,2021,2021-11-26 18:30:00+00:00,EXECUTED,SELL,1785.56,M15,791.9999999999845,1383.0000000000157,-25.18,NewYork,NO,CHoCH,EXECUTED,,13.5,0.0,13.5,1,-1,0,0,0,7.720000000000011,1.4563959289562962,0.6675110829639004,1.351124067948646,5.257857142857168,18,4,1,0,1,0,-299.9000000000001,299.9000000000001,-1.4159358186943565,3.6136394511615095,0.6675110829639004,9.125714285714253,0.432357355675531,-4.082860105626249,-2.770455310425067,0.0,1.7039195088636074,1.064091937543404,300.0,0.2944654418141741,-2.354342968591442,-0.6932726424283734,19.0,0.5,1.0,1.0,300.0,1.0,-2.2899062627360234,-2.443961418285573,-3.9940225512837735,NewYork,NO,30.0,3270.0,1395.0,0.0207885304659471,2.59801657383508,0.0551555495177213,0.511084157671221,0.0,16.801451645422166,0.0,1996.0124554761144,3485.461143842868,3315.587299427083,1455.6085805240668,2021,488,2.277801425320922,0.07,-176.26000000000002
2021-12-30,2021,2021-11-30 18:00:00+00:00,EXECUTED,SELL,1779.95,M15,1013.0000000000108,1446.0000000000036,-40.72,NewYork,NO,CHoCH,EXECUTED,,109.0,0.0,109.0,1,-1,0,0,0,7.112142857142836,2.893493576460837,0.3601562499999934,2.409922055002696,5.780714285714306,18,1,1,0,1,0,-287.89999999999964,287.89999999999964,-1.6071885302066669,1.210923019893731,0.3601562499999934,12.799999999999986,0.3995698113510399,-3.929931438342495,-2.234933769016687,0.0,2.8112035492884653,0.3932694738616253,300.0,0.3247683522410352,-2.1713361927880745,-0.7051812774931057,7.0,0.5,1.0,1.0,300.0,1.0,-3.821327072778917,-3.887062893858882,-2.759174595329295,NewYork,NO,0.0,300.0,1284.0,0.640965732087233,0.7974793031014256,1.423699493389347,0.7191213236326855,0.0,16.854406022641086,0.0,2561.02699514034,3655.720666310861,5115.762097732205,1391.9081834771769,2021,488,3.675358876727294,0.07,-285.04
2021-12-30,2021,2021-12-02 16:45:00+00:00,EXECUTED,SELL,1764.74,M15,276.9999999999982,1384.999999999991,-37.6,London_NewYork_Overlap,NO,BoS_1,EXECUTED,,0.0,46.75,46.75,-1,-1,1,0,0,4.697857142857125,2.594103835116097,0.7561307901907379,2.202449669153878,3.8050000000000312,16,3,2,1,1,1,-165.59999999999943,165.59999999999943,-2.2908521394364296,1.314060446780541,0.7561307901907379,11.99142857142858,0.2662067580979139,-7.028750413329768,-3.371373461024933,0.0,2.05587179541641,0.2833278556614572,300.0,0.2156124981583707,-4.304544358696108,-0.9281135626119896,5.0,0.5,1.0,1.0,300.0,1.0,-3.3061760840998224,-3.132720105124829,-3.5321944809461088,London_NewYork_Overlap,NO,165.0,75.0,1570.0,0.0,4.126149802890911,0.0,0.6795011486920781,0.0,16.999671339687435,0.0,706.3363441640082,3531.681720820041,3839.3511868055552,1425.5498177821642,2021,488,2.6932423819314324,0.07,-263.20000000000005
2021-12-30,2021,2021-12-07 15:30:00+00:00,EXECUTED,SELL,1774.21,M15,146.00000000000364,1894.0000000000048,-66.4,London_NewYork_Overlap,NO,CHoCH,EXECUTED,,118.75,0.0,118.75,-1,-1,1,0,0,3.370714285714306,2.398787007221684,0.6291079812206446,2.6309425932195194,2.028571428571435,15,1,2,1,1,1,18.60000000000128,105.0,-1.5049724674020102,2.464788732394358,0.6291079812206446,8.019285714285713,0.1899839526163366,-4.108303789325318,-3.329644679740847,0.0,0.9877472024166756,0.2818155686192727,300.0,0.1143366021255339,-2.732343123987721,-0.3124068286378224,5.0,0.5,1.0,1.0,300.0,1.0,-4.589436619718268,-4.461267605633766,-3.5098591549295124,London_NewYork_Overlap,NO,90.0,150.0,923.0,-0.0043336944745355,4.569718309859131,-0.0197183098591369,0.4519919126983678,0.0,16.908934117156367,0.0,370.3056571657337,4803.828182684138,2970.6876708691407,1632.975527106638,2021,488,1.8191868901628347,0.04,-265.6
2021-12-30,2021,2021-12-08 16:30:00+00:00,EXECUTED,SELL,1780.6,M15,680.9999999999945,704.0000000000191,19.57,London_NewYork_Overlap,NO,CHoCH,EXECUTED,,12.5,0.0,12.5,1,-1,0,0,0,3.892857142857143,2.1682002876412025,0.4590643274854487,1.3845418326693226,2.9449999999999688,16,2,2,1,1,1,-125.50000000000182,125.50000000000182,-1.0842600570329686,1.697792869269967,0.4590643274854487,6.805714285714316,0.2186261452800821,-1.821618235996522,-2.836782998083599,0.0,1.3811382583971858,0.2808042232955184,300.0,0.1653936875210585,-1.121043221484395,-0.1854134722717909,5.0,0.5,1.0,1.0,300.0,1.0,-0.9202037351443344,-1.1375212224109243,-1.7351443123939496,London_NewYork_Overlap,NO,150.0,90.0,601.0,-0.0033277870216274,2.0475382003396483,-0.0067911714770736,0.3822146627942444,0.0,16.848253397731103,0.0,1721.0490845782183,1779.1755588004528,2981.3869083984373,1234.7171676177993,2021,488,2.414631452926644,0.07,136.99
2021-12-30,2021,2021-12-09 14:00:00+00:00,EXECUTED,SELL,1779.05,M15,895.0000000000045,404.99999999999545,38.6,London_NewYork_Overlap,NO,BoS_1,EXECUTED,,0.0,21.5,21.5,-1,-1,1,0,0,3.066428571428576,1.651347829069209,0.750000000000071,1.2555957068119303,1.7228571428571513,14,3,2,1,1,1,-85.90000000000146,85.90000000000146,-1.1249668875639365,2.9021558872305,0.750000000000071,6.905000000000022,0.1723632596851452,-2.5678737626161743,-2.898439306764105,0.0,1.360913938381716,0.2810488743992581,300.0,0.0968414121501448,-2.85234835967262,-0.2762254430948456,5.0,0.5,1.0,1.0,300.0,1.0,-2.03150912106135,-2.252072968490931,-2.025704809286894,London_NewYork_Overlap,NO,0.0,240.0,692.0,0.5173410404624118,1.9386401326700584,2.077943615256996,0.3881284955453765,0.0,16.86293246395548,0.0,2263.848683286035,1024.423147185284,3132.31538460829,1098.4554258934863,2021,488,2.8515634870303974,0.07,270.20000000000005
2021-12-30,2021,2021-12-10 08:15:00+00:00,EXECUTED,SELL,1771.9,M15,180.0000000000182,1750.999999999999,-66.7,Asia,NO,BoS_2,EXECUTED,,0.0,39.75,39.75,-1,-1,1,0,0,2.80285714285716,1.2486338797814207,0.8316831683168332,1.8024548974380097,1.346428571428581,8,4,3,1,0,0,-77.79999999999973,77.79999999999973,-1.468684696518176,3.713527851458859,0.8316831683168332,5.975714285714291,0.1581837091741723,-4.806327039737477,-4.354897656305015,0.0,1.0963527807950544,0.2821829674360855,300.0,0.0759878419452892,-6.407702554447149,-0.4869074889397564,5.0,0.5,1.0,1.0,300.0,1.0,-4.114588859416389,-4.218567639257143,-4.9761273209547365,Asia,NO,15.0,45.0,518.0,-0.0057915057915007,3.8694960212199896,-0.0222811671087328,0.3372489579386133,0.0,16.930978046165134,0.0,457.1364072465048,4446.92138382527,2966.819871386719,1673.476599034729,2021,488,1.7728481372837828,0.04,-266.8
2021-12-30,2021,2021-12-14 15:15:00+00:00,EXECUTED,SELL,1779.9,M15,1347.0000000000027,148.00000000000182,49.58,London_NewYork_Overlap,NO,CHoCH,EXECUTED,,24.5,0.0,24.5,1,-1,0,0,0,3.225714285714276,3.513479533739246,0.8133874239350789,2.4455871801004543,1.5314285714285916,15,1,2,1,1,1,-96.29999999999882,96.29999999999882,-0.9201913745900828,3.264925373134285,0.8133874239350789,7.006428571428598,0.1812300851572715,-1.5486400485799847,-2.337636944322597,0.0,1.3526128344848436,0.280914658126861,300.0,0.086040146717714,-3.0951714910888906,-0.2663090092097737,5.0,0.5,1.0,1.0,300.0,1.0,-2.840485074626769,-2.9514925373133822,-3.25186567164176,London_NewYork_Overlap,NO,75.0,165.0,1709.0,0.7126974839087257,3.206156716417773,7.95335820895516,0.3936416973666272,0.0,16.85487948761166,0.0,3405.5284004719438,374.17832462498353,3576.169826822917,789.0641297726507,2021,488,4.532166261129246,0.07,347.06000000000006
2021-12-30,2021,2021-12-15 19:45:00+00:00,EXECUTED,SELL,1765.69,M15,1335.0000000000136,3328.9999999999964,-159.65,NewYork,NO,BoS_1,EXECUTED,,0.0,28.5,28.5,-1,-1,1,0,0,3.195000000000001,1.061768924774115,0.8137931034481375,0.5026069497069205,2.3192857142857,19,2,1,0,1,0,-80.0,80.0,-1.6330270147774206,2.1558361564521227,0.8137931034481375,6.461428571428606,0.1809490907237397,-4.947092509263296,-4.462510786658479,0.0,1.72144042411051,0.2831754158430981,300.0,0.131352939320362,-3.978210445369743,-0.5225496352342822,5.0,0.5,1.0,1.0,300.0,1.0,-0.5044656606097301,-0.7243609485678426,-1.2805666769325728,NewYork,NO,105.0,195.0,1642.0,0.2052375152253412,5.62673236834002,1.4530335694487817,0.3659435445309543,0.0,16.99052495058589,0.0,3402.352621354859,8484.218634075054,3504.368544884983,1109.4701500037097,2021,488,3.1585965110221896,0.07,-1117.5500000000002
2021-12-30,2021,2021-12-21 17:30:00+00:00,EXECUTED,SELL,1786.39,M15,139.00000000001,1341.9999999999843,-44.98,London_NewYork_Overlap,NO,BoS_1,EXECUTED,,0.0,27.75,27.75,-1,-1,1,0,0,3.702142857142868,2.3296212595638086,0.8214285714285439,1.6881827209533269,2.733571428571444,17,1,1,0,1,0,-141.29999999999882,141.29999999999882,-0.4675218660138346,1.8291089626339068,0.8214285714285439,6.787857142857141,0.2072415797862095,-0.9412975985364568,-1.230397706745066,0.0,1.4810130468150422,0.2798940880770716,300.0,0.1530220964387084,-3.2012809434422653,-0.4898667212548218,5.0,0.5,1.0,1.0,300.0,1.0,-2.1473739221321666,-3.233864645936717,-4.30572249804021,London_NewYork_Overlap,NO,210.0,30.0,1282.0,0.003120124805007,4.675202508492256,0.0146328717011411,0.3799762169994872,0.0,16.793645284624297,0.0,350.1475041844418,3380.5607957948314,3131.8580098958337,1150.1533848129905,2021,488,2.7229916037720994,0.07,-314.86
2021-12-30,2021,2021-12-27 17:30:00+00:00,EXECUTED,BUY,1812.33,M15,785.0000000000136,562.9999999999882,2.36,London_NewYork_Overlap,NO,BoS_2,EXECUTED,,0.0,123.0,123.0,1,1,1,1,1,2.588571428571413,2.6125689578052778,0.2884615384615048,1.482641374373658,2.168571428571421,17,0,1,0,1,0,5.399999999999636,-5.399999999999636,0.8995899919745463,3.689064558629788,0.2884615384615048,5.746428571428575,0.1428311305651516,6.275470105342898,2.8371603507984084,0.0,1.7304764681112943,0.4414207125633853,300.0,0.1196565431555743,3.466957398846924,0.4148441376136649,8.0,0.5,1.0,1.0,300.0,1.0,1.6370223978919476,1.6693017127799288,2.7852437417654734,London_NewYork_Overlap,NO,210.0,30.0,864.0,0.9976851851851872,0.009222661396566,3.974967061923546,0.3170740743368246,0.0,16.55327672112695,0.0,1949.148333912732,1397.9242190991413,3190.9103965527343,1426.2188018426743,2021,488,2.237321785710635,0.07,16.52
2021-12-30,2021,2021-12-30 16:30:00+00:00,EXECUTED,BUY,1807.4,M15,980.9999999999944,260.00000000001364,45.54,London_NewYork_Overlap,NO,BoS,EXECUTED,,30.5,0.0,30.5,-1,1,0,1,1,3.0199999999999982,2.8325621746674376,0.7198748043818823,2.7661821656691647,2.2099999999999875,16,3,2,1,1,1,16.800000000000637,-16.800000000000637,0.5362331160135829,8.597285067873353,0.7198748043818823,7.048571428571433,0.1670908487329865,2.2200679464288675,1.3750129990232358,0.0,1.9198274164971447,1.051233816532035,300.0,0.122275091291357,1.7855963289027006,0.2183339541260897,19.0,0.5,1.0,1.0,300.0,1.0,2.108597285067922,2.877828054298716,2.4253393665159084,London_NewYork_Overlap,NO,150.0,90.0,630.0,0.9984126984127,0.0045248868778239,2.846153846153949,0.3899840338924108,0.0,16.598428682084762,0.0,2442.458780568759,647.3387186013397,1173.869136121962,1097.9990235645023,2021,488,1.0690985246154023,0.01,45.54
2022-12-30,2022,2022-01-06 10:45:00+00:00,EXECUTED,SELL,1795.43,M15,893.0000000000064,1172.0000000000027,63.1,London,NO,CHoCH,EXECUTED,,999.0,0.0,0.0,0,-1,0,0,0,4.156428571428592,1.4176960342260343,0.6504559270516402,1.5232452142206017,2.384285714285689,10,3,3,1,0,0,-341.69999999999845,341.69999999999845,-1.6860427954820536,2.935889754343949,0.6504559270516402,7.510714285714292,0.2315004523389155,-5.839959721583111,-4.030471272286522,0.0,1.380782227683552,0.3898787477094623,300.0,0.1327974754953236,-7.215718219160895,-0.9582291633901794,7.0,0.5,1.0,1.0,300.0,1.0,-2.1641701617734785,-2.5080886758538385,-3.103654883163546,London,NO,45.0,195.0,762.0,0.1325459317585308,2.772318753744744,0.4236069502696231,0.4183239828739796,0.0,16.709089187548386,0.0,2238.1824966721224,2937.457879171013,1703.2873950775388,763.809611086664,2022,742,2.229989476898948,0.07,441.70000000000005
2022-12-30,2022,2022-01-19 15:15:00+00:00,EXECUTED,BUY,1823.94,M15,2314.9999999999864,186.0000000000128,212.18,London_NewYork_Overlap,NO,CHoCH,EXECUTED,,28.5,0.0,28.5,-1,1,0,1,1,2.969285714285726,2.600069405387294,0.8762088974855141,2.442177400513979,1.814999999999957,15,2,2,1,1,1,38.70000000000118,-38.70000000000118,0.1949256975518444,2.754820936639184,0.8762088974855141,5.984285714285696,0.1627951420707767,2.6937819626626363,0.5941106320241072,0.0,1.4992900006035788,0.2741318245117712,300.0,0.0995098522977705,4.27823975734378,0.4257270063477294,5.0,0.5,1.0,1.0,300.0,1.0,3.520661157024932,3.3774104683197,2.881542699724596,London_NewYork_Overlap,NO,75.0,165.0,1964.0,0.3355397148676228,7.190082644628244,3.630853994490524,0.3280966322513732,0.0,16.447909470706275,0.0,5711.53656370272,458.8966742327365,1806.9922825632907,996.8550443534084,2022,742,1.812693122032966,0.04,848.72
2022-12-30,2022,2022-01-28 11:00:00+00:00,EXECUTED,SELL,1791.14,M15,1084.0000000000146,194.9999999999818,22.54,London,NO,BoS_1,EXECUTED,,0.0,42.5,42.5,-1,-1,1,0,0,2.332142857142896,0.9066922975443356,0.8333333333333334,1.4524421593830334,1.6064285714286046,11,4,3,1,0,0,-82.79999999999973,82.79999999999973,-1.819353574224998,3.1124944419741465,0.8333333333333334,8.890714285714305,0.13020438699057,-14.216688716337634,-3.665303884721056,0.0,0.9700656154488402,0.2791518250946325,300.0,0.0896874935196916,-12.785208879630243,-1.1466733385397414,5.0,0.5,1.0,1.0,300.0,1.0,-1.4068474877723085,-3.025344597598808,-4.195642507781155,London,NO,60.0,180.0,1538.0,0.6879063719115787,2.9879946642951523,6.58603823921739,0.4963718238504139,0.0,16.749109505677946,0.0,2723.405205623271,489.9114530410343,1711.1510684940697,880.6485839020743,2022,742,1.9430577642129554,0.04,90.16
2022-12-30,2022,2022-02-02 05:45:00+00:00,EXECUTED,SELL,1797.73,M15,322.0000000000028,1303.9999999999964,-123.99,Sydney_Tokyo_Overlap,NO,CHoCH,EXECUTED,,22.75,0.0,22.75,1,-1,0,0,0,3.279285714285688,0.321503037912248,0.1296296296295204,1.0064888248017303,0.8571428571428571,5,2,0,0,0,0,-101.39999999999873,101.39999999999873,-1.208919036119262,18.666666666666668,0.1296296296295204,5.772142857142837,0.1824125822167782,-4.131425308179875,-3.765170184783769,0.0,0.350686646294319,0.8900112920182675,300.0,0.0476791763581214,-2.6285372565777534,-0.1253264914202634,16.0,0.5,1.0,1.0,300.0,1.0,-0.501666666666741,-1.365000000000085,-4.223333333333207,Sydney_Tokyo_Overlap,NO,285.0,135.0,378.0,0.050264550264565,4.188333333333238,0.2216666666667303,0.3210795201249819,0.0,16.687711725342517,0.0,806.0164763340505,3264.116413476987,1063.9844222161428,964.9286485379166,2022,742,1.1026560604541258,0.01,-123.99
2022-12-30,2022,2022-02-04 15:30:00+00:00,EXECUTED,SELL,1797.9,M15,575.9999999999991,1930.9999999999943,-139.7,London_NewYork_Overlap,NO,CHoCH,EXECUTED,,80.5,0.0,80.5,1,-1,0,0,0,3.5307142857143066,3.790242830458191,0.8881036513545295,4.280991147925628,2.730000000000018,15,4,2,1,1,1,-169.80000000000018,169.80000000000018,-1.0945950222152183,1.8315018315018192,0.8881036513545295,7.070714285714303,0.1963799035382561,-3.059687187599504,-2.783272397835166,0.0,1.6057720265340565,0.2781022303798876,300.0,0.1518438177874196,-2.870266578512455,-0.4358322353489656,5.0,0.5,1.0,1.0,300.0,1.0,-4.7948717948717325,-4.835164835164736,-4.981684981684915,London_NewYork_Overlap,NO,90.0,150.0,1820.0,0.1340659340659367,5.772893772893731,0.8937728937729078,0.3932762826472163,0.0,16.68613382279326,0.0,1441.6819622893352,4833.138661772053,1300.1555246691644,937.2259227022084,2022,742,1.3872381174867185,0.02,-279.4
2022-12-30,2022,2022-02-08 15:45:00+00:00,EXECUTED,BUY,1824.05,M15,850.9999999999991,387.9999999999882,22.13,London_NewYork_Overlap,NO,BoS_1,EXECUTED,,0.0,24.5,24.5,1,1,1,1,1,2.6035714285714,2.318747537826284,0.8061797752808806,2.047110356232959,1.7014285714285506,15,1,2,1,1,1,5.099999999999909,-5.099999999999909,0.3653698445488169,2.938706968933705,0.8061797752808806,7.156428571428576,0.1427357489417176,4.926935595688029,0.9312646081734473,0.0,1.0496123987666088,0.2741152928921904,300.0,0.0932775182384556,5.169508233676907,0.4821988985506444,5.0,0.5,1.0,1.0,300.0,1.0,2.4861460957179253,3.1209068010075627,3.743912678421476,London_NewYork_Overlap,NO,105.0,135.0,937.0,0.6744930629669168,1.7926112510495331,3.7145256087321656,0.3923373027838369,0.0,16.44691757353143,0.0,2099.4490282612846,957.2106027795,1357.4155360092943,1066.1215125209064,2022,742,1.2732277888283168,0.02,44.26
2022-12-30,2022,2022-02-11 20:30:00+00:00,EXECUTED,BUY,1850.09,M15,2407.0000000000164,52.99999999999727,66.65,NewYork,NO,BoS_1,EXECUTED,,0.0,27.0,27.0,1,1,1,1,1,5.407857142857146,2.213749754100664,0.8834412580943387,2.0878454070201644,2.940714285714324,20,4,1,0,1,0,81.69999999999845,-81.69999999999845,1.629962310758688,2.720427495749297,0.8834412580943387,9.482857142857126,0.2923023822007116,5.334180150526789,3.180029948867253,0.0,2.106871840893194,0.432411396202347,300.0,0.1589497962647397,6.962453602270955,1.1066805815836718,8.0,0.5,1.0,1.0,300.0,1.0,3.2407092543113407,3.1386932232207574,5.74350255040066,NewYork,NO,150.0,150.0,2934.0,0.5760054533060638,4.230264755890175,5.746903084770343,0.5125619371412811,0.0,16.215427357588013,0.0,5854.580047457191,128.91264749281802,2191.475238420398,1646.6818929867582,2022,742,1.330843101970042,0.02,133.3
2022-12-30,2022,2022-02-21 01:00:00+00:00,EXECUTED,BUY,1904.29,M15,969.0000000000056,1667.0000000000073,91.97,Sydney_Tokyo_Overlap,NO,BoS_1,EXECUTED,,0.0,57.75,57.75,1,1,1,1,1,4.945714285714287,0.4770156968415991,0.2956081081081044,0.6134326010590888,1.930714285714284,1,0,0,0,0,0,43.29999999999927,-43.29999999999927,3.660225103104008,45.57898631150578,0.2956081081081044,10.213571428571427,0.2597143442287827,8.982071544097822,6.82438078622694,0.0,0.7625707979897359,4.621144888646162,300.0,0.1013876187825532,8.84870144170874,0.8971487684925955,88.0,0.5,1.0,1.0,300.0,1.0,3.6463189049204434,3.780984091749888,4.4128745837957775,Sydney_Tokyo_Overlap,NO,0.0,420.0,1621.0,0.8124614435533648,1.574546799851999,6.821309655937891,0.5363453795677879,0.0,15.753903029475552,0.0,2289.829805334285,3939.2634525203794,2285.250488155556,1571.4802258409914,2022,742,1.4542025095686992,0.02,183.94
2022-12-30,2022,2022-02-21 20:15:00+00:00,EXECUTED,BUY,1900.19,M15,1378.9999999999964,880.9999999999945,59.45,NewYork,NO,CHoCH,EXECUTED,,19.25,0.0,19.25,1,1,1,1,1,4.297857142857164,0.8030816490723359,0.8162162162161511,0.8047804925063853,1.4957142857142731,20,0,1,0,1,0,15.299999999999727,-15.299999999999727,3.29202327081421,4.011461318051609,0.8162162162161511,9.259285714285722,0.2261803894798501,7.937153042645014,6.755887972348861,0.0,0.2758175480975722,0.315757897894421,300.0,0.0787139331179657,5.600145874717313,0.4408095078333504,6.0,0.5,1.0,1.0,300.0,1.0,2.0725883476600893,2.7679083094556773,3.209169054441257,NewYork,NO,135.0,285.0,931.0,0.5155746509129949,3.01528175740212,3.209169054441257,0.4872820988577838,0.0,15.787894894721056,0.0,3265.7260589730413,2086.3703103373746,1772.0326636755492,1541.0852737774298,2022,742,1.1498602276122156,0.01,59.45
2022-12-30,2022,2022-02-24 04:30:00+00:00,EXECUTED,BUY,1915.1,M15,5942.000000000007,3709.999999999991,306.96,Sydney_Tokyo_Overlap,NO,BoS_1,EXECUTED,,0.0,56.25,56.25,1,1,1,1,1,4.595000000000027,1.3083834006063877,0.3367875647667576,1.4030915576694412,1.938571428571436,4,3,0,0,0,0,11.199999999998909,-11.199999999998909,3.577216434320813,2.57921886514369,0.3367875647667576,11.203571428571438,0.2399352514229036,7.428887283443026,6.114770845211919,0.0,1.8204551921084025,0.2610829721685552,300.0,0.1012255980664944,6.701498116641568,0.6783631547985292,5.0,0.5,1.0,1.0,300.0,1.0,0.8408253500367819,1.392778187177499,2.249078850405246,Sydney_Tokyo_Overlap,NO,210.0,210.0,3409.0,0.1557641537107633,14.845983787767182,2.7391304347825702,0.5850123454948273,0.0,15.66497833011331,0.0,13962.195185630011,8717.560440708035,3655.3524359844473,1563.6920363178656,2022,742,2.337642164240959,0.07,2148.7200000000003
2022-12-30,2022,2022-03-08 16:30:00+00:00,EXECUTED,BUY,2028.23,M15,4207.000000000016,5219.0000000000055,299.42,London_NewYork_Overlap,NO,BoS_1,EXECUTED,,0.0,8.0,8.0,1,1,1,1,1,11.640714285714257,1.9903437760917704,0.707044107965765,2.019705608702913,6.951428571428551,16,1,2,1,1,1,73.39999999999918,-73.39999999999918,7.032493864519182,0.7192766132346918,0.707044107965765,23.27928571428573,0.5739346270252513,7.214600456793938,6.12712744106263,0.0,2.204575540662448,0.2465203650473565,300.0,0.3427337418058381,6.136061876561459,2.1030354469060613,5.0,0.5,1.0,1.0,300.0,1.0,1.8902589395807845,2.307439375256886,3.0842581175503665,London_NewYork_Overlap,NO,150.0,90.0,5741.0,0.3734541020728115,5.174475955610344,3.0842581175503665,1.1477636024654867,0.0,14.791221902841396,0.0,9334.000581788096,11579.308066639398,4667.593728161006,3243.200935684559,2022,742,1.4391935068851331,0.02,598.84
2022-12-30,2022,2022-04-05 16:15:00+00:00,EXECUTED,BUY,1938.29,M15,628.9999999999964,2313.999999999988,-250.51,London_NewYork_Overlap,YES,CHoCH,EXECUTED,,33.0,0.0,33.0,-1,1,0,1,1,4.7900000000000125,2.7601403264619755,0.6211849192100675,1.49267295240259,2.895714285714251,16,1,2,1,1,1,14.700000000000273,-14.700000000000273,0.8049459960080696,1.7266896891958767,0.6211849192100675,10.670000000000025,0.2471250432081893,1.2660978018450038,1.4622481486433716,0.0,2.010745913402639,0.2579593352903848,300.0,0.1493953064667439,3.040851860946081,0.4542889956860084,5.0,0.5,1.0,1.0,300.0,1.0,1.8682782437098884,4.178589047853991,3.2772570300937773,London_NewYork_Overlap,YES,75.0,165.0,1754.0,0.7069555302166414,1.7750370004933955,4.282190429205727,0.5504852215096825,0.0,15.477560117423089,0.0,1460.30779707886,5372.261116757526,1792.591665257845,1496.1548442233611,2022,742,1.1981324474395305,0.01,-250.51
2022-12-30,2022,2022-04-22 13:15:00+00:00,EXECUTED,SELL,1932.45,M15,2730.9999999999945,1401.9999999999982,-4.99,London,YES,BoS_1,EXECUTED,,0.0,25.25,25.25,-1,-1,1,0,0,4.434285714285726,1.3968200175096726,0.8692810457516229,1.589901278524033,3.330714285714261,13,4,2,1,1,1,-231.80000000000064,231.80000000000064,-0.3534821404763952,1.5011794981771502,0.8692810457516229,9.562857142857167,0.2294644474261029,-5.266285568875104,-0.7143122104190706,0.0,1.306627566539022,0.2587389065693808,300.0,0.1723570744761448,-5.612849293728276,-0.9674142837425016,5.0,0.5,1.0,1.0,300.0,1.0,-3.176495818142828,-3.026377868325113,-5.578383015226269,London,YES,135.0,105.0,1850.0,0.0,5.554364143255456,0.0,0.4948566401644113,0.0,15.52433439416285,0.0,6359.543584568799,3264.7675230924438,2453.2273274035133,1063.5398628583337,2022,742,2.306662319934396,0.07,-34.93000000000001
2022-12-30,2022,2022-05-02 08:00:00+00:00,EXECUTED,SELL,1882.98,M15,2838.000000000011,470.00000000000455,283.37,Sydney_Tokyo_Overlap,YES,CHoCH,EXECUTED,,98.0,0.0,98.0,-1,-1,1,0,0,5.292142857142868,0.7438342414683109,0.910652920962205,1.0315458914212303,2.4771428571428618,8,0,3,1,0,0,-368.4999999999991,368.4999999999991,-2.365877993260139,7.266435986159156,0.910652920962205,11.078571428571438,0.2810514640167643,-5.9889560868516645,-4.021187183267931,0.0,0.8242759053200958,0.9559315553006406,300.0,0.1315543902294693,-6.387176066506147,-0.8402610527174768,18.0,0.5,1.0,1.0,300.0,1.0,-1.0213379469434705,-2.280853517877772,-2.4221453287197185,Sydney_Tokyo_Overlap,YES,360.0,60.0,1624.0,0.0024630541871898,6.539792387543259,0.0161476355247834,0.5883531120124185,0.0,15.932192588344009,0.0,6782.334384858071,1123.2195774782635,2844.5005888996216,1097.1979861463212,2022,742,2.5925134978513182,0.07,1983.5900000000004
2022-12-30,2022,2022-05-09 11:30:00+00:00,EXECUTED,SELL,1865.52,M15,1388.9999999999873,595.0000000000045,38.81,London,YES,BoS_2,EXECUTED,,0.0,90.25,90.25,-1,-1,1,0,0,4.164999999999964,1.1086352369745376,0.7800687285223391,1.377701126103277,2.765714285714288,11,0,3,1,0,0,-270.39999999999964,270.39999999999964,-2.597078613413721,3.2541322314049563,0.7800687285223391,12.385714285714291,0.2232621467472856,-5.503842370612244,-3.911685659085229,0.0,1.230828484573378,0.482439212659205,300.0,0.1482543358267018,-4.916200238525782,-0.728848001153713,9.0,0.5,1.0,1.0,300.0,1.0,-1.536673553719007,-1.2691115702479296,-2.082644628099169,London,YES,30.0,210.0,1263.0,0.5890736342042747,1.8765495867768776,2.690082644628117,0.6639282498024299,0.0,16.081307088640166,0.0,3350.540331918148,1435.2566576611457,2393.287304525524,1546.6614192518985,2022,742,1.547389282964806,0.04,155.24
2022-12-30,2022,2022-05-17 18:15:00+00:00,EXECUTED,SELL,1821.06,M15,1374.000000000001,365.0000000000091,43.13,London_NewYork_Overlap,YES,CHoCH,EXECUTED,,8.5,0.0,8.5,1,-1,0,0,0,5.611428571428584,1.2715204784342151,0.4169381107491854,0.817020785885202,3.970714285714296,18,1,1,0,1,0,-149.9000000000001,149.9000000000001,-3.702076059217073,2.266594711279001,0.4169381107491854,11.633571428571438,0.3081407845666032,-3.9771942120844175,-5.795041247471587,0.0,1.3457275330081984,0.4942176534545814,300.0,0.218044121869367,-0.3299959100771857,-0.0719536684332625,9.0,0.5,1.0,1.0,300.0,1.0,-0.2065119625832391,-0.332433890987628,-2.8559093362115777,London_NewYork_Overlap,YES,195.0,45.0,1373.0,0.0131099781500246,3.412484259758929,0.0453318942255387,0.638835152524982,0.0,16.47392178181938,0.0,3395.275279232977,901.9472175546337,1741.711288562279,1480.9594197080594,2022,742,1.1760695569265642,0.01,43.13
2022-12-30,2022,2022-05-25 18:45:00+00:00,EXECUTED,SELL,1845.85,M15,506.9999999999936,1047.0000000000027,-11.26,London_NewYork_Overlap,YES,CHoCH,EXECUTED,,26.0,0.0,26.0,1,-1,0,0,0,4.584999999999988,1.3812043880085785,0.2976377952755999,0.9620470302337216,3.192857142857195,18,2,1,0,1,0,-238.20000000000164,238.20000000000164,-1.57250983634795,2.1923937360178614,0.2976377952755999,8.008571428571404,0.2483950483517072,-0.1159713255860401,-3.624388328569408,0.0,1.523782077865482,0.3792290814529891,300.0,0.1729748973566213,-3.224448691256882,-0.5577486814018512,7.0,0.5,1.0,1.0,300.0,1.0,-1.2778523489933162,-1.465771812080533,-2.132885906040288,London_NewYork_Overlap,YES,225.0,15.0,777.0,-0.2432432432432567,3.025503355704674,-0.5919463087248539,0.4338690266582552,0.0,16.25267491941382,0.0,1236.0159276214054,2552.482596093947,1549.3903406329343,1069.096216714672,2022,742,1.4492524773815065,0.02,-22.52
2022-12-30,2022,2022-05-31 03:45:00+00:00,EXECUTED,SELL,1846.53,M15,1317.0000000000073,1055.9999999999943,144.41,Sydney_Tokyo_Overlap,YES,CHoCH,EXECUTED,,155.0,0.0,155.0,1,-1,0,0,0,3.525000000000042,1.6727952898165666,0.8231046931407898,2.3736565286988336,1.7049999999999923,3,1,0,0,0,0,-174.30000000000064,174.30000000000064,-1.3140162609383854,2.346041055718486,0.8231046931407898,7.4964285714285745,0.1908986044093538,-1.0304316748551186,-3.2367018816910704,0.0,0.5675302540394932,0.2166225298262145,300.0,0.0923353533384235,-4.993742704561532,-0.4610989971068639,4.0,0.5,1.0,1.0,300.0,1.0,-2.95014662756598,-3.718475073313752,-5.583577712609985,Sydney_Tokyo_Overlap,YES,105.0,315.0,758.0,0.0,4.445747800586488,0.0,0.4059738304510934,0.0,16.246689736966093,0.0,3209.5335575376694,2573.475654335416,1152.831428519169,946.2453328035408,2022,742,1.2183219177457434,0.02,288.82
2022-12-30,2022,2022-06-07 02:15:00+00:00,EXECUTED,SELL,1839.42,M15,239.00000000001,1609.999999999991,-151.03,Sydney_Tokyo_Overlap,YES,CHoCH,EXECUTED,,153.0,0.0,153.0,-1,-1,1,0,0,3.451428571428583,0.4736337779670555,0.6403162055335606,1.2770083102493075,0.9328571428571552,2,1,0,0,0,0,-183.99999999999864,183.99999999999864,-1.4216499372315072,15.007656967840536,0.6403162055335606,7.835714285714305,0.1876367861297899,-3.442465724585338,-3.3372979567541674,0.0,0.4432073269282571,0.761109480162225,300.0,0.0507147439332591,-13.237763140621889,-0.6713497679257753,14.0,0.5,1.0,1.0,300.0,1.0,-2.3905053598774764,-1.3399693721286194,-2.9264931087289243,Sydney_Tokyo_Overlap,YES,15.0,405.0,514.0,0.237354085603124,4.202143950995184,1.307810107197562,0.4259883161928382,0.0,16.309488860619105,0.0,584.6951756532195,3938.741559839492,1484.7923582372266,843.5923364921749,2022,742,1.7600827959287648,0.04,-604.12
2022-12-30,2022,2022-06-10 14:30:00+00:00,EXECUTED,SELL,1836.0,M15,1086.999999999989,4277.999999999997,-237.48,London,YES,BoS_1,EXECUTED,,0.0,27.25,27.25,-1,-1,1,0,0,2.897142857142837,2.1364347514655706,0.9127134724857612,1.949714817832616,1.9407142857142747,14,4,2,1,1,1,-115.69999999999936,115.69999999999936,-1.4344381734365133,1.0305483989694575,0.9127134724857612,7.159999999999935,0.1577964519140978,-4.718111197608673,-3.678252076018802,0.0,2.0205669147219614,0.1089324618736383,300.0,0.1057033924680977,-6.037722425677229,-0.6382077431747953,2.0,0.5,1.0,1.0,300.0,1.0,-3.4781008465219188,-3.5244755244755024,-4.678689731321299,London,YES,210.0,30.0,985.0,-0.005076142131975,5.1012145748988615,-0.025763709974213,0.3899782135076217,0.0,16.33986928104575,0.0,2664.2156862744832,10485.294117647052,1153.4882285506706,897.2328386271777,2022,742,1.2856063430709688,0.02,-474.96
2022-12-30,2022,2022-06-13 22:00:00+00:00,EXECUTED,SELL,1822.47,M15,1729.9999999999957,907.9999999999928,188.09,NewYork,YES,CHoCH,EXECUTED,,79.5,0.0,79.5,-1,-1,1,0,0,7.2407142857142945,1.1953402516015947,0.7785388127853874,0.6525472238122495,2.712857142857128,22,0,0,0,0,0,-563.0999999999995,563.0999999999995,-2.146044584260692,2.211690363349143,0.7785388127853874,13.284999999999968,0.3973022483615255,-3.878596323306901,-2.943998399305677,0.0,1.0589330238650596,0.3292235263131903,300.0,0.1488560658258916,-10.223379346352084,-1.5218120289436472,6.0,0.5,1.0,1.0,300.0,1.0,-1.695629278567643,-2.3149025803054264,-2.735123749341801,NewYork,YES,180.0,180.0,1188.0,0.1936026936026917,3.5313322801474385,0.8478146392838215,0.7289557578451205,0.0,16.461176315659518,0.0,4271.675253913634,2242.0122141928086,2812.295672201543,1284.2834238605426,2022,742,2.189778066081248,0.07,1316.63
2022-12-30,2022,2022-06-14 17:15:00+00:00,EXECUTED,SELL,1813.2,M15,802.9999999999973,2333.999999999992,-213.19,London_NewYork_Overlap,YES,BoS_1,EXECUTED,,0.0,19.25,19.25,-1,-1,1,0,0,4.832857142857149,1.7255620094041793,0.2878787878787983,1.1612422095562778,3.717857142857123,17,1,1,0,1,0,-183.4999999999991,183.4999999999991,-2.560241334927476,1.882804995196936,0.2878787878787983,14.615714285714262,0.2665374554851725,-6.789226279664371,-3.176190706620424,0.0,1.5581516965967976,0.386057798367527,300.0,0.2050439633166293,-6.176614996145618,-1.2664776186906248,7.0,0.5,1.0,1.0,300.0,1.0,-1.6353506243996048,-1.7268011527377196,-1.0785782901056709,London_NewYork_Overlap,YES,135.0,105.0,919.0,0.1817192600652952,2.022670509125846,0.4491834774255743,0.8060729255302372,0.0,16.545334215751158,0.0,1992.88550628722,5792.52150893446,1754.766225008275,1409.7940762120988,2022,742,1.2446968352449483,0.02,-426.38
2022-12-30,2022,2022-06-23 21:15:00+00:00,EXECUTED,SELL,1823.18,M15,625.9999999999991,851.9999999999982,-81.55,NewYork,YES,CHoCH,EXECUTED,,46.75,0.0,46.75,-1,-1,1,0,0,5.6621428571428725,0.8982273201251303,0.7587131367291993,0.87528251489624,3.087857142857177,21,3,1,0,1,0,-228.599999999999,228.599999999999,-1.5268270149813996,0.6476983576220147,0.7587131367291993,9.377857142857156,0.3105641163869104,-2.459693563825987,-2.9683545342701643,0.0,0.8260595225575771,0.1096984389912131,300.0,0.1693665541996498,-3.60820565995369,-0.61110935947003,2.0,0.5,1.0,1.0,300.0,1.0,-1.800601434189183,-1.8848022206800417,-3.2676382142030374,NewYork,YES,135.0,225.0,1004.0,-0.0049800796812703,3.2676382142030374,-0.0161924589405356,0.5143681448270141,0.0,16.454765848681973,0.0,1545.102513191235,2102.9190754615515,1622.6521024540932,1248.978257584483,2022,742,1.2991836267768933,0.02,-163.1
2022-12-30,2022,2022-06-29 11:30:00+00:00,EXECUTED,SELL,1816.03,M15,446.0000000000037,1703.9999999999964,16.7,London,YES,BoS_1,EXECUTED,,0.0,134.25,134.25,-1,-1,1,0,0,2.421428571428578,1.1293755250630075,0.2785714285715271,0.9378781766841467,1.7707142857142668,11,2,3,1,0,0,-250.0,250.0,-1.6584744077358604,2.8237192416297194,0.2785714285715271,6.539285714285711,0.1333363750284179,-5.948547563768701,-4.605761867998665,0.0,1.1374185257496623,0.2753258481412752,300.0,0.0975046825060305,-4.344432853323129,-0.4236025460320402,5.0,0.5,1.0,1.0,300.0,1.0,-0.4800322710771293,-1.0843081887858534,-2.5695845098830192,London,YES,30.0,210.0,1235.0,0.1060728744939234,6.2347720855184,0.7398144413069557,0.3600868771047676,0.0,16.519550888476513,0.0,1105.157954439088,4222.397207094587,2264.964186166217,640.7110684567901,2022,742,3.5350789110317473,0.07,116.9
2022-12-30,2022,2022-06-30 12:30:00+00:00,EXECUTED,SELL,1811.62,M15,2185.99999999999,1348.0000000000018,198.77,London,YES,BoS_2,EXECUTED,,0.0,159.25,159.25,-1,-1,1,0,0,2.7407142857142617,1.0613273182663718,0.7408536585366109,1.1417421323860508,2.066428571428528,12,3,3,1,0,0,-214.50000000000043,214.50000000000043,-1.8086734828276725,1.9357068786727,0.7408536585366109,8.403571428571386,0.1512852742691216,-5.917727975755948,-3.8990910981252846,0.0,1.5407077472725257,0.2207968558527726,300.0,0.1140652328539388,-4.209027335792615,-0.4801036831457785,4.0,0.5,1.0,1.0,300.0,1.0,-2.100241963359949,-1.2920843415140622,-2.569650881438092,London,YES,90.0,150.0,1183.0,0.6331360946745417,2.100241963359949,3.624611130314524,0.4638705373406888,0.0,16.559764188957953,0.0,5429.946677559287,3348.384319007302,2047.544255956539,1203.2774490964018,2022,742,1.7016393496729596,0.04,795.08
2022-12-30,2022,2022-07-08 10:30:00+00:00,EXECUTED,SELL,1734.47,M15,151.99999999999818,1798.0000000000018,-87.57,Tokyo_London_Overlap,YES,CHoCH,EXECUTED,,49.75,0.0,49.75,-1,-1,1,0,0,3.2035714285714056,1.1481671931242194,0.8433734939759061,1.5471755881002194,2.221428571428549,10,4,3,1,0,0,-146.49999999999864,146.49999999999864,-5.167363779706454,3.601286173633477,0.8433734939759061,9.939999999999989,0.1847003077926632,-15.738007392396934,-9.01673788228115,0.0,0.8743463401913285,0.4612359971633986,300.0,0.1280753527837638,-7.060364133081115,-0.9042586271261968,8.0,0.5,1.0,1.0,300.0,1.0,-3.776848874598052,-4.136977491961481,-2.705466237942145,Tokyo_London_Overlap,YES,30.0,30.0,840.0,0.0,3.7813504823150894,0.0,0.5730857264755221,0.0,17.296349893627447,0.0,394.3567775747011,4664.825566311328,1176.9749839797232,958.272165955652,2022,742,1.2282262031538467,0.02,-175.14
2022-12-30,2022,2022-07-14 16:15:00+00:00,EXECUTED,SELL,1706.11,M15,850.0,1050.999999999999,-5.67,London_NewYork_Overlap,YES,CHoCH,EXECUTED,,24.75,0.0,24.75,-1,-1,1,0,0,5.794999999999992,2.7135254175078,0.2106299212598777,1.702207458208315,3.7399999999999767,16,3,2,1,1,1,-393.1000000000017,393.1000000000017,-5.649355833539576,1.60427807486632,0.2106299212598777,11.478571428571431,0.3396615693009239,-7.743797607788778,-8.396883306549025,0.0,2.2716168241169745,0.3516772072140718,300.0,0.2192121258301033,-5.679653409348201,-1.2450488978414134,6.0,0.5,1.0,1.0,300.0,1.0,-1.0989304812834633,-1.9144385026738304,-1.3262032085561677,London_NewYork_Overlap,YES,75.0,165.0,1392.0,0.4525862068965461,2.037433155080258,1.684491978609624,0.6727919904678733,0.0,17.58386036070359,0.0,2241.942195989708,2772.0955858649186,1835.7070925319736,1033.1292865501744,2022,742,1.7768415980750747,0.04,-22.68
2022-12-30,2022,2022-07-20 19:30:00+00:00,EXECUTED,SELL,1704.82,M15,2398.000000000002,1360.0000000000136,-4.0,NewYork,YES,CHoCH,EXECUTED,,172.0,0.0,172.0,-1,-1,1,0,0,4.189285714285721,1.1602844568345787,0.6854304635762173,0.582353654102533,2.240000000000009,19,2,1,0,1,0,-96.400000000001,96.400000000001,-4.57124137893895,3.124999999999987,0.6854304635762173,7.117857142857117,0.2457318493615584,-5.056973671451407,-10.948721744806644,0.0,1.550463801745472,0.410600532607548,300.0,0.1313921704344159,-2.6273812250020048,-0.3452173217116479,7.0,0.5,1.0,1.0,300.0,1.0,-1.3883928571429085,-0.9687500000000284,-1.7276785714286171,NewYork,YES,30.0,330.0,1277.0,0.7556773688331933,1.39285714285719,4.308035714285636,0.4175137048402246,0.0,17.59716568318063,0.0,6329.700496240077,3589.821799368884,1103.2119401774105,1048.5850136925558,2022,742,1.05209584895028,0.01,-4.0
2022-12-30,2022,2022-07-25 17:00:00+00:00,EXECUTED,SELL,1717.91,M15,425.0,1030.9999999999943,-21.92,London_NewYork_Overlap,YES,CHoCH,EXECUTED,,76.75,0.0,76.75,1,-1,0,0,0,4.538571428571426,2.294307551081452,0.7426710097719385,1.6600551131029888,2.6971428571428566,17,0,1,0,1,0,-183.6999999999989,183.6999999999989,-3.1216055322557605,2.224576271186441,0.7426710097719385,11.40357142857142,0.2641914552317307,-0.7166011587306829,-4.702594615649544,0.0,1.6441875401412973,0.3492616027614951,300.0,0.1570014061937387,-0.9989053002918769,-0.1568295368002034,6.0,0.5,1.0,1.0,300.0,1.0,-2.154131355932184,-2.532309322033872,-4.252648305084756,London_NewYork_Overlap,YES,120.0,120.0,1048.0,0.2070610687022966,3.0810381355932006,0.8045550847457899,0.6638049390580076,0.0,17.46308013807475,0.0,1113.2713588022657,2700.6653433532456,1395.365377413079,1293.9705260363576,2022,742,1.078359475224919,0.01,-21.92
2022-12-30,2022,2022-08-03 15:45:00+00:00,EXECUTED,BUY,1771.94,M15,1667.9999999999836,1760.0000000000136,110.4,London_NewYork_Overlap,YES,CHoCH,EXECUTED,,24.5,0.0,24.5,1,1,1,1,1,4.608571428571428,1.6620171805680155,0.4097560975610557,1.1730124466081844,2.7021428571428845,15,2,2,1,1,1,12.999999999999543,-12.999999999999543,0.3976140796421599,4.4409199048373855,0.4097560975610557,10.447857142857158,0.2600862009194119,4.847620676098133,0.6743471724848424,0.0,0.9427289331394072,0.6772238337641229,300.0,0.152496295424387,1.7518024367413052,0.2671433819184632,12.0,0.5,1.0,1.0,300.0,1.0,2.716362675125588,2.5794343113930585,3.952418715305297,London_NewYork_Overlap,YES,45.0,195.0,1462.0,1.0013679890560865,-0.0074015331747222,5.417922283901648,0.5896281557421333,0.0,16.93059584410307,0.0,4236.035080194547,4469.677302843245,1531.771937513195,1390.7219489193185,2022,742,1.1014221345276687,0.01,110.4
2022-12-30,2022,2022-08-04 08:15:00+00:00,EXECUTED,BUY,1773.39,M15,2155.9999999999945,427.0000000000209,226.25,Sydney_Tokyo_Overlap,YES,CHoCH,EXECUTED,,41.0,0.0,41.0,1,1,1,1,1,3.049285714285685,0.629707576428888,0.7941176470589121,0.8208114199849738,1.2878571428571084,8,3,3,1,0,0,5.900000000001455,-5.900000000001455,0.4704217959414196,10.870770937326968,0.7941176470589121,10.291428571428582,0.1719467073957609,7.044489889908675,0.8106175959094772,0.0,0.6449709447791717,0.7894484574741033,300.0,0.0726212024911107,5.428930120778129,0.3942554336111186,14.0,0.5,1.0,1.0,300.0,1.0,1.871325568497063,1.28896283971169,3.160288408208753,Sydney_Tokyo_Overlap,YES,375.0,45.0,984.0,1.0,0.0,7.640599001664211,0.5803251722085149,0.0,16.916752660159354,0.0,5470.877810295521,1083.5180078832598,1669.2119617887006,1262.7826302655196,2022,742,1.3218521713730913,0.02,452.5
2022-12-30,2022,2022-08-10 15:30:00+00:00,EXECUTED,BUY,1806.29,M15,20.000000000004547,2270.0000000000045,-132.1,London_NewYork_Overlap,YES,CHoCH,EXECUTED,,23.5,0.0,23.5,1,1,1,1,1,3.992142857142816,4.154470659595316,0.897580191333712,4.379729419857831,3.009285714285706,15,2,2,1,1,1,-15.799999999999272,15.799999999999272,2.020867268625536,3.3230477094706954,0.897580191333712,7.609999999999998,0.221013395254517,8.114070622537758,4.796678500191352,0.0,1.538843971587131,0.5536209578749813,300.0,0.1666003639662349,5.637026579619478,0.939130679851946,10.0,0.5,1.0,1.0,300.0,1.0,4.629005459292699,5.257061476382619,3.961072869689093,London_NewYork_Overlap,YES,30.0,210.0,1595.0,1.0,0.0,5.300261096605774,0.4213055489428606,0.0,16.60862873624944,0.0,49.82588620875965,5655.238084692946,1392.022601073331,1145.162987121408,2022,742,1.215567230803061,0.02,-264.2
2022-12-30,2022,2022-08-17 08:30:00+00:00,EXECUTED,BUY,1781.19,M15,114.99999999998636,2139.00000000001,-213.33,Sydney_Tokyo_Overlap,YES,CHoCH,EXECUTED,,16.75,0.0,16.75,-1,1,0,1,1,2.387857142857196,0.818241007720007,0.854901960784354,2.060362173038229,1.1421428571428416,8,2,3,1,0,0,25.499999999999545,-25.499999999999545,0.4166092997708199,8.755472170106435,0.854901960784354,7.172142857142847,0.1340596535382074,0.1067799203143625,1.0346424122321514,0.0,1.2997507199171354,0.561422419842914,300.0,0.0641224606663433,1.0681861658792051,0.0684947254059214,10.0,0.5,1.0,1.0,300.0,1.0,2.1801125703565103,3.046904315197056,4.745465916197752,Sydney_Tokyo_Overlap,YES,390.0,30.0,710.0,1.002816901408448,-0.0175109443401969,6.233896185115886,0.4026601798316208,0.0,16.842672595287418,0.0,290.5361022686735,5403.971502197994,1324.8113678568218,920.241767898102,2022,742,1.4396340332201891,0.02,-426.66
2022-12-30,2022,2022-08-18 18:30:00+00:00,EXECUTED,SELL,1758.91,M15,1312.0000000000118,234.9999999999909,114.71,London_NewYork_Overlap,YES,BoS_1,EXECUTED,,0.0,31.5,31.5,-1,-1,1,0,0,3.6071428571428408,1.545326650839708,0.8037634408602116,0.8094001116748804,3.050714285714272,18,3,1,0,1,0,-134.9000000000001,134.9000000000001,-0.8038244223325737,3.277920861624927,0.8037634408602116,7.467142857142822,0.205078307425783,-4.9604283345102695,-1.893434800611241,0.0,1.7810851451616008,0.5685339215764309,300.0,0.1734434556466375,-3.5916922133585087,-0.6229555091040199,10.0,0.5,1.0,1.0,300.0,1.0,-1.0948255677826988,-1.6914071645984146,-1.7372980566611964,London_NewYork_Overlap,YES,210.0,30.0,1221.0,0.0,4.002341372043973,0.0,0.4245324011542843,0.0,17.056017647292926,0.0,3356.624272987277,601.2246220670523,1532.0398635195268,915.6993686342204,2022,742,1.6730817078148559,0.04,458.84
2022-12-30,2022,2022-08-23 15:15:00+00:00,EXECUTED,SELL,1734.13,M15,331.0000000000173,1997.999999999979,-230.1,London_NewYork_Overlap,YES,CHoCH,EXECUTED,,116.75,0.0,116.75,-1,-1,1,0,0,3.6092857142857286,2.3175775684386712,0.5116883116882718,1.9007910220940647,2.134285714285706,15,1,2,1,1,1,-97.69999999999982,97.69999999999982,-1.9819117838968576,4.6854082998661495,0.5116883116882718,7.4221428571428305,0.2081323611428052,-7.389186516479777,-4.630593546850832,0.0,1.1896882764852044,0.5766580360180609,300.0,0.1230753008301399,-3.916416321944881,-0.4820141169994364,10.0,0.5,1.0,1.0,300.0,1.0,-1.269745649263637,-1.541499330655946,-2.511378848728209,London_NewYork_Overlap,YES,15.0,225.0,1953.0,0.0107526881720448,9.052208835341371,0.0983935742972061,0.4280038323045463,0.0,17.29974108054183,0.0,858.9321446489465,5184.732401838331,1750.4714085323792,981.4736196713616,2022,742,1.7835134571609885,0.04,-920.4
2022-12-30,2022,2022-08-24 16:15:00+00:00,EXECUTED,SELL,1743.71,M15,76.99999999999818,2178.9999999999964,-231.37,London_NewYork_Overlap,YES,CHoCH,EXECUTED,,141.75,0.0,141.75,-1,-1,1,0,0,3.457142857142831,2.367309317151855,0.507317073170669,1.2885644768856448,2.492142857142848,16,2,2,1,1,1,-99.20000000000071,99.20000000000071,-1.343262857231607,4.0126110633419465,0.507317073170669,8.105714285714287,0.1982636365647287,-4.097162780434796,-2.8896415469656813,0.0,1.7656653269031923,0.5734898578318642,300.0,0.1429218652839547,-0.561962166455976,-0.0803166810489003,10.0,0.5,1.0,1.0,300.0,1.0,-0.3571223846373821,-0.930925766695306,-0.329034107194014,London_NewYork_Overlap,YES,75.0,165.0,1026.0,-0.0029239766081844,4.128976784178848,-0.0120378331900148,0.4648544933339997,0.0,17.204695734955926,0.0,198.71423573873625,5623.354800970335,1254.7230823244415,1019.473367374594,2022,742,1.2307561163227598,0.02,-462.74
2022-12-30,2022,2022-08-26 11:00:00+00:00,EXECUTED,SELL,1752.14,M15,3183.0000000000155,406.9999999999936,207.92,London,YES,CHoCH,EXECUTED,,184.5,0.0,184.5,-1,-1,1,0,0,2.6592857142857644,1.465771551357848,0.4479638009049741,1.6187386594820476,1.6750000000000196,11,4,3,1,0,0,-77.99999999999955,77.99999999999955,-0.7975922545934657,5.9701492537312735,0.4479638009049741,7.121428571428591,0.1517735862594178,-1.912780550511873,-1.9623777433788845,0.0,1.166592308378692,0.5707306493773329,300.0,0.0955973837707043,-1.1827192281205685,-0.1130648639436332,10.0,0.5,1.0,1.0,300.0,1.0,-1.397014925373069,-2.191044776119285,-2.059701492537181,London,YES,0.0,240.0,865.0,0.885549132947977,0.5910447761194015,4.573134328358204,0.4064417553065731,0.0,17.121919481319985,0.0,8174.860456356267,1045.2931843345689,1072.5531552745383,901.491911855735,2022,742,1.1897534976954713,0.01,207.92
2022-12-30,2022,2022-08-29 04:00:00+00:00,EXECUTED,SELL,1730.41,M15,1010.0000000000136,1510.99999999999,-174.72,Sydney_Tokyo_Overlap,YES,BoS_1,EXECUTED,,0.0,65.0,65.0,-1,-1,1,0,0,5.685714285714296,1.0563801094978924,0.99760191846523,2.279233801258558,2.03714285714284,4,0,0,0,0,0,-295.2999999999997,295.2999999999997,-1.976784962263321,4.908835904628373,0.99760191846523,8.097142857142833,0.328576134310036,-4.252139001712487,-4.224512926226286,0.0,0.9080196813280298,0.5778977236608664,300.0,0.117726021991484,-8.481797334363758,-0.9985282595126188,10.0,0.5,1.0,1.0,300.0,1.0,-2.4347826086955795,-2.115708274894802,-2.719495091164101,Sydney_Tokyo_Overlap,YES,120.0,300.0,1378.0,0.6074020319303436,2.6556802244038784,4.108695652174006,0.4679320425299688,0.0,17.336931709825993,0.0,2626.545154038673,3929.415572032036,1674.1363822979329,947.8389174056528,2022,742,1.766266769125963,0.04,-698.88
2022-12-30,2022,2022-08-31 11:15:00+00:00,EXECUTED,SELL,1715.11,M15,1454.9999999999957,842.0000000000073,147.19,London,YES,BoS_2,EXECUTED,,0.0,120.25,120.25,-1,-1,1,0,0,2.8264285714285995,1.547941775266464,0.8600000000000033,2.08039950062422,2.137857142857164,11,2,3,1,0,0,-304.1000000000008,304.1000000000008,-2.63620719202812,4.677581022385521,0.8600000000000033,7.864999999999976,0.1647957607050626,-10.24483930850526,-5.748741661944515,0.0,1.1110844600086882,0.5830529820244766,300.0,0.1246483982285196,-7.004153357157906,-0.8730564969166417,10.0,0.5,1.0,1.0,300.0,1.0,-3.0684931506849824,-2.3668559973271543,-4.392248580020051,London,YES,15.0,225.0,1076.0,0.4563197026022173,2.736384898095593,2.2966922819912226,0.4585711703622495,0.0,17.491589460734296,0.0,3817.539399805249,2209.1877488907608,1911.6262200483743,983.2805298661832,2022,742,1.944131061263393,0.04,588.76
2022-12-30,2022,2022-09-08 16:00:00+00:00,EXECUTED,SELL,1711.67,M15,771.0000000000036,1774.000000000001,-212.63,London_NewYork_Overlap,YES,CHoCH,EXECUTED,,60.5,0.0,60.5,1,-1,0,0,0,4.565714285714274,3.160398752279312,0.7744916820701966,2.023736693992414,3.538571428571442,16,3,2,1,1,1,-165.29999999999973,165.29999999999973,-1.8833282904526925,2.8259991925716483,0.7744916820701966,9.207857142857163,0.2667403346272514,-1.372009581623138,-3.5009628026427846,0.0,2.266077465591248,0.5842247629508024,300.0,0.2067321054041633,-0.1750847233177596,-0.0361956334755858,10.0,0.5,1.0,1.0,300.0,1.0,-2.5603552684698982,-3.4251110213968072,-2.939039160274476,London_NewYork_Overlap,YES,60.0,180.0,1874.0,0.3532550693703369,3.4251110213968072,1.8708114654824648,0.537945815657058,0.0,17.526742888524073,0.0,2026.9678150578184,4663.866282636258,1420.8346609843736,1119.2376096261523,2022,742,1.2694665089560033,0.02,-425.26
2022-12-30,2022,2022-09-13 15:30:00+00:00,EXECUTED,SELL,1710.07,M15,1296.0000000000036,210.00000000001364,65.31,London_NewYork_Overlap,YES,CHoCH,EXECUTED,,180.0,0.0,180.0,1,-1,0,0,0,4.978571428571464,3.576575247648334,0.9090513489991332,4.00372150721042,3.481428571428588,15,1,2,1,1,1,-217.5,217.5,-1.7636395140113443,2.872384078785378,0.9090513489991332,9.605000000000034,0.2911326102774427,-1.8702234871506145,-3.139976078839531,0.0,1.555748615708772,0.5847713836275709,300.0,0.2035839802714852,-3.562890481715667,-0.725347425539065,10.0,0.5,1.0,1.0,300.0,1.0,-5.64997948297086,-5.514977431267939,-4.972096840377539,London_NewYork_Overlap,YES,30.0,210.0,3298.0,0.3665858095815619,6.000410340582683,3.4727123512514986,0.5616729139742838,0.0,17.543141508827127,0.0,3410.3867093160025,552.6089575280903,2192.672198637197,1103.6642249574186,2022,742,1.986720371154365,0.04,261.24
2022-12-30,2022,2022-09-14 21:45:00+00:00,EXECUTED,SELL,1695.09,M15,3474.000000000001,315.0000000000091,292.92,NewYork,YES,BoS_1,EXECUTED,,0.0,30.25,30.25,-1,-1,1,0,0,3.920714285714293,0.7724140246615128,0.9511111111111556,0.7318815818085801,1.6957142857142702,21,2,1,0,1,0,-120.19999999999982,120.19999999999982,-2.492290974256248,5.897219882055657,0.9511111111111556,8.737857142857154,0.2312982960028254,-5.112547977268507,-4.83488965141243,0.0,0.7886183908331368,0.5899391772708233,300.0,0.1000368290600658,-8.038434650456258,-0.804139513038203,10.0,0.5,1.0,1.0,300.0,1.0,-1.0791912384162765,-2.7363100252738835,-4.039595619208205,NewYork,YES,165.0,195.0,910.0,0.0571428571428542,5.059814658803845,0.3066554338668834,0.5154804253967137,0.0,17.6981753181247,0.0,9222.519158274785,836.2387837814163,1306.4718487376326,1089.6993253282517,2022,742,1.1989287488492133,0.01,292.92
2022-12-30,2022,2022-09-23 13:30:00+00:00,EXECUTED,SELL,1653.77,M15,2696.000000000004,411.00000000001273,135.02,London,YES,CHoCH,EXECUTED,,171.0,0.0,171.0,-1,-1,1,0,0,4.778571428571403,1.8714789047269864,0.566298342541441,1.146723126718746,3.130714285714297,13,4,2,1,1,1,-311.400000000001,311.400000000001,-3.7023263828191806,3.194159251654107,0.566298342541441,13.979285714285718,0.288950182224336,-5.372913024330429,-4.379906403842841,0.0,1.8682638797505693,0.6046790061495855,300.0,0.189307720282403,-4.812310284470448,-0.911007489244663,10.0,0.5,1.0,1.0,300.0,1.0,-1.0924024640657275,-2.3029888204426228,-3.781884553958436,London,YES,150.0,90.0,2391.0,0.4282726892513582,4.366415697011187,3.2708190736938083,0.8452980592395387,0.0,18.14037018448757,0.0,7335.965702606782,1118.353821873693,2820.380167035401,1141.3128505153534,2022,742,2.4711718314236752,0.07,945.1400000000002
2022-12-30,2022,2022-09-28 10:00:00+00:00,EXECUTED,SELL,1618.22,M15,341.0000000000082,4447.000000000003,-283.64,Tokyo_London_Overlap,YES,BoS_1,EXECUTED,,0.0,39.25,39.25,-1,-1,1,0,0,3.9871428571428686,1.7062191478567574,0.5886287625418012,2.6359996093368494,2.40571428571429,10,2,3,1,0,0,-242.30000000000013,242.30000000000013,-5.187018305320125,4.156769596199517,0.5886287625418012,10.77214285714282,0.2463906549877562,-9.833684507227956,-7.792077094920247,0.0,1.180575671184425,0.6179629469417014,300.0,0.1486642289499752,-6.645799281201789,-0.987992625896164,10.0,0.5,1.0,1.0,300.0,1.0,-1.7042755344417644,-2.0659144893111714,-2.660332541567634,Tokyo_London_Overlap,YES,0.0,60.0,362.0,0.0276243093923019,1.4631828978622226,0.0415676959620518,0.6656785144876977,0.0,18.53888840825104,0.0,948.2641420820636,12366.365512723864,1093.6319512127052,929.1534200471972,2022,742,1.1770197769461508,0.01,-283.64
2022-12-30,2022,2022-10-10 06:15:00+00:00,EXECUTED,SELL,1688.06,M15,2666.9999999999845,155.99999999999454,284.88,Sydney_Tokyo_Overlap,YES,BoS_2,EXECUTED,,0.0,121.75,121.75,-1,-1,1,0,0,4.88571428571426,0.4813679783522968,0.7590673575129895,1.085237258347979,2.338571428571381,6,0,0,0,0,0,-191.7000000000008,191.7000000000008,-0.6016099607035988,7.697006719609199,0.7590673575129895,9.03785714285714,0.2894277623848832,-0.7294399581450525,-1.123666477808776,0.0,0.7720217306946061,1.0663128087864175,300.0,0.1385360371415341,-7.44194871665405,-1.0309780838157776,18.0,0.5,1.0,1.0,300.0,1.0,-1.804520464263946,-2.0226023213195363,-2.8179596823458746,Sydney_Tokyo_Overlap,YES,255.0,165.0,1220.0,0.1934426229508107,4.207697006719758,1.0091631032376078,0.535399046411688,0.0,17.771880146440296,0.0,7109.640652583398,415.86199542668834,1698.4457160457723,1353.7300832262258,2022,742,1.2546413329295425,0.02,569.76
2022-12-30,2022,2022-10-13 15:30:00+00:00,EXECUTED,SELL,1653.09,M15,1062.9999999999882,1942.0000000000075,-178.92,London_NewYork_Overlap,YES,CHoCH,EXECUTED,,58.5,0.0,58.5,-1,-1,1,0,0,5.579285714285724,3.638934871024677,0.7545037089367774,3.497762771418375,4.1735714285714005,15,3,2,1,1,1,-293.7000000000012,293.7000000000012,-2.421568714004488,4.3128529864795775,0.7545037089367774,11.37928571428576,0.3375064705663771,-4.879063637253807,-3.5178579094891265,0.0,1.5921693795304677,1.0888699344863255,300.0,0.2524709137779189,-4.691188985675342,-1.1843887699183626,18.0,0.5,1.0,1.0,300.0,1.0,-6.1577956529180735,-5.405442409721111,-5.352729762108576,London_NewYork_Overlap,YES,30.0,210.0,3488.0,0.2631880733944916,6.1577956529180735,2.199555023104545,0.6883645605675287,0.0,18.14783224143876,0.0,2893.671850897378,5286.463531931132,2513.292356440613,1042.6444563728162,2022,742,2.410497980475465,0.07,-1252.44
2022-12-30,2022,2022-10-19 10:00:00+00:00,EXECUTED,SELL,1638.62,M15,1618.9999999999827,848.0000000000018,141.43,Tokyo_London_Overlap,YES,BoS_2,EXECUTED,,0.0,138.5,138.5,-1,-1,1,0,0,3.5228571428571382,1.7559751800214491,0.656424581005638,2.764967096463539,1.8914285714285728,10,2,3,1,0,0,-298.40000000000146,298.40000000000146,-2.842594098400205,2.114803625377642,0.656424581005638,8.833571428571465,0.2149892679728758,-7.463530812058074,-5.272987917949974,0.0,1.169329513097476,0.2441078468467369,300.0,0.1154281390089571,-7.447321467824452,-0.8596304576324312,4.0,0.5,1.0,1.0,300.0,1.0,-2.199395770392791,-4.4093655589124605,-4.012839879154153,Tokyo_London_Overlap,YES,0.0,60.0,446.0,0.0134529147981939,2.3262839879154544,0.0317220543806357,0.5390860253488586,0.0,18.30808851350527,0.0,4446.119295504707,2328.788858917875,1194.1219883921603,1092.6378941270425,2022,742,1.0928798962681026,0.01,141.43
2022-12-30,2022,2022-10-25 11:45:00+00:00,EXECUTED,SELL,1643.94,M15,574.0000000000009,3099.000000000001,-245.0,London,YES,CHoCH,EXECUTED,,101.25,0.0,101.25,-1,-1,1,0,0,3.4942857142857355,1.0395635688802851,0.6567656765676657,1.4521144278606963,2.2021428571428845,11,1,3,1,0,0,-109.90000000000008,109.90000000000008,-1.925868422398433,1.8164125851443167,0.6567656765676657,10.156428571428576,0.2125555503416022,-1.99622954248163,-3.117249446546698,0.0,0.889649786748363,0.2433178826477852,300.0,0.1339551843219877,-1.330549240805234,-0.1782339688015459,4.0,0.5,1.0,1.0,300.0,1.0,-1.7800843334413607,-0.4177748945831228,-3.373986376905495,London,YES,45.0,195.0,839.0,0.5327771156138373,1.7800843334413607,2.029841063898787,0.6178101738158677,0.0,18.24884119858389,0.0,1571.2252271980751,8482.973831161722,1430.6462462219752,1049.4229960319483,2022,742,1.3632693886368972,0.02,-490.0
2022-12-30,2022,2022-11-02 21:15:00+00:00,EXECUTED,SELL,1639.74,M15,2301.999999999998,167.00000000000728,105.03,NewYork,NO,CHoCH,EXECUTED,,1.25,0.0,1.25,1,-1,0,0,0,6.084999999999972,2.4945548295328264,0.7237615449202348,1.889474891080028,5.623571428571397,21,2,1,0,1,0,-295.8999999999992,295.8999999999992,-1.6996815925394988,0.7112917566366102,0.7237615449202348,8.80285714285716,0.3710954175661978,-1.7112159178941069,-3.166058302800225,0.0,1.8403525442641813,0.2439411126154146,300.0,0.3429550677894908,-1.6051588707915114,-0.5504973693452053,4.0,0.5,1.0,1.0,300.0,1.0,-3.0372158008383123,-4.351327321224467,-1.4136923663152707,NewYork,NO,195.0,165.0,2954.0,0.150643195666894,4.461577543503123,0.7913120792582368,0.5368446914057814,0.0,18.295583446156098,0.0,6317.464963957696,458.3043653262302,2182.7300835585584,963.4565354127732,2022,742,2.2655200347189637,0.07,735.2100000000002
2022-12-30,2022,2022-11-08 17:00:00+00:00,EXECUTED,BUY,1698.79,M15,2357.9999999999927,105.99999999999454,225.99,London_NewYork_Overlap,NO,CHoCH,EXECUTED,,128.0,0.0,128.0,-1,1,0,1,1,5.982142857142874,3.470597290640394,0.9337779895188136,2.488194891607641,3.497142857142844,17,1,1,0,1,0,168.89999999999873,-168.89999999999873,1.91005200048254,1.143790849673207,0.9337779895188136,11.087142857142892,0.3521413981211847,7.025011089446492,2.9266126356523734,0.0,1.620688509142521,0.2354617109825228,300.0,0.2058608101732906,8.608136297973736,1.7720779123829842,4.0,0.5,1.0,1.0,300.0,1.0,6.456699346405233,7.388888888888895,7.671977124183016,London_NewYork_Overlap,NO,180.0,60.0,4007.0,0.6955328175692522,3.4885620915032947,7.969362745098039,0.6526494067626305,0.0,17.659628323689212,0.0,6246.210538088856,280.788090346644,2457.134013380404,1663.3282472172527,2022,742,1.4772393948645963,0.02,451.98
2022-12-30,2022,2022-11-09 17:00:00+00:00,EXECUTED,BUY,1716.34,M15,3695.000000000005,1413.9999999999873,383.27,London_NewYork_Overlap,NO,CHoCH,EXECUTED,,152.0,0.0,152.0,-1,1,0,1,1,4.732142857142841,2.6143084045824745,0.4163602941176491,2.115681294946953,3.297857142857132,17,2,1,0,1,0,-60.29999999999973,60.29999999999973,2.7652223122156587,1.2129088152480003,0.4163602941176491,9.711428571428607,0.2757112726582635,10.253141464556222,4.887089091414746,0.0,1.6026528520331882,0.2330540568884953,300.0,0.1921447465453891,6.831096763524926,1.312559356254525,4.0,0.5,1.0,1.0,300.0,1.0,1.4676196664500558,1.9285250162442904,2.534979423868291,London_NewYork_Overlap,NO,180.0,60.0,1038.0,1.0,0.0,3.1474983755685257,0.5658219566885703,0.0,17.47905426663715,0.0,9687.765827283652,3707.3074099537057,1316.539030535684,1195.343577883147,2022,742,1.1013896380044674,0.01,383.27
2022-12-30,2022,2022-11-10 15:30:00+00:00,EXECUTED,BUY,1734.35,M15,3229.000000000019,558.9999999999918,376.14,London_NewYork_Overlap,NO,BoS_1,EXECUTED,,0.0,22.5,22.5,1,1,1,1,1,5.082142857142832,3.389886504975124,0.9220146222583148,4.071476285905144,3.63999999999997,15,3,2,1,1,1,119.80000000000018,-119.80000000000018,3.6499338291286376,4.945054945054986,0.9220146222583148,12.190000000000008,0.2930286768612351,11.542060284374864,5.192996502501435,0.0,1.511768661735037,1.0378527978781678,300.0,0.2098768991264721,8.783846779138175,1.8435265244075705,18.0,0.5,1.0,1.0,300.0,1.0,6.8653846153846745,7.368131868131911,7.697802197802257,London_NewYork_Overlap,NO,90.0,150.0,4447.0,0.6053519226444756,4.821428571428661,7.395604395604415,0.7028569781186039,0.0,17.297546631302794,0.0,8378.066710871559,1450.399285034718,3393.69459636986,1638.2443454265913,2022,742,2.071543604495798,0.07,2632.98
2022-12-30,2022,2022-11-14 17:00:00+00:00,EXECUTED,BUY,1774.86,M15,1171.0000000000036,825.9999999999991,-65.73,London_NewYork_Overlap,NO,CHoCH,EXECUTED,,67.75,0.0,67.75,1,1,1,1,1,4.849285714285705,2.12791605827023,0.8736517719568316,1.7538485103775754,3.299285714285685,17,0,1,0,1,0,20.799999999999272,-20.799999999999272,5.231917826865891,1.2123836328209674,0.8736517719568316,12.717142857142903,0.2732207449762632,13.81429077136358,7.301893026211877,0.0,1.6509717491484672,0.2253698883292203,300.0,0.1858899132486892,7.006920661542762,1.3025158739146323,4.0,0.5,1.0,1.0,300.0,1.0,3.1764451179908715,3.367395540160207,4.819224940463305,London_NewYork_Overlap,NO,180.0,60.0,1853.0,1.0,0.0,5.616367179043124,0.7165152663952595,0.0,16.902741624691526,0.0,2968.966566377076,2094.2496872992774,2177.4709832084504,1590.7878640149286,2022,742,1.3688003488490381,0.02,-131.46
2022-12-30,2022,2022-11-15 09:15:00+00:00,EXECUTED,BUY,1776.84,M15,973.0000000000018,875.9999999999991,-32.71,Tokyo_London_Overlap,NO,BoS_1,EXECUTED,,0.0,16.25,16.25,1,1,1,1,1,3.711428571428509,1.6189859174139871,0.8634064080944074,2.095181674565561,1.8007142857143208,9,1,3,1,0,0,17.5,-17.5,5.1392248414948005,2.221340737802416,0.8634064080944074,9.848571428571452,0.2088780403091167,16.18999641601542,9.271984605676122,0.0,1.3505920087490386,0.2251187501406992,300.0,0.1013436373401274,9.059640758440764,0.9181369474552584,4.0,0.5,1.0,1.0,300.0,1.0,4.003966679888749,3.209837366124476,3.259817532724985,Tokyo_London_Overlap,NO,15.0,45.0,1037.0,0.65284474445515,1.99920666402225,3.759619198730579,0.5542745226678515,0.0,16.883906260552443,0.0,2464.2061187276336,2218.5452826365886,1775.9300127703964,1340.0564792163518,2022,742,1.3252650468948428,0.02,-65.42
2022-12-30,2022,2022-11-25 05:45:00+00:00,EXECUTED,BUY,1759.62,M15,162.00000000001182,1361.999999999989,-71.71,Sydney_Tokyo_Overlap,NO,BoS_1,EXECUTED,,0.0,32.5,32.5,1,1,1,1,1,2.4078571428571456,0.6224948085188584,0.8571428571425961,0.7141148325358851,1.4371428571428655,5,4,0,0,0,0,10.099999999999907,-10.099999999999907,2.7420897302169807,12.524850894632134,0.8571428571425961,6.802857142857176,0.1368396098508283,5.573447702917855,7.092660965474728,0.0,0.6632947862496933,1.022948136529478,300.0,0.0816734782022746,5.803107053020664,0.4739599374003496,18.0,0.5,1.0,1.0,300.0,1.0,1.203777335983943,0.6958250497017853,2.3866799204770093,Sydney_Tokyo_Overlap,NO,285.0,135.0,710.0,0.9464788732394206,0.2644135188867543,4.675944333995857,0.386609446520111,0.0,17.049135608824635,0.0,414.29399529446886,3483.138404882845,1364.809205314653,936.6832016463828,2022,742,1.4570659566817943,0.02,-143.42
2022-12-30,2022,2022-11-28 10:15:00+00:00,EXECUTED,BUY,1757.05,M15,671.0000000000036,1741.9999999999843,-220.74,London,NO,CHoCH,EXECUTED,,76.5,0.0,76.5,1,1,1,1,1,4.194999999999952,1.6942125713435834,0.933518005540103,1.8690339824360445,2.1621428571428885,10,0,3,1,0,0,7.300000000000182,-7.300000000000182,2.4429740219132143,1.8500165180045984,0.933518005540103,6.152142857142865,0.2387524543979939,2.275169766760744,6.9771258647203656,0.0,1.4200064975338904,0.2276543069349193,300.0,0.1230552834092876,2.5326176864964056,0.3116519871791895,4.0,0.5,1.0,1.0,300.0,1.0,2.872150644202156,1.6187644532540235,3.496531219028665,London,NO,15.0,225.0,1276.0,0.4882445141065848,3.020151965642494,2.88140072679217,0.3501404545768683,0.0,17.07407302011895,0.0,1718.5054494749816,4461.455280157042,1168.1255928781163,1072.8952175447685,2022,742,1.0887601825192907,0.01,-220.74
2022-12-30,2022,2022-11-30 10:45:00+00:00,EXECUTED,BUY,1759.56,M15,2423.000000000002,1464.9999999999864,237.41,London,NO,CHoCH,EXECUTED,,125.0,0.0,125.0,1,1,1,1,1,2.679285714285714,1.3184590958469122,0.7967479674796778,1.5764216588018876,1.7750000000000097,10,2,3,1,0,0,5.099999999999909,-5.099999999999909,2.3436308926934863,2.253521126760551,0.7967479674796778,8.290714285714282,0.1522702104097452,3.976234064352184,4.973949205623205,0.0,1.2483902411258707,0.2273295596626429,300.0,0.1008774921002983,4.359745972743787,0.4398002399247689,4.0,0.5,1.0,1.0,300.0,1.0,2.045070422535133,2.518309859154931,3.087323943661965,London,NO,45.0,195.0,687.0,0.6462882096069837,1.3690140845070706,2.5014084507042424,0.4711811069650527,0.0,17.04971697469822,0.0,6196.719634454073,3746.675305189899,1442.2829344165325,1055.874853506789,2022,742,1.365960113195611,0.02,474.82
2022-12-30,2022,2022-11-30 21:45:00+00:00,EXECUTED,BUY,1767.61,M15,3650.999999999999,127.99999999999729,457.24,NewYork,NO,CHoCH,EXECUTED,,136.0,0.0,136.0,1,1,1,1,1,6.254285714285678,1.8733263769282025,0.6873449131513649,1.1158895427795383,4.374999999999967,21,2,1,0,1,0,28.199999999999363,-28.199999999999363,2.7206383524753943,0.9142857142857213,0.6873449131513649,9.47999999999997,0.3538272421114204,2.8338013504138075,5.072813879977898,0.0,1.7515755923050405,0.2262942617432578,300.0,0.2475093487816864,3.128033012169776,0.7742174138097582,4.0,0.5,1.0,1.0,300.0,1.0,1.8239999999999656,2.235428571428582,3.147428571428591,NewYork,NO,225.0,75.0,2254.0,0.9210292812777204,0.4068571428571916,4.74514285714289,0.5363174003315194,0.0,16.97206963074434,0.0,9294.753933277134,325.8637369102844,1593.496820632912,1488.2323272389303,2022,742,1.0707312235242703,0.01,457.24
2022-12-30,2022,2022-12-13 15:30:00+00:00,EXECUTED,BUY,1809.17,M15,1534.999999999991,486.00000000001273,-10.63,London_NewYork_Overlap,NO,CHoCH,EXECUTED,,22.0,0.0,22.0,-1,1,0,1,1,4.584285714285703,4.1180126981308,0.8387533875338875,3.797662387430542,3.603571428571367,15,1,2,1,1,1,136.400000000001,-136.400000000001,3.438852646085825,2.775024777006985,0.8387533875338875,9.307857142857188,0.2533916499989334,5.902345085160499,6.684104564812131,0.0,1.6740841612733746,0.5527396540955245,300.0,0.1991836824937052,6.060754219525649,1.2072033441343812,10.0,0.5,1.0,1.0,300.0,1.0,5.575024777007073,5.808126858275638,6.102279484638363,London_NewYork_Overlap,NO,90.0,150.0,3452.0,0.6263035921205136,3.579781962338973,5.999603567889134,0.5144821737513439,0.0,16.582189622865734,0.0,3818.049160664813,1208.8416235069435,2272.8501143639573,1396.0642669138686,2022,742,1.628041178496966,0.04,-42.52
2022-12-30,2022,2022-12-20 10:30:00+00:00,EXECUTED,BUY,1801.79,M15,1932.9999999999927,347.0000000000028,152.81,London,NO,BoS_1,EXECUTED,,0.0,89.75,89.75,1,1,1,1,1,3.9442857142857326,1.686320263344306,0.9011925042589544,1.3722142144361902,2.622857142857112,10,1,3,1,0,0,30.59999999999945,-30.59999999999945,2.402897973216444,3.0501089324619093,0.9011925042589544,8.605714285714303,0.2189092909987142,3.325097791389512,5.030979876183854,0.0,1.47603381919029,0.4440029082190488,300.0,0.1455695249089578,4.459057951500002,0.6491029475413662,8.0,0.5,1.0,1.0,300.0,1.0,2.928104575163457,2.5506535947712927,4.659041394335577,London,NO,30.0,210.0,1454.0,0.5281980742778516,2.615468409586136,2.928104575163457,0.4776202712699206,0.0,16.650109058214333,0.0,4827.699121429227,866.6381764800628,1588.2722779462845,1230.633050540741,2022,742,1.2906140276733156,0.02,305.62
2022-12-30,2022,2022-12-21 17:30:00+00:00,EXECUTED,BUY,1821.72,M15,67.00000000000728,2720.0000000000045,-221.14,London_NewYork_Overlap,NO,CHoCH,EXECUTED,,31.0,0.0,31.0,1,1,1,1,1,3.3542857142857168,2.0804832548636405,0.5203619909502342,1.3200353373320317,2.287142857142856,17,2,1,0,1,0,-21.19999999999891,21.19999999999891,3.232111361744763,3.4978138663335434,0.5203619909502342,8.7707142857143,0.1841274023607204,7.854471848806996,6.713252442287422,0.0,1.460576552459447,0.4391454230068287,300.0,0.1255485396846307,6.292637818456927,0.790031488871548,8.0,0.5,1.0,1.0,300.0,1.0,1.2635852592130363,2.2866958151155616,2.103060587133019,London_NewYork_Overlap,NO,210.0,30.0,797.0,0.99874529485571,0.0043722673329129,3.480324797001892,0.4814523793840052,0.0,16.467953362756077,0.0,165.50293129571654,6718.924972004491,1462.6401057167884,1213.530796029061,2022,742,1.205276463113147,0.02,-442.28
2022-12-30,2022,2022-12-27 17:15:00+00:00,EXECUTED,BUY,1821.37,M15,1226.0000000000218,2432.9999999999927,-221.23,London_NewYork_Overlap,NO,CHoCH,EXECUTED,,174.75,0.0,174.75,1,1,1,1,1,4.736428571428552,3.3770746761925587,0.8791208791208363,1.7281889200310094,3.242142857142832,17,1,1,0,1,0,14.199999999998454,-14.199999999998454,2.8379573290728497,2.467503855474793,0.8791208791208363,9.239285714285709,0.2600475780005464,4.553764689407643,5.594556224688664,0.0,1.936782688686288,0.4392298105272404,300.0,0.1780057241056365,5.427394557448506,0.9661072982056118,8.0,0.5,1.0,1.0,300.0,1.0,4.05904384225599,5.817140339281795,3.843137254901932,London_NewYork_Overlap,NO,195.0,45.0,2488.0,0.7576366559485461,1.859881031064188,5.814055959462454,0.5072712142115939,0.0,16.47111789477152,0.0,3029.038580848536,6011.134475696847,2185.22296492807,1383.5687421334078,2022,742,1.5794104755203873,0.04,-884.92
2022-12-30,2022,2022-12-30 09:00:00+00:00,EXECUTED,BUY,1821.12,M15,492.0000000000073,772.9999999999791,28.08,Tokyo_London_Overlap,NO,BoS,EXECUTED,,0.0,16.5,16.5,1,1,1,1,1,2.8314285714285785,0.8634029441971928,0.4243697478991364,1.2038922833220185,1.1557142857143066,9,4,3,1,0,0,-13.700000000001182,13.700000000001182,2.4901806945954164,6.056860321384316,0.4243697478991364,7.074285714285744,0.1554773200793236,5.752404875961522,6.410425094061208,0.0,0.9770858537493282,0.3843788437884379,300.0,0.0634617315560922,8.252995681965233,0.5237493965024659,7.0,0.5,1.0,1.0,300.0,1.0,1.972805933250868,1.9122373300368831,4.023485784919464,Tokyo_London_Overlap,NO,0.0,60.0,467.0,0.9914346895074538,0.0346106304080756,4.006180469715524,0.3884579662123168,0.0,16.47337901950448,0.0,1215.7353716394489,1910.088297311493,1327.6845695149618,1088.6695898125324,2022,742,1.2195477690743501,0.02,56.16
2023-12-29,2023,2023-01-04 09:00:00+00:00,EXECUTED,BUY,1851.15,M15,1396.99999999998,609.0000000000146,20.06,Tokyo_London_Overlap,NO,BoS_1,EXECUTED,,0.0,105.5,105.5,1,1,1,1,1,3.6428571428571104,1.2652903269227531,0.6590909090909315,1.826801896417212,1.6271428571428228,9,2,3,1,0,0,11.60000000000082,-11.60000000000082,0.0,4.916593503072975,0.6590909090909315,0.0,0.1967888686955195,5.156481962960627,0.0,0.0,1.2724978483173113,0.432163790076439,300.0,0.087899028017331,9.29795761181623,0.8172814366249908,8.0,0.5,1.0,1.0,300.0,1.0,1.64091308165065,2.919227392449579,2.962247585601568,Tokyo_London_Overlap,NO,0.0,60.0,992.0,0.3215725806451644,4.136084284460151,1.9604916593503825,0.0,0.0,16.20614212786646,0.0,3395.997082894368,1480.4310833806364,1158.8403151272855,965.235420582101,2023,1000,1.2005779009108761,0.02,40.12
2023-12-29,2023,2023-01-06 15:30:00+00:00,EXECUTED,BUY,1847.43,M15,3355.9999999999945,676.9999999999982,241.61,London_NewYork_Overlap,NO,CHoCH,EXECUTED,,54.5,0.0,54.5,1,1,1,1,1,4.508571428571405,3.6583789739080688,0.7909527073337922,3.710757953555442,3.1792857142856974,15,4,2,1,1,1,65.80000000000155,-65.80000000000155,0.8596009078418549,2.5162884745001257,0.7909527073337922,10.670714285714324,0.2440455892007494,2.254030568028065,1.488234491762488,0.0,1.31052300873053,0.4330339985818136,300.0,0.1720923506863966,2.0996911534092533,0.3613407863056299,8.0,0.5,1.0,1.0,300.0,1.0,3.463042013030796,3.258593574477703,3.063581217703906,London_NewYork_Overlap,NO,90.0,150.0,2559.0,0.4509574052364204,4.419231633340831,3.62974612446642,0.5775977593583695,0.0,16.238774946818012,0.0,8174.599308228174,1649.0475958493646,2184.551203907502,1181.8829680141357,2023,1000,1.8483650776168679,0.04,966.44
2023-12-29,2023,2023-01-12 14:15:00+00:00,EXECUTED,BUY,1888.5,M15,2123.000000000002,1320.0000000000043,91.97,London_NewYork_Overlap,NO,BoS_2,EXECUTED,,0.0,142.75,142.75,1,1,1,1,1,3.0178571428571592,1.576355777371775,0.6587982832618094,1.3158160008064246,1.655714285714274,14,3,2,1,1,1,18.69999999999891,-18.69999999999891,2.501177266603865,4.831751509922381,0.6587982832618094,8.938571428571404,0.159801807935248,9.182438173801044,5.284371563987516,0.0,1.7213876551594711,0.4236166269526079,300.0,0.0876735126139409,6.324934140128324,0.554529193116886,8.0,0.5,1.0,1.0,300.0,1.0,1.594477998274446,1.6850733390854085,2.4943917169974954,London_NewYork_Overlap,NO,15.0,225.0,1721.0,0.3474723997675773,6.7825711820535535,3.611734253666991,0.4733159347932964,0.0,15.885623510722796,0.0,5058.776806989678,3145.353455123124,2054.7554874500925,967.1111093614084,2023,1000,2.124632286363523,0.07,643.7900000000001
2023-12-29,2023,2023-01-18 14:45:00+00:00,EXECUTED,BUY,1917.37,M15,852.0000000000209,1638.9999999999873,-116.86,London_NewYork_Overlap,NO,CHoCH,EXECUTED,,9.5,0.0,9.5,-1,1,0,1,1,4.564285714285737,1.0460568656248457,0.6265822784809754,1.101019245933238,1.96571428571422,14,2,2,1,1,1,7.199999999997999,-7.199999999997999,3.204401884938952,4.069767441860603,0.6265822784809754,8.665000000000045,0.2380492922224577,6.051688011646336,7.090622091316059,0.0,1.4153306289256662,0.4172381960706594,300.0,0.1025213853202156,4.30667658991316,0.4415264501240395,8.0,0.5,1.0,1.0,300.0,1.0,0.1577034883720706,1.251453488372038,2.609738372093051,London_NewYork_Overlap,NO,45.0,195.0,761.0,0.2601839684625252,2.8640988372094545,1.0072674418603926,0.4519211211190352,0.0,15.646432352649724,0.0,1999.614054668684,3846.675393898905,1341.294183227766,1196.6206599950426,2023,1000,1.1209017427739572,0.01,-116.86
2023-12-29,2023,2023-01-19 06:15:00+00:00,EXECUTED,BUY,1910.53,M15,2464.00000000001,413.99999999998727,176.57,Sydney_Tokyo_Overlap,NO,CHoCH,EXECUTED,,25.0,0.0,25.0,-1,1,0,1,1,4.96785714285714,0.4080067185547172,0.7217391304348325,0.80353015339357,2.1421428571428742,6,3,0,0,0,0,10.0,-10.0,2.7563476328529832,3.734578192730881,0.7217391304348325,10.25500000000006,0.2600250790543534,3.663136512026533,5.135138803505196,0.0,0.7637930408252216,0.4187319748970181,300.0,0.112122963635372,0.9875159197130452,0.1107232115553367,8.0,0.5,1.0,1.0,300.0,1.0,0.3641213737912481,1.1203734578192004,4.005335111703835,Sydney_Tokyo_Overlap,NO,315.0,105.0,940.0,0.9925531914893684,0.0326775591863654,4.355451817272355,0.5367620503211182,0.0,15.70244905863818,0.0,5803.625172072694,975.1220865414008,1207.8433981410535,1140.933789742853,2023,1000,1.0586446023421576,0.01,176.57
2023-12-29,2023,2023-01-24 08:15:00+00:00,EXECUTED,BUY,1936.59,M15,594.0000000000055,1941.9999999999843,-86.23,Asia,NO,CHoCH,EXECUTED,,94.25,0.0,94.25,1,1,1,1,1,3.717142857142887,0.5566078238250373,0.5887850467289402,0.9711470795214636,1.3700000000000208,8,1,3,1,0,0,10.0,-10.0,3.4476925536064407,5.839416058394072,0.5887850467289402,8.939285714285656,0.1919426857075006,7.252775256507451,7.4690161337149314,0.0,1.121200073529726,0.413097248255955,300.0,0.0707429037638333,7.148794997958943,0.505726516567983,8.0,0.5,1.0,1.0,300.0,1.0,1.1313868613138185,2.715328467153264,2.2773722627736084,Asia,NO,15.0,45.0,489.0,0.5112474437627708,1.744525547445302,1.824817518248148,0.4615992912431468,0.0,15.491146809598316,0.0,1380.2611807352223,4512.571065635952,1436.5786710004286,1040.1038377337072,2023,1000,1.3811877419187342,0.02,-172.46
2023-12-29,2023,2023-02-01 21:30:00+00:00,EXECUTED,BUY,1938.77,M15,2091.000000000008,2729.9999999999955,-67.9,NewYork,NO,CHoCH,EXECUTED,,5.25,0.0,5.25,1,1,1,1,1,6.239285714285708,2.838801229854377,0.7934407364787145,2.3103591274778137,4.171428571428578,21,2,1,0,1,0,55.599999999999454,-55.599999999999454,2.5638952296911017,1.9178082191780792,0.7934407364787145,10.421428571428594,0.3218167041106324,2.4129924544393258,4.769790552608286,0.0,1.8366701653354889,0.4126327516930838,300.0,0.2151585062399654,3.1665787789968265,0.6813163599801308,8.0,0.5,1.0,1.0,300.0,1.0,2.653767123287652,2.7856164383561337,4.075342465753418,NewYork,NO,210.0,90.0,3042.0,0.5581854043392498,3.221917808219186,4.070547945205478,0.537527843500188,0.0,15.47372818849064,0.0,4853.334846320109,6336.491693186908,2464.800962935265,1125.1256768688806,2023,1000,2.190689461282739,0.07,-475.3000000000001
2023-12-29,2023,2023-02-09 19:30:00+00:00,EXECUTED,SELL,1863.87,M15,1106.9999999999936,836.0000000000127,30.89,NewYork,NO,CHoCH,EXECUTED,,3.75,0.0,3.75,1,-1,0,0,0,6.494999999999972,1.4914843919922076,0.969662921348317,0.9589832466782208,4.332857142857149,19,3,1,0,1,0,-264.40000000000055,264.40000000000055,-1.3316254069689075,1.8463567424991727,0.969662921348317,11.340714285714284,0.348468509069837,-4.734350230144724,-2.188554075834221,0.0,1.8332724900028112,0.4292144838427573,300.0,0.2324656302669794,-3.379525108226063,-0.7856234342868536,8.0,0.5,1.0,1.0,300.0,1.0,-2.370260468183362,-2.097922848664719,-3.8358061325420594,NewYork,NO,90.0,210.0,1423.0,0.2684469430779994,2.402571711177068,0.8816353445433405,0.60844985356888,0.0,16.0955431441034,0.0,2672.664939078354,2018.381110270597,1600.3690185823507,1140.3196188394666,2023,1000,1.4034389938946141,0.02,61.78
2023-12-29,2023,2023-02-22 21:00:00+00:00,EXECUTED,SELL,1828.69,M15,1123.0000000000018,508.9999999999918,54.5,NewYork,NO,BoS_1,EXECUTED,,0.0,49.25,49.25,-1,-1,1,0,0,5.457142857142848,2.0859485847581944,0.3085106382978716,2.229785821019426,2.2399999999999927,21,2,1,0,1,0,-173.39999999999918,173.39999999999918,-2.2384330541547497,4.017857142857156,0.3085106382978716,7.055714285714267,0.2984181494481212,-3.4153529097992097,-5.8015389740060375,0.0,1.4206988216650052,0.4921555867861693,300.0,0.1224920571556684,-3.509918781764513,-0.4299371720276527,9.0,0.5,1.0,1.0,300.0,1.0,-1.73214285714281,-2.01339285714286,-2.075892857142803,NewYork,NO,180.0,120.0,1159.0,0.3641069887834389,3.290178571428533,1.8839285714285896,0.3858343560534736,0.0,16.405186226205647,0.0,2763.453619804345,1252.535968370781,1264.100826734508,1019.0872729687976,2023,1000,1.240424505598955,0.02,109.0
2023-12-29,2023,2023-03-15 13:15:00+00:00,EXECUTED,BUY,1911.96,M15,2539.9999999999864,438.0000000000109,-24.12,London,NO,CHoCH,EXECUTED,,47.0,0.0,47.0,1,1,1,1,1,5.732857142857142,1.9477913101439617,0.8954154727793673,1.0111297571513993,5.132857142857136,13,2,2,1,1,1,16.900000000000546,-16.900000000000546,2.870621264154975,1.558586139716117,0.8954154727793673,14.241428571428562,0.2998418974694628,8.43168624802029,3.8539062318684167,0.0,1.8708330305718288,0.4184187953722881,300.0,0.2684604878165409,3.110234243736148,0.8349750022971164,8.0,0.5,1.0,1.0,300.0,1.0,0.5864180350681872,1.311160590036187,4.7342053993876965,London,NO,195.0,45.0,2836.0,0.8712976022567039,0.7111049262454517,4.814082939048164,0.7448601734047031,0.0,15.690704826460806,0.0,5978.158538881534,1030.8793070985005,1894.7416930933937,1637.2903466855184,2023,1000,1.1572423284172242,0.01,-24.12
2023-12-29,2023,2023-03-17 14:15:00+00:00,EXECUTED,BUY,1940.8,M15,6900.0,12.999999999988177,548.21,London_NewYork_Overlap,NO,BoS_1,EXECUTED,,0.0,49.0,49.0,1,1,1,1,1,5.085714285714322,2.299310224395355,0.7747572815533862,2.0180920073796345,2.643571428571444,14,4,2,1,1,1,34.400000000000546,-34.400000000000546,3.921728547623883,3.026209132666829,0.7747572815533862,15.002857142857156,0.2620421622894848,10.76171717656647,5.073227514435248,0.0,1.2619516845821366,0.4122011541632316,300.0,0.1362103992462615,7.798843438827372,1.0622835784617637,8.0,0.5,1.0,1.0,300.0,1.0,2.447446636044308,3.427181842745163,3.234261010537656,London_NewYork_Overlap,NO,15.0,225.0,2739.0,0.2051843738590696,8.2350716022696,2.125911915698406,0.7730243787539756,0.0,15.45754328112119,0.0,15998.557295960429,30.1422093981589,2578.8395294499564,1742.3094163159176,2023,1000,1.4801271836680232,0.02,1096.42
2023-12-29,2023,2023-03-28 15:30:00+00:00,EXECUTED,BUY,1965.96,M15,935.99999999999,727.9999999999973,-38.13,London_NewYork_Overlap,YES,CHoCH,EXECUTED,,30.25,0.0,30.25,-1,1,0,1,1,4.377142857142887,2.218683996750609,0.5964125560538251,2.07348080345792,2.450714285714298,15,1,2,1,1,1,19.70000000000028,-19.70000000000028,3.3252350774556927,3.264354415622252,0.5964125560538251,11.954285714285724,0.22264658778118,3.173945575882958,5.468565256945928,0.0,0.9464695243600022,0.4069258784512401,300.0,0.1246573829434117,0.7976024829517833,0.0994270381539365,8.0,0.5,1.0,1.0,300.0,1.0,3.664237831535985,3.700961818711701,4.5333721946954535,London_NewYork_Overlap,YES,30.0,210.0,1252.0,0.7172523961661367,1.4444768289128314,3.664237831535985,0.6080635269428535,0.0,15.259720441921504,0.0,2142.4647500457563,1666.361472257822,1483.63723798696,1222.2989295003438,2023,1000,1.2138088336487762,0.02,-76.26
2023-12-29,2023,2023-03-30 13:30:00+00:00,EXECUTED,BUY,1970.69,M15,1436.999999999989,674.0000000000009,108.06,London,YES,CHoCH,EXECUTED,,76.25,0.0,76.25,-1,1,0,1,1,3.465714285714301,0.8399248451671266,0.8479262672811446,0.8177439229304357,1.933571428571424,13,3,2,1,1,1,13.900000000001,-13.900000000001,3.1792596275417946,4.137421499815304,0.8479262672811446,8.768571428571445,0.1758629863506843,3.923414120240539,7.145217674780432,0.0,1.078685557769653,0.4059491853107287,300.0,0.0981164682710839,2.8690850876609337,0.281504495970524,8.0,0.5,1.0,1.0,300.0,1.0,1.7273734761729644,1.6291097155523226,2.6789804211304418,London,YES,150.0,90.0,514.0,1.0116731517509618,-0.0310306612485865,2.689323974879971,0.4449493034709388,0.0,15.223094449152327,0.0,3281.338008514759,1539.0548488093025,1312.9301482414437,1122.0201889971615,2023,1000,1.1701484172177985,0.01,108.06
2023-12-29,2023,2023-04-04 16:30:00+00:00,EXECUTED,BUY,1992.16,M15,4009.999999999991,166.0000000000082,366.56,London_NewYork_Overlap,YES,BoS_1,EXECUTED,,0.0,23.25,23.25,1,1,1,1,1,4.300714285714272,2.4877769868959967,0.7879282218597468,2.368567842699763,2.891428571428573,16,1,2,1,1,1,16.200000000001182,-16.200000000001182,3.602726963935664,2.7667984189723307,0.7879282218597468,12.90214285714288,0.2158819716144422,5.8548146702582855,5.562803503218559,0.0,2.4409862652792844,0.4015741707493374,300.0,0.1451403788565463,5.131872667970912,0.7448419432728532,8.0,0.5,1.0,1.0,300.0,1.0,2.957015810276741,3.4066205533597294,3.897727272727265,London_NewYork_Overlap,YES,90.0,150.0,3976.0,0.256539235412476,10.223320158102744,3.5276679841897374,0.6476459148433299,0.0,15.059031403100152,0.0,9058.00738896472,374.96988193721234,3227.116304014989,1384.065613148394,2023,1000,2.33162089525086,0.07,2565.9200000000005
2023-12-29,2023,2023-04-05 10:00:00+00:00,EXECUTED,BUY,2026.47,M15,578.9999999999964,1846.000000000004,-132.75,Tokyo_London_Overlap,YES,BoS_2,EXECUTED,,0.0,40.75,40.75,1,1,1,1,1,2.862857142857121,1.0841362039581233,0.5304568527918807,1.9527776038078537,1.4028571428571337,10,2,3,1,0,0,14.700000000000273,-14.700000000000273,5.038411187858836,5.702647657841178,0.5304568527918807,11.132142857142853,0.1412731075642433,17.796108235148722,9.17180928315972,0.0,0.9474774642064596,0.3947751508781279,300.0,0.0692266425289855,19.83213528231344,1.3729121397751942,8.0,0.5,1.0,1.0,300.0,1.0,1.047861507128336,1.5539714867617662,2.594704684317807,Tokyo_London_Overlap,YES,0.0,60.0,286.0,0.7307692307692277,0.5488798370672003,1.4898167006109493,0.5493366720031805,0.0,14.804068157929798,0.0,1285.733319516195,4099.24647293077,1710.398709021724,1454.069638485422,2023,1000,1.1762839026081982,0.01,-132.75
2023-12-29,2023,2023-04-11 11:15:00+00:00,EXECUTED,BUY,2005.75,M15,1538.000000000011,1017.0000000000072,52.18,London,YES,CHoCH,EXECUTED,,18.5,0.0,18.5,-1,1,0,1,1,3.413571428571475,1.176602148934386,0.6225000000000023,1.5169776817256142,2.2278571428571303,11,1,3,1,0,0,26.900000000000546,-26.900000000000546,3.390857323118897,3.5908945174735694,0.6225000000000023,9.8964285714286,0.1701892772564614,4.600177817604871,6.872390405040774,0.0,1.0552181371412677,0.3988532967717811,300.0,0.1110735207706409,2.7591435355756007,0.3064677868079361,8.0,0.5,1.0,1.0,300.0,1.0,1.0323821737736307,2.5540237255531006,2.984931067649945,London,YES,15.0,225.0,563.0,0.9165186500888068,0.2109650529015844,2.316126963770489,0.4934028952475932,0.0,14.956998628941792,0.0,3450.579583696896,2281.6901408450863,1431.6478856163124,1175.8833973385913,2023,1000,1.217508376133722,0.02,104.36
2023-12-29,2023,2023-04-12 04:15:00+00:00,EXECUTED,BUY,2009.81,M15,1853.9999999999964,841.9999999999845,72.51,Sydney_Tokyo_Overlap,YES,BoS_1,EXECUTED,,0.0,17.0,17.0,1,1,1,1,1,4.053571428571429,1.281247200071678,0.9575971731448352,3.407419380910046,1.1728571428571155,4,2,0,0,0,0,23.69999999999891,-23.69999999999891,3.4180976049249696,6.820950060901499,0.9575971731448352,9.62071428571434,0.201689285483276,4.352432216245596,7.140557908007945,0.0,1.0285391353489686,0.3980475766365975,300.0,0.0583566179318998,7.071083687382231,0.4126445291090541,8.0,0.5,1.0,1.0,300.0,1.0,4.024360535931908,4.075517661388623,5.081607795371648,Sydney_Tokyo_Overlap,YES,135.0,285.0,1677.0,0.3685152057244987,9.029232643118483,5.269183922046269,0.4786877508677108,0.0,14.926784123872403,0.0,4151.138664848908,1885.2528348450503,2224.3795028002783,1135.3365888028677,2023,1000,1.959224713391585,0.04,290.04
2023-12-29,2023,2023-04-13 15:30:00+00:00,EXECUTED,BUY,2037.4,M15,1126.9999999999982,2016.000000000008,-160.23,London_NewYork_Overlap,YES,CHoCH,EXECUTED,,24.0,0.0,24.0,1,1,1,1,1,4.843571428571457,2.6723933908927555,0.7504317789291977,3.267552848861041,2.5521428571428584,15,3,2,1,1,1,90.50000000000182,-90.50000000000182,4.426670637357982,3.1346207668625787,0.7504317789291977,11.85499999999997,0.2377329649833835,7.829617648464016,7.607675037159996,0.0,1.3729062565586472,0.3926573083341513,300.0,0.1252646930962431,9.163371189856765,1.1478468798243642,8.0,0.5,1.0,1.0,300.0,1.0,3.459837671424632,4.384550797649053,3.894766302826776,London_NewYork_Overlap,YES,30.0,210.0,1857.0,0.5083467959073822,3.577385950181872,3.698852504897864,0.5818690487876691,0.0,14.724649062530675,0.0,2489.2019240208065,4452.733876509294,2142.3817548008105,1543.4693115814505,2023,1000,1.3880300299626365,0.02,-320.46
2023-12-29,2023,2023-05-09 13:45:00+00:00,EXECUTED,BUY,2030.86,M15,738.0000000000109,795.9999999999809,2.79,London,YES,CHoCH,EXECUTED,,140.0,0.0,140.0,1,1,1,1,1,3.032857142857129,0.8953190125040078,0.7965116279069007,0.7638515330823024,1.9321428571428865,13,1,2,1,1,1,14.399999999998272,-14.399999999998272,2.1614944626632626,4.140480591497164,0.7965116279069007,9.76857142857146,0.1493385631140073,4.994921065775426,4.493689457606038,0.0,0.8597311690881893,0.3939217868292251,300.0,0.0951391458368812,2.972688354302125,0.2828190308675484,8.0,0.5,1.0,1.0,300.0,1.0,1.2990757855822306,1.5268022181144854,4.502772643253072,London,YES,165.0,75.0,1027.0,0.8519961051606447,0.7866913123845696,4.528650646950024,0.4810066389889731,0.0,14.77206700609594,0.0,1635.267817574845,1763.7848005278129,1320.355788072452,1059.8833038425078,2023,1000,1.2457558141406941,0.02,5.58
2023-12-29,2023,2023-05-23 03:45:00+00:00,EXECUTED,SELL,1967.33,M15,1308.9999999999918,1045.0000000000043,-86.31,Sydney_Tokyo_Overlap,YES,CHoCH,EXECUTED,,112.75,0.0,112.75,-1,-1,1,0,0,4.320000000000001,0.6492943499831415,0.7814371257485603,1.6457743631217143,1.066428571428576,3,1,0,0,0,0,-116.400000000001,116.400000000001,-1.1989253632878856,7.501674480910886,0.7814371257485603,8.980000000000002,0.2195869528752167,-5.262252397367539,-2.626594470999059,0.0,0.2889011429717265,0.4066425053244753,300.0,0.0542068982544146,-6.143320026517932,-0.3330103236217655,8.0,0.5,1.0,1.0,300.0,1.0,-2.7756195579370617,-2.8412592096449725,-4.847957133288729,Sydney_Tokyo_Overlap,YES,105.0,315.0,1089.0,0.6363636363636288,3.7133288680509215,6.498325519088901,0.4564562122267236,0.0,15.249093949667824,0.0,2994.1595970172584,2390.2954766104413,1385.0836091165277,1022.73781370067,2023,1000,1.3542900150574733,0.02,-172.62
2023-12-29,2023,2023-05-30 07:15:00+00:00,EXECUTED,SELL,1938.69,M15,664.00000000001,2485.99999999999,-235.56,Sydney_Tokyo_Overlap,YES,CHoCH,EXECUTED,,111.75,0.0,111.75,-1,-1,1,0,0,2.685714285714296,1.0189843204935187,0.5365853658536281,0.6302739868736327,1.673571428571417,7,1,0,0,0,0,-110.19999999999982,110.19999999999982,-2.1819395656218075,7.767819035424723,0.5365853658536281,6.982857142857142,0.1385324257985699,-9.476547640552273,-6.057841840287929,0.0,0.9856556375543718,0.6705558908335009,300.0,0.0863248600122462,-4.983191088007146,-0.43017327308649,13.0,0.5,1.0,1.0,300.0,1.0,-1.649167733674782,-3.041399914639324,-3.812206572769909,Sydney_Tokyo_Overlap,YES,315.0,105.0,1130.0,0.3663716814159395,4.278275714895376,2.473751600512241,0.3601843070762804,0.0,15.474366711542327,0.0,1541.2469244696392,5770.391346734111,1378.654140444983,808.6962423858138,2023,1000,1.7047861337622652,0.04,-942.24
2023-12-29,2023,2023-06-15 03:45:00+00:00,EXECUTED,SELL,1939.22,M15,1451.9999999999982,2275.0,-164.52,Sydney_Tokyo_Overlap,YES,BoS_1,EXECUTED,,0.0,177.25,177.25,-1,-1,1,0,0,5.717142857142854,0.5755493225093001,0.3737166324435271,1.3293856402664692,1.859285714285696,3,3,0,0,0,0,-338.7999999999988,338.7999999999988,-1.5396186300961203,10.21897810218988,0.3737166324435271,9.390000000000018,0.294816619937029,-3.031896882993594,-3.179615803892432,0.0,0.3284655516460709,0.97977537360382,300.0,0.0958780187026586,-6.541085841674213,-0.6271463506637355,19.0,0.5,1.0,1.0,300.0,1.0,-2.404149058778371,-2.6139070303495684,-2.974260468689988,Sydney_Tokyo_Overlap,YES,105.0,315.0,1362.0,0.5624082232011759,3.2055320783711614,4.119861698040807,0.4842153030599941,0.0,15.470137477955054,0.0,3369.395942698606,5279.184414352162,1680.0768774887176,1012.7854621189148,2023,1000,1.6588674900345812,0.04,-658.08
2023-12-29,2023,2023-06-19 12:45:00+00:00,EXECUTED,SELL,1950.44,M15,1341.0000000000082,634.9999999999909,-27.67,London,YES,BoS_1,EXECUTED,,0.0,67.5,67.5,-1,-1,1,0,0,2.879285714285694,0.8360664494418033,0.8408304498269039,1.3194481722046272,1.737142857142885,12,0,3,1,0,0,-83.19999999999936,83.19999999999936,-0.8401807174003132,4.605263157894663,0.8408304498269039,8.347857142857103,0.1476223679931551,-1.6840534030137773,-1.9630451868099468,0.0,0.7096032530212054,0.4101638604622546,300.0,0.0890641525575195,-2.692620107096196,-0.2398159279978602,8.0,0.5,1.0,1.0,300.0,1.0,-2.9531249999998845,-3.960526315789342,-1.7269736842104986,London,YES,105.0,135.0,940.0,0.1648936170212741,4.518914473684085,0.8922697368420648,0.4279986640377096,0.0,15.38114476733455,0.0,3093.917269949364,1465.054039088595,1290.8971158076697,1054.0975944038323,2023,1000,1.2246466766085018,0.02,-55.34
2023-12-29,2023,2023-06-20 15:45:00+00:00,EXECUTED,SELL,1944.69,M15,2550.0,50.0,176.09,London_NewYork_Overlap,YES,CHoCH,EXECUTED,,11.0,0.0,11.0,-1,-1,1,0,0,3.896428571428536,2.6660162687373927,0.7810383747178701,2.2267416062712617,2.2071428571428475,15,1,2,1,1,1,-120.99999999999908,120.99999999999908,-1.0877345865529435,3.17152103559872,0.7810383747178701,6.394999999999966,0.2003624521866485,-2.4692947249035933,-3.307750700740665,0.0,1.2065123037696366,0.3599545428834415,300.0,0.1134958711744724,-3.604762264555964,-0.4091256335926431,7.0,0.5,1.0,1.0,300.0,1.0,-4.077669902912639,-2.809061488673172,-2.7184466019417592,London_NewYork_Overlap,YES,45.0,195.0,2237.0,0.5963343763969635,4.091262135922335,6.044012944983911,0.3288441859627995,0.0,15.426623266433207,0.0,5900.683399410703,115.69967449824908,2220.140912980271,1036.0842157002255,2023,1000,2.14281897102333,0.07,1232.63
2023-12-29,2023,2023-06-21 15:30:00+00:00,EXECUTED,SELL,1929.04,M15,1010.99999999999,855.9999999999945,36.62,London_NewYork_Overlap,YES,BoS_1,EXECUTED,,0.0,23.75,23.75,-1,-1,1,0,0,3.2778571428571337,2.79673590504451,0.1024327784891114,3.046693282416247,2.5721428571428566,15,2,2,1,1,1,-104.10000000000082,104.10000000000082,-1.8150022668943504,6.998056095529021,0.1024327784891114,6.616428571428547,0.1699216782885338,-6.528582218088563,-5.291694658427989,0.0,1.4157128881339018,0.9331066229834528,300.0,0.1333379741810878,-5.2006458257750205,-0.693443578842172,18.0,0.5,1.0,1.0,300.0,1.0,-2.1499583449041832,-1.7611774507081264,-1.648430991391284,London_NewYork_Overlap,YES,30.0,210.0,1079.0,0.486561631139946,2.15384615384614,2.0410996945292976,0.3429907400276069,0.0,15.551777049724215,0.0,2358.426989590654,1996.8481731845768,1266.348783658246,1050.690195436179,2023,1000,1.2052542120967822,0.02,73.24
2023-12-29,2023,2023-07-05 20:00:00+00:00,EXECUTED,SELL,1919.44,M15,1685.0000000000136,814.9999999999864,110.54,NewYork,YES,CHoCH,EXECUTED,,3.75,0.0,3.75,1,-1,0,0,0,4.164285714285662,1.0327380712216458,0.9029535864978782,0.6216725737123897,2.608571428571411,20,2,1,0,1,0,-156.099999999999,156.099999999999,-1.2451142619864295,3.0668127053669427,0.9029535864978782,5.637857142857148,0.216953158957074,-0.7350822681417966,-4.2390611511948855,0.0,1.0144530933268467,0.4167882299003876,300.0,0.1359027335353755,-1.6115686184961162,-0.2190165805334508,8.0,0.5,1.0,1.0,300.0,1.0,-1.840087623220148,-1.4567360350492804,-0.2261774370207806,NewYork,YES,60.0,300.0,886.0,0.4616252821670527,1.8285870755750329,1.5679079956189053,0.2937240623753359,0.0,15.629558621264536,0.0,3950.370941524644,1910.7135414495576,1259.7042000847332,1048.9999329683649,2023,1000,1.200862040591496,0.02,221.08
2023-12-29,2023,2023-07-06 15:15:00+00:00,EXECUTED,SELL,1910.75,M15,816.0000000000082,1751.9999999999982,-135.79,London_NewYork_Overlap,YES,BoS_1,EXECUTED,,0.0,19.25,19.25,-1,-1,1,0,0,4.3671428571428965,5.481430854060644,0.79626666666667,6.554132712456345,3.019285714285729,15,3,2,1,1,1,-168.39999999999918,168.39999999999918,-1.6471008864283216,2.980837473385365,0.79626666666667,6.809285714285709,0.2285564755798977,-2.523319069157872,-4.621920933850923,0.0,2.3334539417674103,0.4710192332853591,300.0,0.1580157380235891,-3.4858193029220086,-0.5508143097680942,9.0,0.5,1.0,1.0,300.0,1.0,-5.411876035012957,-4.63685829193279,-2.182635438845479,London_NewYork_Overlap,YES,15.0,225.0,2280.0,0.30263157894737,5.266146202980842,2.2853087295954766,0.3563671707070893,0.0,15.700641109511974,0.0,1921.758471804285,4126.128483579742,2095.9008349122214,1100.598118397082,2023,1000,1.9043289279511983,0.04,-543.16
2023-12-29,2023,2023-07-10 15:15:00+00:00,EXECUTED,SELL,1918.58,M15,588.9999999999873,1989.00000000001,-194.95,London_NewYork_Overlap,YES,CHoCH,EXECUTED,,96.0,0.0,96.0,-1,-1,1,0,0,3.4678571428571723,3.01235754946844,0.7945859872611514,3.196522284013472,1.8385714285714287,15,0,2,1,1,1,-76.60000000000082,76.60000000000082,-1.089766903658837,4.35120435120435,0.7945859872611514,8.885714285714291,0.1807512401284894,-0.6460857136171794,-2.3529959649762686,0.0,1.0600834124589849,0.4169750544673665,300.0,0.0958298026963394,-1.3736728189976797,-0.131638795213872,8.0,0.5,1.0,1.0,300.0,1.0,-3.007770007769992,-2.8228438228438515,-2.5617715617715806,London_NewYork_Overlap,YES,15.0,225.0,1072.0,0.428171641791036,3.334110334110392,2.496503496503451,0.4631401497833967,0.0,15.636564542526244,0.0,1381.490477332164,4665.169031262729,1379.9271822457963,943.0849608261176,2023,1000,1.463205585461798,0.02,-389.9
2023-12-29,2023,2023-07-12 15:30:00+00:00,EXECUTED,BUY,1946.86,M15,1679.000000000019,594.9999999999818,92.18,London_NewYork_Overlap,YES,BoS_2,EXECUTED,,0.0,36.25,36.25,1,1,1,1,1,3.705714285714261,3.013356661261415,0.7661822985468961,3.2409464779947763,2.2371428571428527,15,2,2,1,1,1,58.49999999999909,-58.49999999999909,0.4171197849487522,4.469987228607927,0.7661822985468961,7.263571428571448,0.190343131283927,5.876185972836419,1.1180090021983045,0.0,1.0632541103155662,0.5136476171887039,300.0,0.1149103097882155,6.868410779972327,0.789251210479339,10.0,0.5,1.0,1.0,300.0,1.0,5.444444444444383,5.685823754789194,5.422094508301363,London_NewYork_Overlap,YES,30.0,210.0,2369.0,0.5445335584634797,4.823116219668039,5.766283524904165,0.3730916156565674,0.0,15.409428515661116,0.0,3880.864571669296,1375.2914950227123,2260.702304063017,1187.1009197109204,2023,1000,1.9043893122528597,0.04,368.72
2023-12-29,2023,2023-07-18 10:15:00+00:00,EXECUTED,BUY,1962.98,M15,2137.999999999988,243.0000000000064,179.23,Tokyo_London_Overlap,YES,CHoCH,EXECUTED,,18.5,0.0,18.5,-1,1,0,1,1,2.3321428571428635,1.4628571428571429,0.3229813664596361,1.4769603503704047,1.453571428571406,10,1,3,1,0,0,9.500000000000457,-9.500000000000457,1.0422094439122331,5.50368550368559,0.3229813664596361,6.71142857142859,0.1188062464794783,8.235591575425024,3.048287368981653,0.0,0.979714640702273,0.4075436326401696,300.0,0.0740492225377439,4.878482447014738,0.3612478323654719,8.0,0.5,1.0,1.0,300.0,1.0,2.304668304668278,2.683046683046788,2.057002457002495,Tokyo_London_Overlap,YES,15.0,45.0,161.0,1.0186335403726523,-0.0206388206388021,1.1282555282556148,0.3418999975256289,0.0,15.282886224006356,0.0,4901.221612038812,557.0612028650464,1177.030820588305,992.3020685375328,2023,1000,1.1861618129276177,0.01,179.23
2023-12-29,2023,2023-07-26 09:00:00+00:00,EXECUTED,BUY,1967.7,M15,1447.0000000000027,380.99999999999454,79.88,Asia,YES,BoS_1,EXECUTED,,0.0,14.0,14.0,1,1,1,1,1,2.432857142857139,1.1941770513360523,0.8389057750759944,1.411149825783972,1.083571428571385,9,2,3,1,0,0,15.199999999999818,-15.199999999999818,0.8890638492317724,14.765985497693409,0.8389057750759944,6.975000000000039,0.1236396372850098,2.928282779414724,2.508116037467167,0.0,0.9839923288421836,0.8131320831427554,300.0,0.0550679183092638,4.54643005220743,0.250362438713741,16.0,0.5,1.0,1.0,300.0,1.0,4.50362557679659,4.24522083058698,3.608437705998902,Asia,YES,0.0,60.0,499.0,0.5531062124248469,2.058009228741035,2.5471324983521044,0.3544747674950469,0.0,15.246226558926663,0.0,3309.1934746150387,871.3218478426464,1228.342449266887,875.5041230769305,2023,1000,1.4030116099852479,0.02,159.76
2023-12-29,2023,2023-07-31 15:30:00+00:00,EXECUTED,BUY,1964.9,M15,749.0000000000009,2047.0000000000027,-180.69,London_NewYork_Overlap,YES,BoS_1,EXECUTED,,0.0,73.25,73.25,1,1,1,1,1,3.549999999999987,2.3769633507853403,0.7115384615384952,2.7294048666080326,2.0042857142857105,15,0,2,1,1,1,13.400000000001455,-13.400000000001455,0.6614200599647907,3.991446899501077,0.7115384615384952,9.33857142857148,0.1806707720494675,1.2991201443678604,1.3916735399684368,0.0,0.8947606762284687,0.4071454018016183,300.0,0.1020044640585124,3.4998321572217663,0.3569985034921536,8.0,0.5,1.0,1.0,300.0,1.0,2.8987883107627432,2.0755523877406006,3.732002851033516,London_NewYork_Overlap,YES,30.0,210.0,1305.0,0.502681992337171,3.238061297220253,3.272986457590969,0.475269552067356,0.0,15.26795256756069,0.0,1715.3544709654457,4688.024835869516,1441.12191488442,971.8837111292678,2023,1000,1.482813116818191,0.02,-361.38
2023-12-29,2023,2023-08-02 17:00:00+00:00,EXECUTED,SELL,1940.18,M15,1067.0000000000073,46.00000000000364,64.46,London_NewYork_Overlap,YES,BoS_1,EXECUTED,,0.0,25.5,25.5,-1,-1,1,0,0,4.276428571428563,3.150513781585456,0.93396226415096,1.931991129277732,3.059285714285693,17,2,1,0,1,0,-146.59999999999854,146.59999999999854,-0.6030840188145618,2.614989493345804,0.93396226415096,8.455714285714294,0.2204140116601842,-4.070999395508921,-1.3837879475190822,0.0,2.126758144239394,0.412332876331062,300.0,0.1576805097612434,-3.958839869475508,-0.6242318886820326,8.0,0.5,1.0,1.0,300.0,1.0,-1.7030119075414667,-1.7912678029418816,-3.6773289750175366,London_NewYork_Overlap,YES,120.0,120.0,1704.0,0.3843896713615005,3.428904973149689,2.1410226476768623,0.4358211241077783,0.0,15.462482862414827,0.0,2474.77038212951,106.69113175067072,1941.9496161656668,1041.366041533721,2023,1000,1.8648098158699018,0.04,257.84
2023-12-29,2023,2023-08-09 17:30:00+00:00,EXECUTED,SELL,1921.93,M15,902.9999999999972,821.0000000000036,57.26,London_NewYork_Overlap,YES,BoS_1,EXECUTED,,0.0,30.75,30.75,-1,-1,1,0,0,3.631428571428517,3.743657116684947,0.2314606741572948,1.7601947656725505,2.865714285714294,17,2,1,0,1,0,-104.09999999999854,104.09999999999854,-1.3065374983656397,2.7916251246261137,0.2314606741572948,6.232857142857126,0.1889469736893912,-5.150027821912395,-4.028768118184085,0.0,2.156813970606899,0.4162482504565722,300.0,0.1491060697171225,-2.860064043029575,-0.4264529085954032,8.0,0.5,1.0,1.0,300.0,1.0,-0.3245264207377286,-1.0608175473579105,-0.5827517447656473,London_NewYork_Overlap,YES,150.0,90.0,854.0,0.6182669789227161,1.137587238285138,1.8424725822532253,0.3243019851325036,0.0,15.609309392121462,0.0,2114.2809571628454,1922.2864516397665,1203.0336300842082,1083.311164994036,2023,1000,1.1105153061824404,0.01,57.26
2023-12-29,2023,2023-08-29 17:00:00+00:00,EXECUTED,BUY,1930.52,M15,1854.999999999996,122.00000000000271,207.89,London_NewYork_Overlap,YES,BoS_1,EXECUTED,,0.0,24.0,24.0,1,1,1,1,1,3.599999999999974,6.369786933252549,0.8047538200339592,5.304384308789595,2.515714285714304,17,1,1,0,1,0,44.500000000000455,-44.500000000000455,0.2891488248790088,2.385008517887546,0.8047538200339592,7.214999999999951,0.1864782545635359,5.041312425268692,0.7736764925924158,0.0,3.0256634901484847,0.3107970909392288,300.0,0.1303127802723776,4.664429342437888,0.6078347559971391,6.0,0.5,1.0,1.0,300.0,1.0,4.674616695059588,5.358319136854029,4.857467348097647,London_NewYork_Overlap,YES,120.0,120.0,2158.0,0.7117701575532879,2.472458830210101,6.10562180579208,0.3737335018544201,0.0,15.53985454696144,0.0,4323.964527692011,284.37933820940066,2033.1549853634317,1198.8885241657586,2023,1000,1.6958665834074889,0.04,831.56
2023-12-29,2023,2023-08-30 14:15:00+00:00,EXECUTED,BUY,1938.73,M15,1033.9999999999918,70.00000000000455,61.46,London,YES,BoS_2,EXECUTED,,0.0,45.25,45.25,1,1,1,1,1,1.6492857142856925,1.1265697603533062,0.5909090909090987,0.9835555324998704,1.139999999999954,14,2,2,1,1,1,5.299999999999727,-5.299999999999727,0.6774579169513933,5.263157894737055,0.5909090909090987,6.145714285714234,0.0850704179687575,13.280741751810677,2.137112020297141,0.0,1.5495323107614327,0.3094809488685892,300.0,0.0588013802850295,8.803056420069517,0.5176318682270787,6.0,0.5,1.0,1.0,300.0,1.0,1.0526315789474507,1.0789473684211122,1.8508771929826424,London,YES,195.0,45.0,288.0,0.9409722222221992,0.1491228070176137,2.3771929824562683,0.3169969147696809,0.0,15.474047443429464,0.0,2400.0247584758904,162.47749815601992,1130.6250789417631,990.6686395343688,2023,1000,1.1412747247890842,0.01,61.46
2023-12-29,2023,2023-09-01 14:00:00+00:00,EXECUTED,BUY,1944.63,M15,838.9999999999873,1023.0000000000018,-52.87,London,YES,CHoCH,EXECUTED,,6.75,0.0,6.75,-1,1,0,1,1,1.962857142857128,1.201963443777046,0.2578125000000805,1.1472205253512522,0.7914285714285825,14,4,2,1,1,1,5.40000000000191,-5.40000000000191,0.8743084987567231,7.581227436822999,0.2578125000000805,4.934999999999994,0.1009373064725489,9.224134332869216,3.445200680723989,0.0,1.568565460981513,0.3085419848505885,300.0,0.0406981570493401,5.48280944804222,0.2231402399880279,6.0,0.5,1.0,1.0,300.0,1.0,1.0234657039713233,0.4927797833936213,2.375451263538011,London,YES,180.0,60.0,292.0,0.8767123287671607,0.4548736462092535,3.2346570397113648,0.2537757825396087,0.0,15.427099242529426,0.0,1941.5004396722989,2367.288378766145,1165.2027987850815,762.5694607718265,2023,1000,1.5279956236455288,0.04,-211.48
2023-12-29,2023,2023-09-12 04:30:00+00:00,EXECUTED,SELL,1921.29,M15,1370.0000000000043,319.00000000000546,113.69,Sydney_Tokyo_Overlap,YES,CHoCH,EXECUTED,,83.75,0.0,83.75,1,-1,0,0,0,2.4021428571428487,1.0335668818976966,0.3333333333333333,2.141997593261132,0.9457142857142864,4,1,0,0,0,0,-38.29999999999927,38.29999999999927,-0.3146671384102226,6.344410876132926,0.3333333333333333,5.217142857142838,0.1250276042212705,-1.805084306602828,-1.1588082651953042,0.0,0.8421931692009856,0.3122901800352888,300.0,0.0492228807579431,-2.1107353716203248,-0.1038964755088401,6.0,0.5,1.0,1.0,300.0,1.0,-0.3066465256797196,-0.3700906344412316,-0.8247734138972516,Sydney_Tokyo_Overlap,YES,150.0,270.0,265.0,0.0339622641509142,2.706948640483324,0.0951661631419073,0.2715437470211596,0.0,15.61450900176444,0.0,3208.7815998626024,747.1542557344412,1022.444795850028,800.6215628864422,2023,1000,1.2770637755044432,0.02,227.38
2023-12-29,2023,2023-09-14 09:30:00+00:00,EXECUTED,SELL,1907.34,M15,631.9999999999936,1233.0000000000157,-143.35,Asia,YES,CHoCH,EXECUTED,,136.75,0.0,136.75,1,-1,0,0,0,2.122857142857145,0.9289930848372406,0.1627906976744514,1.214242848569714,1.0157142857142876,9,3,3,1,0,0,-55.70000000000164,55.70000000000164,-0.947447796553414,5.90717299578058,0.1627906976744514,5.307142857142821,0.1112993563212193,-6.093575284594698,-3.4050432199050884,0.0,1.050743842053372,0.3145742237881028,300.0,0.0532529221698432,-5.447081633321004,-0.2900730142720258,6.0,0.5,1.0,1.0,300.0,1.0,-0.7285513361462804,-2.85513361462737,-2.1265822784810893,Asia,YES,30.0,30.0,74.0,0.0,0.7285513361462804,0.0,0.2782483908030462,0.0,15.72871118940514,0.0,1491.0818207555924,2909.025134480518,1004.533884089162,855.2074043153688,2023,1000,1.1746084973309319,0.01,-143.35
2023-12-29,2023,2023-09-18 19:45:00+00:00,EXECUTED,BUY,1931.08,M15,633.0000000000155,124.00000000000092,-3.67,NewYork,YES,BoS_1,EXECUTED,,0.0,87.25,87.25,1,1,1,1,1,2.7107142857143054,1.088820030307828,0.7088607594936345,0.5586289985493349,1.982857142857126,19,0,1,0,1,0,6.499999999998636,-4.099999999998545,0.3325284233750353,4.034582132564876,0.7088607594936345,6.0807142857143095,0.1403729667188467,4.027649434879144,1.0560255878485667,0.0,1.4802880464292392,0.4142759492097687,300.0,0.1026812531255632,4.550029218978782,0.467202701962669,8.0,0.5,1.0,1.0,300.0,1.0,1.2809798270893298,1.2305475504322,2.365273775216071,NewYork,YES,45.0,315.0,531.0,0.4783427495291882,1.3969740634005792,1.2809798270893298,0.314886710323462,0.0,15.535348095366324,0.0,1475.0813016550685,288.9574745738158,1107.3355389983133,905.7601556767404,2023,1000,1.2225483005166697,0.02,-7.34
2023-12-29,2023,2023-09-19 12:45:00+00:00,EXECUTED,BUY,1935.2,M15,221.00000000000364,725.0,-43.75,London,YES,BoS_2,EXECUTED,,0.0,104.25,104.25,1,1,1,1,1,1.605000000000002,0.6523276049597564,0.6999999999997726,0.6004153070305547,0.9778571428571792,12,1,3,1,0,0,5.900000000001455,-5.900000000001455,0.5224790727877456,8.181154127099768,0.6999999999997726,4.952142857142917,0.0829371641174039,8.200236593864298,2.0417454238026345,0.0,0.8467784106706937,0.413393964448119,300.0,0.050530030118705,8.241695805914265,0.4164531373020525,8.0,0.5,1.0,1.0,300.0,1.0,0.8999269539810861,1.237399561723877,2.6691015339664297,London,YES,105.0,135.0,219.0,0.6392694063927197,0.8078889700510649,1.4317019722425524,0.2558982460284681,0.0,15.502273666804465,0.0,513.9003720545765,1685.8722612649856,1151.1098407869524,786.8031314883785,2023,1000,1.4630214277482891,0.02,-87.5
2023-12-29,2023,2023-09-20 16:30:00+00:00,EXECUTED,BUY,1940.57,M15,685.0000000000136,2666.9999999999845,-239.74,London_NewYork_Overlap,YES,CHoCH,EXECUTED,,27.75,0.0,27.75,1,1,1,1,1,2.563571428571387,4.038629058904809,0.9225967540574134,3.9328080353277337,1.7457142857142571,16,2,2,1,1,1,31.599999999998545,-31.599999999998545,0.7700171129955922,4.582651391162105,0.9225967540574134,4.7928571428571685,0.1321040430683452,6.295593646909103,3.1177063376336625,0.0,2.280728441657219,0.4122500090179689,300.0,0.0899588412535624,5.97498683095893,0.5375028918183606,8.0,0.5,1.0,1.0,300.0,1.0,4.788870703764342,5.0752864157119735,4.863338788870789,London_NewYork_Overlap,YES,90.0,150.0,1362.0,0.6512481644640207,2.7209492635024994,5.081014729950921,0.246981925045588,0.0,15.459375338173835,0.0,1588.4508159973932,6184.523104036407,1306.4688508814518,767.6690129000178,2023,1000,1.7018647736555284,0.04,-958.96
2023-12-29,2023,2023-09-26 05:00:00+00:00,EXECUTED,SELL,1914.12,M15,1500.0,155.0000000000182,146.09,Sydney_Tokyo_Overlap,YES,BoS_2,EXECUTED,,0.0,25.75,25.75,-1,-1,1,0,0,2.568571428571431,0.5553464541116764,0.6517857142856617,1.325819368233724,0.6864285714285968,5,1,0,0,0,0,-50.40000000000191,50.40000000000191,-0.5681910751681477,11.654526534859093,0.6517857142856617,4.198571428571394,0.1341907209877871,-3.803422196967116,-2.59037131868188,0.0,0.4870962884668188,0.4179466282155769,300.0,0.0358613133674271,-11.168017276830197,-0.4004997672572482,8.0,0.5,1.0,1.0,300.0,1.0,-2.141519250780397,-1.0489073881373578,-3.3798126951093748,Sydney_Tokyo_Overlap,YES,180.0,240.0,319.0,0.2445141065830593,3.51092611862642,1.1363163371487215,0.2193473464867089,0.0,15.672998558084132,0.0,3526.42467556893,364.3972164754989,1128.8914293632977,730.3219314975006,2023,1000,1.5457449388772204,0.04,584.36
2023-12-29,2023,2023-09-29 17:00:00+00:00,EXECUTED,SELL,1862.52,M15,3537.999999999988,59.999999999990905,189.53,London_NewYork_Overlap,YES,CHoCH,EXECUTED,,23.5,0.0,23.5,-1,-1,1,0,0,4.350714285714291,4.268713678549744,0.7734225621414809,2.626551880380607,3.500714285714301,17,4,1,0,1,0,-173.60000000000127,173.60000000000127,-2.906565557538225,2.285247908590073,0.7734225621414809,8.994285714285686,0.2335928895106786,-8.651554586332523,-6.018862035511878,0.0,2.932245236516333,0.4295255889869639,300.0,0.1879557956808142,-3.818941652971247,-0.7177922170428146,8.0,0.5,1.0,1.0,300.0,1.0,-3.48785962048561,-3.2279126708834656,-1.8167720873291449,London_NewYork_Overlap,YES,120.0,120.0,2505.0,0.3532934131736497,4.627627014894912,2.528055498877743,0.4829094836181993,0.0,16.107209587011145,0.0,8548.096127826786,144.96488628307833,2054.2367827345674,989.1642844759264,2023,1000,2.076739743816096,0.07,1326.7100000000003
2023-12-29,2023,2023-10-03 02:00:00+00:00,EXECUTED,SELL,1822.88,M15,763.0000000000109,1050.0,-5.59,Sydney_Tokyo_Overlap,YES,BoS_1,EXECUTED,,0.0,81.0,81.0,-1,-1,1,0,0,4.910714285714334,0.4910410905445321,0.902397260273947,1.0101132441107006,1.3685714285714994,2,1,0,0,0,0,-42.59999999999991,570.0,-4.8080270468125,15.344467640917786,0.902397260273947,8.381428571428582,0.2693931737533098,-12.403517263519172,-10.456995807338489,0.0,0.4161411833260494,1.1520231721232337,300.0,0.0750774284961982,-19.009692548673403,-1.4271988330577408,21.0,0.5,1.0,1.0,300.0,1.0,-4.267223382045648,-3.573068893527906,-5.041753653444316,Sydney_Tokyo_Overlap,YES,0.0,420.0,1096.0,0.5191605839416091,3.850730688935069,4.157620041753479,0.459790472846736,0.0,16.457473887474762,0.0,1883.5578864215136,2592.0521372772755,1229.4547644088798,968.5395558494296,2023,1000,1.269390348575513,0.02,-11.18
2023-12-29,2023,2023-10-18 04:15:00+00:00,EXECUTED,BUY,1936.2,M15,2647.0000000000027,108.00000000001546,167.18,Sydney_Tokyo_Overlap,YES,BoS_1,EXECUTED,,0.0,112.0,112.0,1,1,1,1,1,5.325714285714282,1.2384055832809473,0.8708860759493708,3.1300345224395856,1.845714285714345,4,2,0,0,0,0,37.89999999999964,-37.89999999999964,2.2859409258414014,4.33436532507726,0.8708860759493708,8.774285714285709,0.2750601325128748,9.048876865360487,5.044329492722056,0.0,0.8541300902002317,0.4131804565644045,300.0,0.0953266339073621,10.402757602521934,0.9916598656026362,8.0,0.5,1.0,1.0,300.0,1.0,4.502321981423974,5.477554179566456,6.138544891640754,Sydney_Tokyo_Overlap,YES,135.0,285.0,1777.0,0.6741699493528436,3.1369969040246475,6.490712074303207,0.4531704221818877,0.0,15.494267121165167,0.0,6151.998760458637,251.0071273629117,1957.843246979894,1457.2055434199106,2023,1000,1.3435601146458986,0.02,334.36
2023-12-29,2023,2023-10-25 16:30:00+00:00,EXECUTED,BUY,1979.49,M15,1395.0000000000043,1652.9999999999973,-1.08,London_NewYork_Overlap,YES,CHoCH,EXECUTED,,27.0,0.0,27.0,-1,1,0,1,1,4.519999999999998,3.65495073985317,0.4088541666666346,3.606893721789085,2.529285714285737,16,2,2,1,1,1,19.00000000000091,-19.00000000000091,3.328740608075368,3.1629483196836774,0.4088541666666346,9.945714285714288,0.2283416435546528,7.194428036119018,6.625173976436909,0.0,2.366983199415632,0.4041445018666424,300.0,0.1277746143848029,2.7943629079706565,0.3570486430171473,8.0,0.5,1.0,1.0,300.0,1.0,1.7475289466252604,2.0559164077944083,2.22197119457783,London_NewYork_Overlap,YES,90.0,150.0,1088.0,0.4825367647058876,2.225924879977341,2.0756848347924133,0.5024382182134938,0.0,15.155418819999092,0.0,3171.27138808482,3757.786096418769,1530.4305002564593,1089.9867296294035,2023,1000,1.4040817733412287,0.02,-2.16
2023-12-29,2023,2023-10-27 20:30:00+00:00,EXECUTED,BUY,1994.55,M15,1492.0000000000073,358.9999999999918,111.47,NewYork,YES,BoS_2,EXECUTED,,0.0,52.0,52.0,1,1,1,1,1,5.081428571428579,1.7550639570663789,0.7757575757575592,1.1771154679652245,3.02642857142858,20,4,1,0,1,0,11.099999999999,-11.099999999999,3.613731354552917,2.643379749822981,0.7757575757575592,11.01714285714289,0.2547656650085773,6.449903460188572,6.542320424347055,0.0,1.367320206271578,0.4010929783660475,300.0,0.1517349061907989,3.852676359105064,0.5845854859323156,8.0,0.5,1.0,1.0,300.0,1.0,3.591692235071939,4.523483596884594,4.212886476280375,NewYork,YES,90.0,3090.0,2896.0,0.504488950276239,4.741562426245017,4.827472268114185,0.5523623302069585,0.0,15.040986688726782,0.0,3366.17282093707,809.9571331879187,2723.289031252791,1229.933234481697,2023,1000,2.214176310472987,0.07,780.2900000000001
2023-12-29,2023,2023-11-02 11:15:00+00:00,EXECUTED,BUY,1988.7,M15,237.99999999998812,986.0000000000128,5.1,London,NO,CHoCH,EXECUTED,,14.75,0.0,14.75,-1,1,0,1,1,3.3057142857142674,0.6722392869731607,0.1466666666666848,1.5563858027725888,1.5799999999999923,11,3,3,1,0,0,5.800000000001546,-5.800000000001546,2.686826259906109,5.063291139240531,0.1466666666666848,9.348571428571436,0.1662248848853154,3.4242706538068903,5.7156234232162175,0.0,0.666716354692519,0.4022728415547845,300.0,0.0794488862070695,1.9183861094142085,0.1524136397080723,8.0,0.5,1.0,1.0,300.0,1.0,0.2911392405063535,2.189873417721553,1.8670886075949744,London,NO,75.0,165.0,471.0,0.7346072186836539,0.791139240506333,2.189873417721553,0.4700845491311629,0.0,15.085231558304418,0.0,538.5427666314409,2231.105747473253,1320.4843509908626,969.8143932728236,2023,1000,1.3615846085090946,0.02,10.2
2023-12-29,2023,2023-11-15 10:15:00+00:00,EXECUTED,BUY,1971.97,M15,336.9999999999891,1660.0000000000136,-63.34,London,NO,BoS_2,EXECUTED,,0.0,40.0,40.0,1,1,1,1,1,2.225714285714292,0.9512767313507724,0.6593886462882161,1.655763383396296,1.6321428571428669,10,2,3,1,0,0,11.000000000001364,-11.000000000001364,1.2913770552498691,11.028446389496652,0.6593886462882161,6.984285714285728,0.1128675530415925,5.41684524331613,3.646123477497967,0.0,1.0255819563644109,0.9127927909653798,300.0,0.0827671241014248,10.100528601404388,0.8359917042424277,18.0,0.5,1.0,1.0,300.0,1.0,1.0722100656455078,2.205689277899414,3.106345733041518,London,NO,15.0,225.0,304.0,0.5493421052631884,0.839387308533845,1.0231947483589006,0.3541780916690278,0.0,15.21321318275633,0.0,769.0279263883075,3788.090082506357,1196.051012584875,1016.525209905495,2023,1000,1.1766073294887298,0.01,-63.34
2023-12-29,2023,2023-11-16 16:30:00+00:00,EXECUTED,BUY,1979.39,M15,1396.99999999998,92.00000000000728,30.84,London_NewYork_Overlap,NO,CHoCH,EXECUTED,,30.25,0.0,30.25,1,1,1,1,1,3.679285714285714,4.463172624348047,0.9112709832134296,2.786990743032524,2.610714285714298,16,3,2,1,1,1,40.50000000000182,-40.50000000000182,1.5847524054615445,6.894664842681224,0.9112709832134296,8.547857142857165,0.1858797768143576,4.95531800097879,3.669742031741561,0.0,2.465719152449436,0.9093710688646502,300.0,0.1318948911389013,6.73956963033412,0.888914802715964,18.0,0.5,1.0,1.0,300.0,1.0,2.8076607387141355,5.316552667578675,6.090287277701783,London_NewYork_Overlap,NO,150.0,90.0,2159.0,0.7373784159333087,2.1718194254445264,6.097948016415867,0.4318429992501308,0.0,15.156184481077505,0.0,3175.9784580097453,209.1553458388861,2082.255167347138,1346.8573675986815,2023,1000,1.5460101547794929,0.04,123.36
2023-12-29,2023,2023-11-17 10:45:00+00:00,EXECUTED,BUY,1988.65,M15,470.9999999999809,1538.000000000011,-118.21,London,NO,BoS_1,EXECUTED,,0.0,18.25,18.25,1,1,1,1,1,2.592142857142806,1.1638847817320694,0.6851211072664725,1.983828090385468,1.7278571428571303,10,4,3,1,0,0,7.400000000000091,-7.400000000000091,1.969957517671499,9.260024803637933,0.6851211072664725,7.617142857142848,0.1303468612949893,9.208142472353009,5.143078042502255,0.0,0.8721795148331892,0.8045659115480351,300.0,0.0868859348229769,9.1240130619135,0.7927484042214064,16.0,0.5,1.0,1.0,300.0,1.0,2.0256304257957978,1.880942538238955,2.3902439024391047,London,NO,45.0,195.0,756.0,0.4669312169312327,2.3323687474162886,2.0429929723027347,0.3830308428905462,0.0,15.085610841525655,0.0,1065.7984059537446,3480.250421139994,1273.08119894102,976.3317522177516,2023,1000,1.3039432508972464,0.02,-236.42
2023-12-29,2023,2023-11-21 02:45:00+00:00,EXECUTED,BUY,1986.36,M15,2117.000000000008,235.99999999999,115.43,Sydney_Tokyo_Overlap,NO,CHoCH,EXECUTED,,12.75,0.0,12.75,-1,1,0,1,1,4.3014285714285405,0.5904353941563839,0.862876254180575,1.812346047622602,1.343571428571376,2,1,0,0,0,0,12.09999999999809,-12.09999999999809,1.712225539820479,27.53854332801809,0.862876254180575,7.890714285714288,0.21654828789487,3.945631931014727,4.310251518592313,0.0,0.736621395803803,1.8627036388167304,300.0,0.0676398753786512,6.8038850043966965,0.4602139337880662,37.0,0.5,1.0,1.0,300.0,1.0,3.929824561403642,4.167995746943211,6.758107389686547,Sydney_Tokyo_Overlap,NO,105.0,315.0,1527.0,0.5527177472167543,5.083466241361292,6.281765018607241,0.3972449246719773,0.0,15.103002476892408,0.0,4795.958436537201,534.6462876819685,2006.706858177191,1125.282339693012,2023,1000,1.7832918791959713,0.04,461.72
2023-12-29,2023,2023-11-24 15:30:00+00:00,EXECUTED,BUY,2000.84,M15,1727.9999999999973,373.0000000000018,11.48,London_NewYork_Overlap,NO,CHoCH,EXECUTED,,97.5,0.0,97.5,-1,1,0,1,1,2.5257142857142947,2.4941073554783366,0.5141843971630873,2.637694280971782,1.7578571428571357,15,4,2,1,1,1,23.199999999999363,-23.199999999999363,2.0197868966046166,10.239739943112598,0.5141843971630873,5.50428571428571,0.1262326965531624,6.8969506057028,7.342043316744534,0.0,0.6663293526445612,0.8996221586933488,300.0,0.0878559576406477,4.112883592860998,0.3613413267153108,18.0,0.5,1.0,1.0,300.0,1.0,3.0719219829337017,2.5314912637138445,3.396180414465694,London_NewYork_Overlap,NO,90.0,150.0,759.0,0.7496706192358219,1.0808614384397148,3.2368955709060505,0.275098744241704,0.0,14.993702644889147,0.0,3886.3677255552607,838.8976629815519,1217.8613341103596,846.6997195397844,2023,1000,1.4383627465618114,0.02,22.96
2023-12-29,2023,2023-11-28 15:30:00+00:00,EXECUTED,BUY,2020.06,M15,3192.999999999984,202.99999999999727,209.37,London_NewYork_Overlap,NO,BoS_1,EXECUTED,,0.0,96.0,96.0,1,1,1,1,1,3.26857142857146,2.283782991775256,0.6232876712328393,2.158077472938934,1.7707142857143157,15,1,2,1,1,1,19.400000000000546,-19.400000000000546,2.663110987359676,6.77692617991114,0.6232876712328393,6.839285714285714,0.1618056606522311,8.155758136221813,7.865797988069035,0.0,1.2634933280223064,0.5940417611358079,300.0,0.0876565193961721,5.971217956972367,0.5234161826641198,12.0,0.5,1.0,1.0,300.0,1.0,3.241629689390834,2.699475594997922,2.631706333198744,London_NewYork_Overlap,NO,90.0,150.0,1795.0,0.4217270194986026,5.862041145623198,4.275110931827242,0.3385684442187714,0.0,14.851044028395195,0.0,7112.907537399844,452.2142906646277,2264.203020984948,1038.6647565847293,2023,1000,2.1799170585415406,0.07,1465.5900000000001
2023-12-29,2023,2023-12-01 10:45:00+00:00,EXECUTED,BUY,2045.35,M15,9942.000000000007,1143.9999999999827,297.81,London,NO,CHoCH,EXECUTED,,67.25,0.0,67.25,1,1,1,1,1,3.107857142857174,0.962250676764154,0.8198614318706731,1.8329849268346352,1.6971428571428402,10,4,3,1,0,0,19.800000000000185,-19.800000000000185,3.2912559738009133,6.481481481481546,0.8198614318706731,7.492857142857182,0.1519474487426198,9.440778769369595,8.984250303545403,0.0,0.7248339314059596,0.5378052656024641,300.0,0.0829756695500936,4.18259959302086,0.347054001690855,11.0,0.5,1.0,1.0,300.0,1.0,2.952020202020226,2.5395622895622827,2.280303030302989,London,NO,45.0,195.0,1005.0,0.7233830845770995,1.6380471380472723,4.283670033670066,0.3663361841668752,0.0,14.66741633461266,0.0,21873.51797980787,2516.9286430194943,1490.4652799903786,1019.1169577032148,2023,1000,1.4625066031179013,0.02,595.62
2023-12-29,2023,2023-12-01 18:00:00+00:00,EXECUTED,BUY,2056.02,M15,8875.0,3588.999999999988,181.21,NewYork,NO,CHoCH,EXECUTED,,74.5,0.0,74.5,1,1,1,1,1,5.7842857142857,2.368465194296897,0.5481727574750772,1.853190952661229,4.460714285714224,18,4,1,0,1,0,61.79999999999836,-61.79999999999836,3.7213389073695313,2.0176140912730465,0.5481727574750772,9.562142857142884,0.2813341170944688,6.54487666962904,8.0014985496839,0.0,1.5885264374046129,0.4377389325006565,300.0,0.2169587010687748,3.753407585387429,0.8143344343073431,9.0,0.5,1.0,1.0,300.0,1.0,1.683586869495567,3.051080864691773,4.483586869495658,NewYork,NO,0.0,300.0,2263.0,0.2916482545293803,3.593594875900815,1.479583666933547,0.4650802451893894,0.0,14.591297750021887,0.0,19424.66512971664,7855.225143724257,2394.39996315532,1364.364294470421,2023,1000,1.7549564825607724,0.04,724.84
2023-12-29,2023,2023-12-19 16:30:00+00:00,EXECUTED,BUY,2037.11,M15,992.0000000000072,764.9999999999864,-26.03,London_NewYork_Overlap,NO,BoS_1,EXECUTED,,0.0,20.75,20.75,1,1,1,1,1,3.9421428571428936,2.656883997554333,0.7582278481012801,2.2785755881027985,2.5600000000000103,16,1,2,1,1,1,33.39999999999918,-33.39999999999918,1.803016427130868,6.249999999999975,0.7582278481012801,9.578571428571422,0.1935164452161588,4.453602571799416,3.834541320970612,0.0,2.243850869336792,0.7854264129084831,300.0,0.1256682260653578,4.474982245887986,0.562363080514714,16.0,0.5,1.0,1.0,300.0,1.0,2.7851562499999427,2.308593749999934,3.324218749999983,London_NewYork_Overlap,NO,150.0,90.0,1668.0,0.6372901678656979,2.3632812500000617,4.152343749999937,0.4702039373706586,0.0,14.72674524203406,0.0,2191.339692014684,1689.894016523378,2039.575591977969,1154.612596533946,2023,1000,1.766458808868542,0.04,-104.12
2023-12-29,2023,2023-12-22 01:00:00+00:00,EXECUTED,BUY,2048.87,M15,2182.9999999999927,208.9999999999918,42.98,Sydney_Tokyo_Overlap,NO,BoS_1,EXECUTED,,0.0,9.5,9.5,1,1,1,1,1,5.383571428571405,0.5141443943075321,0.7075471698112813,0.6802698425918214,1.750714285714285,1,4,0,0,0,0,27.5,-27.5,2.1200740970829712,11.423908608731136,0.7075471698112813,7.230714285714304,0.2627580777975862,3.984823418410176,6.007368074095155,0.0,0.4916940636069605,0.976147827827046,300.0,0.0854477973572889,6.889280230248392,0.5886738210518412,20.0,0.5,1.0,1.0,300.0,1.0,2.216238270093773,2.718890248878005,2.416156670746516,Sydney_Tokyo_Overlap,NO,0.0,420.0,800.0,0.375,2.855977152182784,1.7135862913096702,0.3529123021819005,0.0,14.642217417405693,0.0,4794.594093329479,459.0335160356505,1315.0774413202598,1219.8390743612229,2023,1000,1.0780745337321722,0.01,42.98
2023-12-29,2023,2023-12-22 12:15:00+00:00,EXECUTED,BUY,2056.16,M15,1453.9999999999964,514.9999999999636,-36.77,London,NO,BoS_2,EXECUTED,,0.0,20.75,20.75,1,1,1,1,1,3.808571428571424,0.8625392377675706,0.5650557620817661,1.2296540143315544,1.6221428571428922,12,4,3,1,0,0,10.69999999999709,-10.69999999999709,2.3939580783780325,9.863496257155225,0.5650557620817661,8.274285714285725,0.185227386417955,6.924766051251866,5.9489858247694025,0.0,1.989670085346848,0.7781495603454985,300.0,0.0788918594439582,8.945552861694498,0.705731299013301,16.0,0.5,1.0,1.0,300.0,1.0,1.4487010127696176,1.7877586966091603,3.8097754293261046,London,NO,135.0,105.0,1198.0,0.5166944908180339,3.5693527080580245,3.815940114486961,0.4024144869215297,0.0,14.590304256478095,0.0,3182.1453583378648,1127.1010038128534,1396.758027285466,1132.4785802705496,2023,1000,1.233363748877069,0.02,-73.54
2024-12-30,2024,2024-01-11 18:15:00+00:00,EXECUTED,SELL,2018.31,M15,514.9999999999864,4401.999999999998,-255.71,NewYork,NO,BoS_1,EXECUTED,,0.0,22.0,22.0,-1,-1,1,0,0,5.969999999999994,2.749166792653785,0.685340802987873,1.3425216013350558,6.524999999999993,18,3,1,0,1,0,-274.9000000000001,274.9000000000001,-1.8773676492525804,2.452107279693489,0.685340802987873,10.139285714285702,0.2957920240200957,-3.7696347536915615,-3.73705802059047,0.0,3.2253289826185734,0.7927424429349307,300.0,0.3232902775094011,-1.9217859582410568,-0.6212947157534215,16.0,0.5,1.0,1.0,300.0,1.0,-1.9754789272030824,-1.1586206896551652,-1.7088122605364142,NewYork,NO,15.0,285.0,1472.0,0.2642663043478169,1.659770114942554,0.59616858237546,0.5023651329223807,0.0,14.86392080502995,0.0,1148.2378821885334,9814.646907561271,1619.9022714986052,1367.2469972316558,2024,1274,1.1847912445801785,0.01,-255.71
2024-12-30,2024,2024-01-12 14:00:00+00:00,EXECUTED,BUY,2050.75,M15,1157.9999999999927,946.0000000000036,-34.5,London_NewYork_Overlap,NO,CHoCH,EXECUTED,,19.75,0.0,19.75,-1,1,0,1,1,4.32285714285719,1.9239023873241303,0.6392857142856944,2.363517726382948,2.55285714285716,14,4,2,1,1,1,49.500000000000455,-49.500000000000455,-0.2239764769441618,6.267487409065431,0.6392857142856944,10.875,0.2107939603977661,2.5650177719417955,-0.4223629977868872,0.0,2.0126182883748105,0.7802023649884189,300.0,0.1244840737709208,7.181080864292256,0.8939302000655054,16.0,0.5,1.0,1.0,300.0,1.0,2.04868494683827,1.9625069949636096,4.363738108561845,London_NewYork_Overlap,NO,0.0,240.0,1540.0,0.3487012987012896,3.9289311695579694,2.1035254616675427,0.530293794953066,0.0,14.628794343532851,0.0,2541.0215774716407,2075.82591734732,1793.0912396685908,1153.5939988678049,2024,1274,1.5543520869807061,0.04,-138.0
2024-12-30,2024,2024-01-17 06:00:00+00:00,EXECUTED,SELL,2023.49,M15,2180.9999999999945,558.9999999999918,161.94,Sydney_Tokyo_Overlap,NO,BoS_1,EXECUTED,,0.0,19.0,19.0,-1,-1,1,0,0,4.775714285714246,0.2709466987453779,0.3187500000000124,0.8743261930968306,2.04428571428569,6,2,0,0,0,0,-95.09999999999992,95.09999999999992,-1.4865107496489234,9.783368273934428,0.3187500000000124,8.02500000000001,0.2360137329917245,-3.797590936386945,-3.748211385429404,0.0,0.5137371611076834,0.988391343668612,300.0,0.101027715199269,-7.730278499118979,-0.7809723746200256,20.0,0.5,1.0,1.0,300.0,1.0,-1.6289308176100463,-2.6561844863732285,-3.306778476589832,Sydney_Tokyo_Overlap,NO,300.0,120.0,1126.0,0.2788632326820695,3.972047519217324,1.535988819007754,0.3965920266470311,0.0,14.825870155029182,0.0,4850.283421217785,1243.1492124991787,1293.5397180238274,1074.250782003228,2024,1274,1.2041319770898156,0.02,323.88
2024-12-30,2024,2024-01-17 16:45:00+00:00,EXECUTED,SELL,2012.3,M15,1061.999999999989,503.9999999999964,-9.11,London_NewYork_Overlap,NO,BoS_2,EXECUTED,,0.0,29.75,29.75,-1,-1,1,0,0,5.972857142857135,3.131916565635154,0.8623188405797251,2.132812127568289,4.009999999999975,16,2,2,1,1,1,-167.79999999999973,167.79999999999973,-1.9982485385131945,3.990024937655885,0.8623188405797251,9.38785714285718,0.2968174299486724,-4.602897149713635,-4.283273033302989,0.0,2.540091179879363,0.7951100730507379,300.0,0.1992744620583399,-5.295672926997627,-1.055292373764367,16.0,0.5,1.0,1.0,300.0,1.0,-1.8079800498753231,-2.53615960099754,-3.7930174563591352,London_NewYork_Overlap,NO,165.0,75.0,1934.0,0.1742502585315359,3.982543640897788,0.8403990024937437,0.4665237361654415,0.0,14.908313869701336,0.0,2374.8943994433985,1127.068528549413,1592.4254688098936,1166.9095817057578,2024,1274,1.3646519779896982,0.02,-18.22
2024-12-30,2024,2024-02-05 10:00:00+00:00,EXECUTED,SELL,2024.81,M15,1004.9999999999956,504.99999999999545,-12.61,London,NO,BoS_1,EXECUTED,,0.0,66.5,66.5,-1,-1,1,0,0,4.178571428571412,1.2622329644875814,0.8489425981873087,2.380717250964686,2.38714285714283,10,0,3,1,0,0,-174.80000000000018,174.80000000000018,-0.791523758880776,6.702573309395648,0.8489425981873087,10.4364285714285,0.2063685693260805,-2.595748232593792,-1.5356644385101317,0.0,0.9130896185908272,0.7901975987870467,300.0,0.1178946596047446,-6.75918417903599,-0.7968717179932234,16.0,0.5,1.0,1.0,300.0,1.0,-1.23997606223821,-2.5721125074806217,-2.5218432076601047,London,NO,0.0,240.0,595.0,0.5277310924369695,1.177139437462588,1.3153800119688426,0.5154275498159581,0.0,14.816204977257124,0.0,2233.5429003215017,1122.327527027217,1280.2440712853563,1175.344438375519,2024,1274,1.0892501206325715,0.01,-12.61
2024-12-30,2024,2024-02-12 15:45:00+00:00,EXECUTED,SELL,2018.95,M15,2652.9999999999973,1296.0000000000036,157.45,London_NewYork_Overlap,NO,BoS_1,EXECUTED,,0.0,101.5,101.5,-1,-1,1,0,0,2.703571428571422,2.55195766337517,0.8156565656565627,1.537508045100236,2.08071428571431,15,0,2,1,1,1,-86.39999999999873,86.39999999999873,-0.93240902666732,7.689667009955283,0.8156565656565627,7.317142857142845,0.1339097762981461,-4.517951190942836,-2.572708010685264,0.0,1.372740446642032,0.792491146387974,300.0,0.103059228099473,-3.894904529520536,-0.4014058543335274,16.0,0.5,1.0,1.0,300.0,1.0,-3.566083075866688,-0.8843117061448182,-1.3649158942670234,London_NewYork_Overlap,NO,105.0,135.0,1299.0,0.4280215550423357,3.570889117748015,2.6721592859594345,0.3624231831963568,0.0,14.859208994774512,0.0,5913.22221947051,2888.630228584173,1438.2687606580969,752.7481899957379,2024,1274,1.9106904271217715,0.04,629.8
2024-12-30,2024,2024-02-13 15:30:00+00:00,EXECUTED,SELL,2011.7,M15,2577.9999999999973,90.99999999998543,227.41,London_NewYork_Overlap,NO,CHoCH,EXECUTED,,23.75,0.0,23.75,-1,-1,1,0,0,4.091428571428586,3.2814422214205767,0.8125294394724439,3.1949927780452576,2.9035714285713703,15,1,2,1,1,1,-202.1000000000004,202.1000000000004,-1.2404024819710555,5.5104551045511565,0.8125294394724439,7.756428571428581,0.2033816459426646,-4.221021906345983,-3.217096180286985,0.0,1.5930141223060434,0.7953472187701944,300.0,0.1443342162634274,-4.205550501063952,-0.6070048355273302,16.0,0.5,1.0,1.0,300.0,1.0,-5.703321033210428,-5.596555965559768,-5.379581795818028,London_NewYork_Overlap,NO,90.0,150.0,3785.0,0.5442536327608999,5.940959409594215,7.09471094710966,0.3855658682422121,0.0,14.912760351941143,0.0,5766.764428095634,203.559178803964,3178.6949267294767,907.19682177294,2024,1274,3.50386470767979,0.07,1591.8700000000001
2024-12-30,2024,2024-02-14 10:00:00+00:00,EXECUTED,SELL,1988.24,M15,421.0000000000037,790.0000000000091,-78.08,London,NO,BoS_1,EXECUTED,,0.0,18.5,18.5,-1,-1,1,0,0,2.6364285714285773,1.5302154337507947,0.3962848297213515,3.441661024599413,1.4778571428571468,10,2,3,1,0,0,-5.099999999999909,436.7000000000007,-2.327151416829871,10.826486225229552,0.3962848297213515,7.840000000000016,0.132601123175702,-13.163258693176289,-5.901703485966598,0.0,1.232980817262329,0.8047318231199453,300.0,0.0743299170551415,-13.506432455228458,-1.0039320041080035,16.0,0.5,1.0,1.0,300.0,1.0,-2.632189463509002,-2.733687771870437,-3.1870468825519738,London,NO,0.0,240.0,559.0,0.1717352415026924,3.132914451425721,0.6495891735137976,0.3943185933287739,0.0,15.088721683498974,0.0,952.8527743129686,1788.013519494649,1126.549773667132,1040.6738781870856,2024,1274,1.0825195071001947,0.01,-78.08
2024-12-30,2024,2024-02-27 10:30:00+00:00,EXECUTED,BUY,2038.6,M15,91.0000000000082,1375.0,-119.2,London,NO,CHoCH,EXECUTED,,147.0,0.0,147.0,1,1,1,1,1,2.222857142857135,1.5964032181732135,0.601769911504383,2.194629219019463,1.2728571428570896,10,1,3,1,0,0,15.0,-15.0,0.4744489674850035,12.570145903479762,0.601769911504383,6.616428571428547,0.1090384157194709,6.311928676944164,1.461833456937174,0.0,1.087295118693539,0.7848523496517218,300.0,0.0624378074588977,6.022787317309448,0.3760496348840587,16.0,0.5,1.0,1.0,300.0,1.0,2.608305274972001,3.032547699214414,4.053872053872109,London,NO,30.0,210.0,329.0,1.0060790273556175,-0.0157126823793354,2.600448933782333,0.32455746941178,0.0,14.715981555969783,0.0,200.87314823900564,3035.171195918768,1051.428912788592,932.6852517831024,2024,1274,1.1273137543222391,0.01,-119.2
2024-12-30,2024,2024-02-28 15:30:00+00:00,EXECUTED,BUY,2034.4,M15,1594.9999999999818,643.0000000000064,97.26,London_NewYork_Overlap,NO,CHoCH,EXECUTED,,176.0,0.0,176.0,1,1,1,1,1,2.891428571428573,2.524616374519859,0.2973621103117476,1.9941699678600795,1.7364285714285674,15,2,2,1,1,1,6.100000000001273,-6.100000000001273,0.2591632821001719,18.42863019333612,0.2973621103117476,6.007142857142851,0.1421268468063592,2.812923103667926,0.8776914310896866,0.0,1.4224873302844976,1.5729453401494298,300.0,0.0853533509353405,2.006258909945162,0.1712409208077031,32.0,0.5,1.0,1.0,300.0,1.0,2.7297408473879177,3.127108185931759,4.152200740436065,London_NewYork_Overlap,NO,90.0,150.0,845.0,0.8437869822485291,0.7601809954750782,4.106129164952766,0.2952783551485868,0.0,14.746362563900902,0.0,3528.0672434132507,1422.2866692882562,1093.3490400168644,1003.9083195082786,2024,1274,1.0890925184805664,0.01,97.26
2024-12-30,2024,2024-02-29 15:30:00+00:00,EXECUTED,BUY,2043.77,M15,1374.0000000000236,484.9999999999909,84.41,London_NewYork_Overlap,NO,BoS_1,EXECUTED,,0.0,24.0,24.0,1,1,1,1,1,3.5542857142856974,3.321639276220217,0.9063231850117056,2.8606750484010166,2.4699999999999624,15,3,2,1,1,1,58.29999999999927,-58.29999999999927,0.6937510052485354,12.955465587044731,0.9063231850117056,6.948571428571427,0.1739083025137709,4.436433701076648,2.0405165386467097,0.0,1.7152170379514395,1.5657339133072703,300.0,0.1208550864334031,4.399563000249289,0.5317095666643301,32.0,0.5,1.0,1.0,300.0,1.0,5.485829959514235,6.056680161943427,5.068825910931244,London_NewYork_Overlap,NO,90.0,150.0,2091.0,0.7154471544715514,2.408906882591056,6.056680161943427,0.3399879354610072,0.0,14.678755437255662,0.0,3025.291495618444,1067.8794580603294,1906.2364717376413,1012.7470066355544,2024,1274,1.8822435013363774,0.04,337.64
2024-12-30,2024,2024-03-01 12:15:00+00:00,EXECUTED,BUY,2050.38,M15,3800.0,484.00000000001455,350.17,London,NO,CHoCH,EXECUTED,,20.75,0.0,20.75,1,1,1,1,1,3.3621428571428686,1.7036989052276996,0.610687022900754,1.4629225736095963,2.575000000000029,12,4,3,1,0,0,15.199999999999818,-15.199999999999818,0.9667001749479012,6.213592233009639,0.610687022900754,7.211428571428574,0.1639765729836844,5.703230265578959,2.748557633313736,0.0,1.6797096684348187,0.7803431559028082,300.0,0.1255864766531096,4.148238837976913,0.5209626999771101,16.0,0.5,1.0,1.0,300.0,1.0,1.592233009708773,2.6601941747573044,1.949514563106856,London,NO,135.0,105.0,1655.0,0.6338368580060446,2.3533980582523792,4.0737864077669474,0.3517118081247658,0.0,14.631434173177654,0.0,8339.917478711262,1062.2421209727297,1820.2085697961431,983.7293391196464,2024,1274,1.8503144080515828,0.04,1400.68
2024-12-30,2024,2024-03-04 15:45:00+00:00,EXECUTED,BUY,2091.53,M15,5027.999999999975,113.00000000001091,394.39,London_NewYork_Overlap,NO,BoS_1,EXECUTED,,0.0,75.5,75.5,1,1,1,1,1,3.537142857142823,2.032561525066109,0.7897862232779137,1.8633426795074968,2.246428571428526,15,0,2,1,1,1,31.50000000000091,-31.50000000000091,2.7651908213472054,5.341812400636038,0.7897862232779137,10.028571428571452,0.169117481324333,13.982570490019604,5.767002408832786,0.0,1.0433292464888924,0.5737426668515393,300.0,0.1074059932885746,11.44770385433317,1.2295520033480989,12.0,0.5,1.0,1.0,300.0,1.0,3.360890302066921,3.8594594594595697,3.708108108108353,London_NewYork_Overlap,NO,105.0,135.0,2027.0,0.4617661568820984,4.856597774244866,4.166613672496166,0.4794849430116446,0.0,14.343566671288482,0.0,10817.91798348572,243.12345507836324,2275.055752203483,1012.4070030166774,2024,1274,2.247175044645563,0.07,2760.7300000000005
2024-12-30,2024,2024-03-05 10:15:00+00:00,EXECUTED,BUY,2120.95,M15,2086.0000000000127,198.00000000000185,68.57,London,NO,BoS_2,EXECUTED,,0.0,94.0,94.0,1,1,1,1,1,3.978571428571383,1.4271064903180413,0.7092651757187611,1.7148949131891562,2.421428571428545,10,1,3,1,0,0,10.099999999997635,-10.099999999997635,3.921328497886888,5.368731563421886,0.7092651757187611,11.6457142857143,0.1875844045626433,16.81607206917914,7.141632941996111,0.0,1.2005871015919485,0.6129328838492185,300.0,0.1141671690246609,12.734901078228337,1.453907603910431,13.0,0.5,1.0,1.0,300.0,1.0,2.3539823008849057,2.6802359882005287,0.730973451327434,London,NO,15.0,225.0,1223.0,0.5249386753883571,2.399410029498716,2.651327433628189,0.5490800955097622,0.0,14.144605011905044,0.0,4425.846908225115,420.0947688535837,1656.5650737341098,1270.6192350858273,2024,1274,1.3037462585100978,0.02,137.14
2024-12-30,2024,2024-03-08 10:15:00+00:00,EXECUTED,BUY,2166.24,M15,2898.000000000002,1014.9999999999636,148.24,London,NO,CHoCH,EXECUTED,,28.25,0.0,28.25,1,1,1,1,1,3.854285714285782,1.4065376981754705,0.6543535620051681,1.6928107280327802,1.9792857142856843,10,4,3,1,0,0,26.49999999999636,-26.49999999999636,5.105797581425523,6.568025983399594,0.6543535620051681,10.242857142857147,0.1779251474576123,17.183515569635354,10.798142352790864,0.0,1.1180787931448857,0.6001181771179557,300.0,0.0913696411425181,9.153970175227304,0.8363949699398324,13.0,0.5,1.0,1.0,300.0,1.0,2.6423673763982314,3.0212919523635926,4.334897149043695,London,NO,15.0,225.0,921.0,0.5428881650380001,2.127029953085579,2.5261638397690747,0.4728403659270048,0.0,13.84888101041436,0.0,6020.108575227126,2108.4921338355107,1657.519771087064,1182.5374104359869,2024,1274,1.401663707599709,0.02,296.48
2024-12-30,2024,2024-03-20 20:00:00+00:00,EXECUTED,BUY,2167.75,M15,5490.000000000009,551.0000000000218,391.92,NewYork,NO,CHoCH,EXECUTED,,64.75,0.0,64.75,-1,1,0,1,1,5.6107142857141685,3.742828092090929,0.3687116564417373,2.754653130287648,3.2642857142857014,20,2,1,0,1,0,41.70000000000073,-41.70000000000073,3.167328649234497,4.288840262582074,0.3687116564417373,8.23357142857146,0.2588266306407182,2.6407226883195407,8.339001779412923,0.0,1.8852835463258784,0.6458309306885018,300.0,0.1505840486350225,3.220493987842977,0.4849550232941446,14.0,0.5,1.0,1.0,300.0,1.0,3.0144420131291594,3.0818380743982448,3.758862144420141,NewYork,NO,120.0,240.0,3196.0,0.371088861076349,6.157549234135664,3.633260393873139,0.3798210784717546,0.0,13.839234229039327,0.0,11396.609387613904,1143.8127090301457,3201.794358402726,1097.122777466137,2024,1274,2.918355560712575,0.07,2743.4400000000005
2024-12-30,2024,2024-03-25 16:00:00+00:00,EXECUTED,BUY,2179.88,M15,2015.000000000009,1230.9999999999943,18.24,London_NewYork_Overlap,NO,CHoCH,EXECUTED,,68.75,0.0,68.75,-1,1,0,1,1,5.491428571428612,1.6197072742658352,0.9750000000001016,1.4541792547834844,2.915714285714297,16,0,2,1,1,1,15.900000000001455,13.800000000001091,3.1332276671294714,4.458598726114632,0.9750000000001016,12.710000000000036,0.2519142600248001,2.723260427106004,5.373768943369137,0.0,1.0303847701900195,0.596363102556104,300.0,0.133755724430441,2.605151288311681,0.3484538978190255,13.0,0.5,1.0,1.0,300.0,1.0,2.308182263596273,1.852033317001493,3.186183243508059,London_NewYork_Overlap,NO,120.0,120.0,947.0,0.9915522703273576,0.0274375306222189,3.2204801567859884,0.5830596179606233,0.0,13.7622254436024,0.0,4159.632640328844,2541.1949281611714,1999.8887307639363,1819.4692031842155,2024,1274,1.0991605283914518,0.01,18.24
2024-12-30,2024,2024-03-28 12:15:00+00:00,EXECUTED,BUY,2204.48,M15,6113.000000000011,224.00000000002365,296.9,London,NO,BoS_1,EXECUTED,,0.0,68.25,68.25,1,1,1,1,1,5.14714285714282,1.811772870892919,0.5971943887775577,1.947873799725652,2.919285714285739,12,3,3,1,0,0,44.49999999999818,-44.49999999999818,3.686527619904866,2.740396378761905,0.5971943887775577,12.269285714285775,0.2334855774215606,5.817869474660521,6.6237567506194175,0.0,2.044036521489248,0.3628973726230222,300.0,0.1324251394562771,5.968581921397724,0.7903902932973084,8.0,0.5,1.0,1.0,300.0,1.0,2.747247369708804,3.487154391974468,3.692684120381736,London,NO,135.0,105.0,1983.0,0.5864851235501841,2.80890628823089,3.9838512356251568,0.556561443709436,0.0,13.608651473363334,0.0,12478.452968500533,457.2506895050562,2335.5952519898274,1307.738818456672,2024,1274,1.7859799059464947,0.04,1187.6
2024-12-30,2024,2024-04-02 17:00:00+00:00,EXECUTED,BUY,2270.88,M15,1735.9999999999673,2001.0000000000216,81.14,London_NewYork_Overlap,YES,BoS_2,EXECUTED,,0.0,193.0,193.0,1,1,1,1,1,7.640714285714239,2.425067737361542,0.5218978102189996,1.8870306090249287,4.62928571428571,17,1,1,0,1,0,52.69999999999982,-52.69999999999982,5.820438498146034,3.672272797407811,0.5218978102189996,16.99642857142856,0.3364649072480377,8.870730109608054,7.776643970303772,0.0,1.8949648844585407,0.7486084689635736,300.0,0.2038542641744923,6.338262987629768,1.2920819374876853,17.0,0.5,1.0,1.0,300.0,1.0,2.6807591421077688,2.8686931029162626,2.6656380188242896,London_NewYork_Overlap,YES,120.0,120.0,2079.0,0.793169793169806,0.9288690016972108,3.562104613485628,0.7484511982768159,0.0,13.210737687592475,0.0,3440.076093849016,3965.202916930925,2909.699020815644,2184.428137189181,2024,1274,1.3320186511421277,0.02,162.28
2024-12-30,2024,2024-04-05 17:15:00+00:00,EXECUTED,BUY,2311.37,M15,4247.0000000000255,846.99999999998,126.14,London_NewYork_Overlap,YES,CHoCH,EXECUTED,,46.0,0.0,46.0,1,1,1,1,1,9.77357142857139,2.247163655840678,0.6302521008403313,1.5748328864383097,6.43857142857142,17,4,1,0,1,0,58.099999999999454,-58.099999999999454,6.392151716845398,1.242511648546707,0.6302521008403313,15.815714285714291,0.4228475505250735,6.767000478828288,9.34173913795995,0.0,1.9023423251978369,0.3461150746094308,300.0,0.2785608287972683,4.01958149585305,1.1196979529029891,8.0,0.5,1.0,1.0,300.0,1.0,2.59529620590194,3.333037497226546,3.1280230752163147,London_NewYork_Overlap,YES,135.0,105.0,3648.0,0.6077302631578965,2.2225427113379133,3.4433104060350725,0.6842571412501803,0.0,12.979315297853656,0.0,8268.47281049772,1649.022008592268,3894.638850467157,2420.1224147786525,2024,1274,1.609273492400328,0.04,504.56
2024-12-30,2024,2024-04-08 05:30:00+00:00,EXECUTED,BUY,2344.52,M15,559.0000000000146,2590.000000000009,-18.06,Sydney_Tokyo_Overlap,YES,BoS_1,EXECUTED,,0.0,60.25,60.25,1,1,1,1,1,14.100000000000009,1.510277497634668,0.6423413150893245,1.7907070707070707,6.523571428571456,5,0,0,0,0,0,-93.20000000000164,93.20000000000164,7.511134648850717,2.4526442570896645,0.6423413150893245,18.71571428571432,0.6014024192585266,6.466508587603978,9.409208293142829,0.0,1.3728059373101489,0.6824424615699588,300.0,0.2782476339963598,7.110291323881596,1.9784217378949,16.0,0.5,1.0,1.0,300.0,1.0,3.116391109164544,4.762728566736017,5.556772144968771,Sydney_Tokyo_Overlap,YES,210.0,210.0,4187.0,0.9164079293049914,0.536515931238364,5.881747509033135,0.7982748829489328,0.0,12.795796154436728,0.0,1072.9275075495475,4971.166805998686,4165.416402725839,3124.5837607459757,2024,1274,1.3331108146485953,0.02,-36.12
2024-12-30,2024,2024-04-09 10:00:00+00:00,EXECUTED,BUY,2354.76,M15,1051.9999999999982,1653.00000000002,-0.26,Tokyo_London_Overlap,YES,BoS_2,EXECUTED,,0.0,88.75,88.75,1,1,1,1,1,5.294285714285739,1.3280375263709971,0.9904030710172832,1.58845640839093,2.562142857142914,10,1,3,1,0,0,9.200000000000728,-9.200000000000728,7.422299592951647,4.683579592974526,0.9904030710172832,19.391428571428605,0.2248333466801601,15.217291567794604,9.01312356906524,0.0,1.20490606813141,0.5096060745044081,300.0,0.1088069636456757,11.463590844313648,1.247318512246136,12.0,0.5,1.0,1.0,300.0,1.0,3.4970727627543274,3.789796487315235,4.125453024811793,Tokyo_London_Overlap,YES,0.0,60.0,1078.0,0.9573283858998524,0.1795372177305269,4.027878449958156,0.8234991494431961,0.0,12.740151862610205,0.0,2010.395963919886,3158.920654334237,3231.780712328128,2105.063847162461,2024,1274,1.535241183627012,0.04,-1.04
2024-12-30,2024,2024-04-11 19:30:00+00:00,EXECUTED,BUY,2347.8,M15,8363.999999999987,17.000000000007276,471.64,NewYork,YES,CHoCH,EXECUTED,,57.5,0.0,57.5,1,1,1,1,1,8.104285714285718,1.1027271378180614,0.868110236220468,0.6384305720927596,4.731428571428588,19,3,1,0,1,0,10.100000000002185,-10.100000000002185,6.236478723308515,2.9589371980676225,0.868110236220468,16.615714285714343,0.3451863750867074,5.436741035112172,8.812142827451275,0.0,1.5663864971983057,0.5963029218843172,300.0,0.2015260487021291,1.7087694217886926,0.3443615497160971,14.0,0.5,1.0,1.0,300.0,1.0,0.6573067632850488,1.9888285024155168,1.2131642512077752,NewYork,YES,30.0,330.0,3399.0,0.1297440423654098,6.251811594202861,0.9320652173913664,0.7077142126976038,0.0,12.77791975466394,0.0,16031.178124201357,32.58369537440699,3807.3881800560616,2526.93944631991,2024,1274,1.506719199623451,0.04,1886.56
2024-12-30,2024,2024-04-15 21:45:00+00:00,EXECUTED,BUY,2375.92,M15,2225.9999999999764,1293.000000000029,146.47,NewYork,YES,CHoCH,EXECUTED,,155.75,0.0,155.75,1,1,1,1,1,11.896428571428617,0.898131523390486,0.6756756756756583,0.8272506082725061,5.775000000000058,21,0,1,0,1,0,35.50000000000182,-35.50000000000182,6.486550278301658,2.4242424242424,0.6756756756756583,25.57785714285715,0.5007082970566609,3.9786768427455033,6.025338421098455,0.0,0.9550876308157862,0.5892454291390282,300.0,0.2430637395198516,2.747945426297382,0.6679258913123144,14.0,0.5,1.0,1.0,300.0,1.0,1.795670995670959,1.7056277056276727,4.720346320346311,NewYork,YES,165.0,195.0,3814.0,0.7181436811746189,1.8614718614718428,4.742857142857073,1.0765453863285444,0.0,12.62668776726489,0.0,4216.051045489702,2448.9460924610808,4322.217917314527,3343.1361606158903,2024,1274,1.292863260621208,0.02,292.94
2024-12-30,2024,2024-04-17 11:15:00+00:00,EXECUTED,BUY,2388.58,M15,695.0000000000273,3403.9999999999964,-237.6,London,YES,CHoCH,EXECUTED,,15.5,0.0,15.5,1,1,1,1,1,6.472857142857135,0.9298755186721992,0.922242314647328,1.405197305101059,3.464285714285747,11,2,3,1,0,0,16.900000000000546,-16.900000000000546,6.398026272662081,2.5979381443298726,0.922242314647328,18.915000000000028,0.2709918505077132,6.773584686180138,8.07940660552745,0.0,0.94800301819933,0.3767929062455517,300.0,0.1450353647056304,3.504668181494319,0.508300827875247,9.0,0.5,1.0,1.0,300.0,1.0,2.528659793814341,2.776907216494788,3.207010309278357,London,YES,15.0,225.0,1124.0,0.5382562277579933,1.4981443298969088,1.7463917525772243,0.7918930912927358,0.0,12.559763541518391,0.0,1309.3553492033436,6413.015264299283,3312.9837212558778,1898.6507415663589,2024,1274,1.7449147695919656,0.04,-950.4
2024-12-30,2024,2024-04-19 04:15:00+00:00,EXECUTED,BUY,2395.67,M15,2215.999999999985,2276.000000000022,-133.92,Sydney_Tokyo_Overlap,YES,CHoCH,EXECUTED,,56.5,0.0,56.5,1,1,1,1,1,9.47214285714293,3.2462953334199924,0.6182336182336272,4.594859115026013,3.3528571428571143,4,4,0,0,0,0,29.099999999998545,-29.099999999998545,6.056551443333171,5.070302513847508,0.6182336182336272,16.344285714285792,0.3953859612193219,4.177739467099445,8.877413702801272,0.0,2.9260349750178443,0.7096135945267921,300.0,0.1399548828869216,5.005156571098849,0.7004961017388454,17.0,0.5,1.0,1.0,300.0,1.0,5.672773753728206,5.953131657435085,4.951001278227539,Sydney_Tokyo_Overlap,YES,135.0,285.0,3779.0,0.5443238952103779,5.135918193438416,6.135066041755533,0.6822427844521904,0.0,12.522592844590449,0.0,4162.5098615418365,4275.21319714322,4512.829054879548,2140.5553602226864,2024,1274,2.108251502736219,0.07,-937.44
2024-12-30,2024,2024-04-26 10:30:00+00:00,EXECUTED,BUY,2345.61,M15,688.9999999999873,2557.0000000000164,-85.36,Tokyo_London_Overlap,YES,BoS_1,EXECUTED,,0.0,17.0,17.0,1,1,1,1,1,4.571428571428604,1.080572411331408,0.567567567567634,1.043387660936221,3.3064285714286337,10,4,3,1,0,0,8.099999999999454,-8.099999999999454,3.078521791044528,5.141499243897073,0.567567567567634,14.399999999999991,0.1948929520009125,1.1910130739083429,5.014591318258304,0.0,1.089657967322667,0.7247581652533882,300.0,0.1409624179394116,5.07022316620128,0.7147109170001518,17.0,0.5,1.0,1.0,300.0,1.0,1.4003024411320006,1.9205011881615264,2.7885072369842545,Tokyo_London_Overlap,YES,30.0,30.0,689.0,1.0087082728592078,-0.0181464679196202,2.1019658673580035,0.6139127988028698,0.0,12.789849975059791,0.0,1321.830994922405,4905.546957934214,2582.520262143426,1946.480484039873,2024,1274,1.3267640150100388,0.02,-170.72
2024-12-30,2024,2024-04-29 12:45:00+00:00,EXECUTED,BUY,2343.22,M15,341.0000000000309,3250.9999999999764,-289.36,London,YES,CHoCH,EXECUTED,,74.25,0.0,74.25,1,1,1,1,1,6.237857142857267,0.8666677398065129,0.7647058823528654,0.94289433471051,2.696428571428604,12,0,3,1,0,0,-10.80000000000382,10.80000000000382,2.799741393291875,4.079470198675447,0.7647058823528654,13.812142857142948,0.2662087701051231,0.6004709159481959,4.749740931181198,0.0,0.9469746937247076,0.4694394892498357,300.0,0.1150736410336461,3.606781900234087,0.4150455256741897,11.0,0.5,1.0,1.0,300.0,1.0,1.8098013245031608,1.4241059602647688,3.756821192052808,London,YES,105.0,135.0,651.0,1.0,0.0,2.4143046357614724,0.5894513898457229,0.0,12.802895161359157,0.0,654.8680875035802,6243.331825436748,2398.6680679637097,2113.0211870687835,2024,1274,1.1351841063606087,0.01,-289.36
2024-12-30,2024,2024-05-09 15:30:00+00:00,EXECUTED,BUY,2327.51,M15,5080.9999999999945,1522.0000000000257,414.54,London_NewYork_Overlap,YES,CHoCH,EXECUTED,,235.5,0.0,235.5,1,1,1,1,1,5.023571428571456,1.9725973771775296,0.8909257561870196,1.8148710166919573,3.17642857142859,15,3,2,1,1,1,65.0,-65.0,1.5923306039572416,6.296379581740463,0.8909257561870196,10.713571428571576,0.2158345798115349,2.22425048673964,3.4593183316374803,0.0,1.178794720389024,0.8592873929650141,300.0,0.1364732513041228,4.440727805403474,0.6060405617600341,20.0,0.5,1.0,1.0,300.0,1.0,3.658196536991318,4.483022262199284,6.164155610524033,London_NewYork_Overlap,YES,30.0,210.0,2148.0,0.595437616387356,2.7357769282661053,4.0265347425231575,0.4603018431100865,0.0,12.889310894475212,0.0,9823.588298224273,2942.6296772087403,2226.6562221355166,1312.0799806915377,2024,1274,1.6970430575138775,0.04,1658.16
2024-12-30,2024,2024-05-17 16:00:00+00:00,EXECUTED,BUY,2402.88,M15,4719.0000000000055,697.0000000000255,137.56,London_NewYork_Overlap,YES,BoS_1,EXECUTED,,0.0,57.5,57.5,1,1,1,1,1,5.027142857142865,2.0062951546879333,0.9823284823284754,1.6886069257203278,3.194285714285797,16,4,2,1,1,1,56.30000000000109,-56.30000000000109,3.705528299438495,1.565295169946292,0.9823284823284754,12.794285714285706,0.2092132298384798,9.497009835788296,6.959309834868629,0.0,1.6510983233601622,0.2080836329737648,300.0,0.1329357152369572,7.6390015539812355,1.0154961352747232,5.0,0.5,1.0,1.0,300.0,1.0,4.461091234346932,4.0791592128801,5.406529516994487,London_NewYork_Overlap,YES,60.0,180.0,2512.0,0.5808121019108363,3.296511627906811,4.567531305903326,0.5324562905465818,0.0,12.485017978425889,0.0,8837.519976028774,1305.3086296444742,3175.221695942248,1425.5074620199691,2024,1274,2.227432532301797,0.07,962.9200000000002
2024-12-30,2024,2024-06-20 04:30:00+00:00,EXECUTED,BUY,2337.46,M15,2800.0,580.0000000000182,222.34,Sydney_Tokyo_Overlap,YES,CHoCH,EXECUTED,,17.5,0.0,17.5,1,1,1,1,1,4.037142857142856,1.828758833404912,0.7594553706505122,2.74552126052234,1.9100000000000168,4,3,0,0,0,0,24.00000000000091,-24.00000000000091,0.2790868428027543,2.617801047120396,0.7594553706505122,8.210714285714273,0.1727149494384013,3.095982559448902,0.7945159323260703,0.0,1.189833827288474,0.213907403763059,300.0,0.0817126282374892,5.803161195242347,0.4741915533490618,5.0,0.5,1.0,1.0,300.0,1.0,4.031413612565315,4.827225130890144,4.303664921466064,Sydney_Tokyo_Overlap,YES,150.0,270.0,1453.0,0.6366139022711743,2.7643979057590045,4.842931937172732,0.35126651517948,0.0,12.834444225783542,0.0,5390.466574829088,1116.5966476432034,2262.54301077415,1172.3192519664472,2024,1274,1.929971726540328,0.04,889.36
2024-12-30,2024,2024-06-20 16:45:00+00:00,EXECUTED,BUY,2349.23,M15,1950.0,2042.0000000000075,-132.86,London_NewYork_Overlap,YES,BoS_1,EXECUTED,,0.0,12.25,12.25,1,1,1,1,1,5.967142857142887,1.8526138279932547,0.6644736842105283,1.3908650376327456,4.049285714285751,16,3,2,1,1,1,35.599999999999454,-35.599999999999454,0.7637239464202972,2.469571352972283,0.6644736842105283,10.1807142857143,0.2540041995523165,3.803204102465572,1.7623156453438105,0.0,1.7444891565166578,0.4256713902001933,300.0,0.1723665079317798,4.482597459242725,0.7726496705135372,10.0,0.5,1.0,1.0,300.0,1.0,2.5362497795025303,2.6597283471511446,2.3707884988533694,London_NewYork_Overlap,YES,105.0,135.0,2615.0,0.4340344168259988,3.654965602399024,2.802963485623519,0.4333638803230973,0.0,12.770141706005797,0.0,3735.266449006696,3911.49440454959,2668.3494797492854,1282.7955356268842,2024,1274,2.080105056216383,0.07,-930.0200000000002
2024-12-30,2024,2024-07-15 14:30:00+00:00,EXECUTED,BUY,2418.87,M15,2515.000000000009,733.9999999999691,185.44,London,YES,CHoCH,EXECUTED,,95.0,0.0,95.0,1,1,1,1,1,4.869999999999989,1.3545965064689274,0.1701244813277507,1.136940614266514,2.660000000000017,14,0,2,1,1,1,6.999999999998181,-6.999999999998181,2.864429976692924,3.3834586466165195,0.1701244813277507,13.14428571428568,0.2013336806029257,8.435023668896964,5.271251620917576,0.0,1.2757719705930457,0.372074563742574,300.0,0.1099687043950281,5.654384708504503,0.621805360545299,9.0,0.5,1.0,1.0,300.0,1.0,1.5563909774435511,2.281954887217921,2.597744360902184,London,YES,210.0,30.0,1142.0,1.0043782837127606,-0.0187969924811003,4.312030075187868,0.5434060414278437,0.0,12.4024854580858,0.0,4678.8376390628855,1365.5136489351892,2087.380472044741,1966.9079254563335,2024,1274,1.0612497133339158,0.01,185.44
2024-12-30,2024,2024-07-24 05:15:00+00:00,EXECUTED,BUY,2412.91,M15,1899.000000000024,4625.0,-149.29,Sydney_Tokyo_Overlap,YES,BoS_1,EXECUTED,,0.0,17.25,17.25,1,1,1,1,1,4.844285714285726,1.253994357760753,0.3673870333987892,1.6605661863503682,2.5342857142856507,5,2,0,0,0,0,10.0,-10.0,1.5613096583803778,14.205186020293478,0.3673870333987892,10.393571428571445,0.2007652881494016,0.1416878965805656,3.62464405396442,0.0,1.1694484359456172,1.491974420927428,300.0,0.1050302628065552,2.4715780707991275,0.259590494322951,36.0,0.5,1.0,1.0,300.0,1.0,2.087373167982,0.3827508455467175,1.7993235625704858,Sydney_Tokyo_Overlap,YES,195.0,225.0,1196.0,0.5953177257524974,1.909808342728403,2.809470124013556,0.4307484087086317,0.0,12.433120174395231,0.0,3541.574281676528,8625.477120986694,1611.781062797725,1261.940864262274,2024,1274,1.2772239242287842,0.02,-298.58
2024-12-30,2024,2024-07-30 19:45:00+00:00,EXECUTED,BUY,2399.71,M15,2921.99999999998,0.0,239.98,NewYork,YES,CHoCH,EXECUTED,,42.75,0.0,42.75,1,1,1,1,1,5.669285714285642,1.5049349347315084,0.941469489414718,1.171149341733301,4.777142857142865,19,1,1,0,1,0,30.90000000000145,-30.90000000000145,0.909100872952643,7.745215311004772,0.941469489414718,11.71499999999995,0.2362487848234012,0.8219649641570924,1.862209522691589,0.0,1.6774651748112337,1.541852973901013,300.0,0.1990716735415056,2.761479670459704,0.5497323794492587,37.0,0.5,1.0,1.0,300.0,1.0,2.658492822966465,3.25089712918664,1.333433014354042,NewYork,YES,45.0,315.0,2640.0,0.5481060606060684,2.497308612440153,3.029007177033541,0.4881839888986565,0.0,12.501510599197402,0.0,5479.412095628184,0.0,2742.4261300048165,1409.108577816878,2024,1274,1.9462134949555399,0.04,959.92
2024-12-30,2024,2024-08-16 14:45:00+00:00,EXECUTED,BUY,2472.06,M15,3800.0,84.9999999999909,322.96,London,YES,CHoCH,EXECUTED,,51.25,0.0,51.25,1,1,1,1,1,4.626428571428603,1.2531370898616978,0.966067864271444,1.0409589848684764,2.839285714285649,14,4,2,1,1,1,21.10000000000128,-21.10000000000128,2.5324504155073355,12.679245283019158,0.966067864271444,15.97428571428564,0.1871487169174131,6.560278409138507,3.919029298793923,0.0,1.1346288605171857,1.4562753331229823,300.0,0.1148550485945183,5.374205843993938,0.617254673368868,36.0,0.5,1.0,1.0,300.0,1.0,1.2150943396226053,2.3315723270440403,3.511446540880513,London,YES,225.0,15.0,862.0,1.400232018561448,-1.2150943396226053,4.251069182390093,0.6461932847214729,0.0,12.135627776024856,0.0,6917.307832334167,154.72925414430034,2817.447405967697,2407.8073793382327,2024,1274,1.1701298991541633,0.01,322.96
2024-12-30,2024,2024-08-20 10:30:00+00:00,EXECUTED,BUY,2513.08,M15,1845.0000000000275,1234.0000000000146,-41.9,Tokyo_London_Overlap,YES,CHoCH,EXECUTED,,143.0,0.0,143.0,1,1,1,1,1,4.575000000000013,1.1950329510235778,0.905840286054781,1.4152433753614115,3.4042857142858014,10,1,3,1,0,0,49.80000000000018,-49.80000000000018,3.734473173617672,9.987410826688793,0.905840286054781,14.730000000000018,0.1820475273369734,11.148523534499688,6.371371244504472,0.0,1.1924494087554165,1.3529215146354274,300.0,0.1354626877889204,5.982009383632019,0.8103390694853364,34.0,0.5,1.0,1.0,300.0,1.0,3.1401594628618743,2.3822912295425698,2.869911875786745,Tokyo_London_Overlap,YES,30.0,30.0,1084.0,0.9944649446494512,0.0176248426353171,3.166596726814783,0.5861333503111726,0.0,11.937542776194949,0.0,3303.714963312001,2209.639167873711,2881.558421440444,2335.319958609958,2024,1274,1.2339030507646673,0.02,-83.8
2024-12-30,2024,2024-08-26 10:30:00+00:00,EXECUTED,BUY,2520.44,M15,625.9999999999764,1699.0000000000236,-109.94,Tokyo_London_Overlap,YES,CHoCH,EXECUTED,,90.25,0.0,90.25,-1,1,0,1,1,3.954285714285724,0.984406938036559,0.6272493573265127,1.0274691869783894,2.217142857142822,10,0,3,1,0,0,22.100000000000364,-22.100000000000364,3.277754229879199,14.884020618556937,0.6272493573265127,11.847142857142869,0.1568887065070275,8.198337811538869,6.97331244400061,0.0,1.0279812064311815,1.309295202424973,300.0,0.0879665001802392,7.071176043336095,0.622026608690628,33.0,0.5,1.0,1.0,300.0,1.0,2.4490979381442948,3.0579896907217883,4.614046391752659,Tokyo_London_Overlap,YES,30.0,30.0,544.0,1.0,0.0,2.453608247422744,0.470042645615165,0.0,11.902683658408847,0.0,1117.6619955245487,3033.3989303455373,2046.354706366791,1855.0346404779723,2024,1274,1.10313557586155,0.01,-109.94
2024-12-30,2024,2024-09-05 08:45:00+00:00,EXECUTED,BUY,2501.88,M15,2142.999999999984,117.00000000000728,158.89,Sydney_Tokyo_Overlap,YES,BoS_1,EXECUTED,,0.0,15.25,15.25,1,1,1,1,1,3.6292857142857113,0.9809943658636804,0.8926174496644316,1.637223974763407,1.5978571428571675,8,3,3,1,0,0,17.300000000000182,-17.300000000000182,1.540161607894012,22.53017434063443,0.8926174496644316,12.880714285714314,0.1450623416904772,0.7326342635801506,2.9915262757062093,0.0,1.3060980387332672,1.4389179337138471,300.0,0.063866258288054,4.645660498871658,0.2967009533395475,36.0,0.5,1.0,1.0,300.0,1.0,4.2682163611980695,4.449709432275379,3.204291461779051,Sydney_Tokyo_Overlap,YES,405.0,15.0,402.0,1.9228855721393168,-2.3218596334376267,4.837729101475127,0.5148414106877354,0.0,11.990982780948729,0.0,3854.50141493594,210.44174780566323,2239.12614477746,1623.043701397825,2024,1274,1.3795846303146626,0.02,317.78
2024-12-30,2024,2024-09-09 15:15:00+00:00,EXECUTED,BUY,2502.1,M15,1313.000000000011,892.9999999999836,37.03,London_NewYork_Overlap,YES,CHoCH,EXECUTED,,71.75,0.0,71.75,1,1,1,0,0,5.293571428571405,1.3010052483094687,0.7697674418605013,1.2857957503781023,2.378571428571409,15,0,2,1,1,1,17.899999999999636,-17.899999999999636,1.3372088431295015,15.13513513513526,0.7697674418605013,12.608571428571365,0.2115651424232207,0.0051824630855792,2.65361564975758,0.0,0.9969629308933003,1.4387914152112224,300.0,0.0950630042193121,0.0816882297071662,0.0077655285253204,36.0,0.5,1.0,1.0,300.0,1.0,1.673273273273295,2.833633633633565,2.438438438438344,London_NewYork_Overlap,YES,15.0,225.0,978.0,0.8108384458077753,0.7777777777777459,3.3339339339338925,0.5039195647084994,0.0,11.98992846009352,0.0,2361.416410215438,1606.0509172294978,1987.6675781088047,1489.8995868659777,2024,1274,1.3340949924617995,0.02,74.06
2024-12-30,2024,2024-09-10 15:30:00+00:00,EXECUTED,BUY,2510.32,M15,1860.999999999968,955.0000000000182,-58.01,London_NewYork_Overlap,YES,BoS_1,EXECUTED,,0.0,24.25,24.25,1,1,1,1,1,3.886428571428626,1.4891824465257044,0.9503916449087196,1.402307998408277,2.2292857142857168,15,1,2,1,1,1,27.600000000002183,-27.600000000002183,1.5745632779714531,16.148670297981397,0.9503916449087196,11.45142857142852,0.1548180539305198,2.020170801454081,3.451672132697257,0.0,1.0105075855043608,1.434080117275885,300.0,0.0888048421828976,3.2655905918698567,0.290000257144958,36.0,0.5,1.0,1.0,300.0,1.0,2.61518743992327,2.4537007369433987,1.570009612303747,London_NewYork_Overlap,YES,30.0,210.0,1448.0,0.5973756906077403,2.615187439923066,3.880166613265016,0.4561740563525175,0.0,11.95066764396571,0.0,3336.028872812969,1711.9331399981204,2357.440354650869,1340.8178360876634,2024,1274,1.7582107659975506,0.04,-232.04
2024-12-30,2024,2024-09-12 15:30:00+00:00,EXECUTED,BUY,2527.54,M15,5576.000000000022,548.9999999999782,389.38,London_NewYork_Overlap,YES,CHoCH,EXECUTED,,35.0,0.0,35.0,1,1,1,1,1,4.659999999999984,2.177337302634058,0.6410480349345207,2.276664316648202,3.286428571428457,15,3,2,1,1,1,53.89999999999873,-53.89999999999873,2.039438122104161,11.562703760052566,0.6410480349345207,10.920000000000073,0.184368991193017,4.291323524581441,4.720477501046811,0.0,1.18611691714195,1.503438125608299,300.0,0.1300247897729989,4.100228966972972,0.5331314094518211,38.0,0.5,1.0,1.0,300.0,1.0,2.476852858074379,3.608780699848024,2.282112584220901,London_NewYork_Overlap,YES,30.0,210.0,3411.0,0.2383465259454728,7.905237991741207,2.47381004129549,0.4320406403063877,0.0,11.869248360065518,0.0,9927.439328358838,977.4326024513564,3969.876858000132,1458.412906778918,2024,1274,2.7220527462062076,0.07,2725.6600000000003
2024-12-30,2024,2024-09-16 08:15:00+00:00,EXECUTED,BUY,2587.43,M15,213.0000000000109,1294.9999999999818,-106.43,Sydney_Tokyo_Overlap,YES,BoS_1,EXECUTED,,0.0,88.75,88.75,1,1,1,1,1,4.147142857142918,0.5875672100980477,0.5525291828791936,0.924279170035031,1.800714285714191,8,0,3,1,0,0,15.099999999997635,-15.099999999997635,3.915568228981166,19.992066640223182,0.5525291828791936,11.440714285714291,0.1602803885377737,14.286467122534471,8.8554424572628,0.0,0.9763996587902476,1.3913419879958109,300.0,0.0695947053916121,14.6135023727966,1.0170223923744048,36.0,0.5,1.0,1.0,300.0,1.0,1.3883379611266102,0.7996826656089577,1.18286394287968,Sydney_Tokyo_Overlap,YES,375.0,45.0,985.0,0.8487309644669797,0.827449424831591,4.642602142007203,0.4421651710660498,0.0,11.594516566631755,0.0,370.44480430390354,2252.234843068187,1900.225361177845,1769.2207021697534,2024,1274,1.0740465329438147,0.01,-106.43
2024-12-30,2024,2024-09-18 14:15:00+00:00,EXECUTED,BUY,2577.13,M15,2290.999999999985,3042.000000000008,-157.59,London,YES,CHoCH,EXECUTED,,54.0,0.0,54.0,1,1,1,1,1,4.3250000000000455,1.0235482603307036,0.456953642384076,0.8877914321810038,2.2428571428570843,14,2,2,1,1,1,7.699999999999818,-7.699999999999818,3.1086884837727133,15.60509554140168,0.456953642384076,10.4442857142857,0.1678223450117008,6.799908281982827,7.670696274831936,0.0,1.0112032044920112,1.3580999018287785,300.0,0.087029259015148,1.9790493418424464,0.1722351977749645,35.0,0.5,1.0,1.0,300.0,1.0,0.4414012738854673,2.572611464968212,3.3171974522294105,London,YES,195.0,45.0,1082.0,0.7504621072088825,1.203821656050906,3.620382165605141,0.4052680972355177,0.0,11.64085630138953,0.0,4000.380267972485,5311.722730324055,2001.1886919228996,1349.1632596573172,2024,1274,1.4832813431572356,0.02,-315.18
2024-12-30,2024,2024-09-18 21:00:00+00:00,EXECUTED,BUY,2588.81,M15,1123.0000000000018,4209.999999999991,-262.44,NewYork,YES,BoS_1,EXECUTED,,0.0,6.75,6.75,1,1,1,1,1,7.6807142857143,2.5545863325548868,0.8968127490039779,2.080012262415696,4.5892857142856815,21,2,1,0,1,0,225.09999999999764,-81.90000000000055,3.492311587614279,8.498054474708232,0.8968127490039779,13.354999999999986,0.2966889916878527,5.133153033945425,6.769697612228925,0.0,1.97825237016385,1.5064836739660308,300.0,0.177273948813767,3.4755458348618617,0.6161237344292028,39.0,0.5,1.0,1.0,300.0,1.0,3.671595330739306,3.054941634241263,4.268638132295782,NewYork,YES,120.0,240.0,4541.0,0.8780004404316234,1.2071595330739306,8.687626459144006,0.5158740888670852,0.0,11.588335953584853,0.0,1952.0551913813715,7318.034154688818,4047.386073458732,2022.3820617664376,2024,1274,2.0012964661699812,0.07,-1837.0800000000002
2024-12-30,2024,2024-09-20 09:00:00+00:00,EXECUTED,BUY,2597.14,M15,3407.9999999999927,73.99999999997817,197.59,Asia,YES,CHoCH,EXECUTED,,36.0,0.0,36.0,1,1,1,1,1,4.042857142857201,1.3953634360542126,0.7459459459459187,1.3635705389984651,1.8878571428570987,9,4,3,1,0,0,23.799999999996544,-23.799999999996544,3.517880489965414,18.539538403329985,0.7459459459459187,15.636428571428562,0.1556657378060944,9.555039634899073,5.843040240277873,0.0,1.1508314443344794,1.347636246024473,300.0,0.0726898489437265,8.909834144158598,0.6476544980525454,35.0,0.5,1.0,1.0,300.0,1.0,2.1770715096480044,1.869844873250004,2.2724177071509986,Asia,YES,0.0,60.0,532.0,0.5187969924811869,1.3560348089292498,1.4619750283767534,0.6020633686065657,0.0,11.551167823066914,0.0,5904.956991151793,128.21796283600492,3222.2917301398065,1947.939523780641,2024,1274,1.654205220850928,0.04,790.36
2024-12-30,2024,2024-09-23 06:00:00+00:00,EXECUTED,BUY,2627.86,M15,812.9999999999654,1407.9999999999927,13.63,Sydney_Tokyo_Overlap,YES,BoS_1,EXECUTED,,0.0,69.0,69.0,1,1,1,1,1,6.2928571428571365,0.7551867707250615,0.7521865889212975,1.5518035303146585,2.4321428571428703,6,0,0,0,0,0,22.100000000000364,-22.100000000000364,4.429975809936203,13.568281938325915,0.7521865889212975,13.884285714285754,0.2394669861734314,9.31287246983366,8.38455536817496,0.0,0.8122808149240158,1.2557746607505726,300.0,0.0925522233735005,11.22709468221084,1.0390925748634172,33.0,0.5,1.0,1.0,300.0,1.0,2.943906020558114,3.2317180616740435,3.856681350954503,Sydney_Tokyo_Overlap,YES,240.0,180.0,1254.0,0.7695374800638053,1.1882525697503084,3.9676945668135257,0.5283495206854913,0.0,11.41613327955066,0.0,1392.197453441144,2411.0873486410874,2960.20210890872,2160.8537493347585,2024,1274,1.3699224715323977,0.02,27.26
2024-12-30,2024,2024-09-23 16:45:00+00:00,EXECUTED,BUY,2631.81,M15,1523.0000000000018,925.0,27.49,London_NewYork_Overlap,YES,CHoCH,EXECUTED,,10.75,0.0,10.75,1,1,1,1,1,5.827857142857121,1.9671347307283933,0.2753623188405574,2.0441814239248286,3.5257142857142947,16,0,2,1,1,1,5.900000000001455,-5.900000000001455,4.447050707532525,10.210696920583445,0.2753623188405574,13.537142857142856,0.2214391290730379,9.837841802582806,8.645688862192722,0.0,1.4619273915628592,1.3678799001447677,300.0,0.133965380696718,6.529425855083317,0.8747170204072303,36.0,0.5,1.0,1.0,300.0,1.0,0.7884927066449825,2.23500810372774,2.5583468395461795,London_NewYork_Overlap,YES,105.0,135.0,1281.0,0.7946916471506541,0.7459481361426546,2.8873581847649383,0.5143662672131671,0.0,11.39899916787306,0.0,2604.101359900604,1581.6111345423874,2742.274056698129,2237.268078004246,2024,1274,1.2257243929142247,0.02,54.98
2024-12-30,2024,2024-09-24 07:15:00+00:00,EXECUTED,BUY,2635.72,M15,3467.000000000008,1315.9999999999854,204.61,Sydney_Tokyo_Overlap,YES,BoS_1,EXECUTED,,0.0,14.5,14.5,1,1,1,1,1,3.9392857142857207,0.837542031159993,0.7420382165605165,0.8888394471173903,2.4399999999999573,7,1,0,0,0,0,9.800000000000182,-9.800000000000182,4.459004283720742,14.754098360655997,0.7420382165605165,11.420714285714276,0.149457670552476,13.737384071057134,10.290675763940095,0.0,1.0796612560377077,1.3658506973426616,300.0,0.0925743250421121,7.650855086772197,0.7082727456529463,36.0,0.5,1.0,1.0,300.0,1.0,0.4467213114752909,2.409836065573671,2.7418032786884083,Sydney_Tokyo_Overlap,YES,315.0,105.0,1310.0,0.8152671755725123,0.9918032786885718,4.377049180327878,0.4333052936470596,0.0,11.38208914452218,0.0,5919.255459608773,2246.8243971286533,2403.933257932701,1673.0723325516574,2024,1274,1.4368376137488232,0.02,409.22
2024-12-30,2024,2024-09-24 17:45:00+00:00,EXECUTED,BUY,2643.44,M15,2694.999999999982,376.9999999999982,135.31,London_NewYork_Overlap,YES,BoS_2,EXECUTED,,0.0,25.0,25.0,1,1,1,1,1,7.209285714285735,1.970781727769713,0.4030226700252205,1.351613118696146,5.117857142857117,17,1,1,0,1,0,34.80000000000018,-34.80000000000018,4.603471424675639,7.034193998604362,0.4030226700252205,13.007857142857151,0.2727236371654259,7.918792880033778,9.355115426930093,0.0,1.722390063779792,1.3618618164210272,300.0,0.1936059506876311,4.191200470652608,0.8114413516431452,36.0,0.5,1.0,1.0,300.0,1.0,1.3697138869505032,1.705792044661561,3.177110956036346,London_NewYork_Overlap,YES,165.0,75.0,2017.0,0.87059990084283,0.5099790648988412,3.431123517097006,0.4920806654532409,0.0,11.348848470175223,0.0,4587.771994068304,641.777380988406,2742.001355277675,2244.962422904928,2024,1274,1.2214018939923235,0.02,270.62
2024-12-30,2024,2024-10-01 16:45:00+00:00,EXECUTED,BUY,2667.41,M15,563.0000000000109,2373.000000000002,-66.13,London_NewYork_Overlap,YES,CHoCH,EXECUTED,,27.25,0.0,27.25,-1,1,0,1,1,5.645714285714218,2.2901269102794384,0.4944612286001723,1.9827902614085888,4.628571428571441,16,1,2,1,1,1,15.099999999997635,-15.099999999997635,4.149149009412585,7.561728395061707,0.4944612286001723,14.216428571428583,0.2116552868030868,6.183660337672622,7.78499431386027,0.0,1.7033953698337132,1.312134242579881,300.0,0.1735230590187275,4.29321984451144,0.7449726404595312,35.0,0.5,1.0,1.0,300.0,1.0,3.77222222222222,2.951234567901195,4.2043209876543175,London_NewYork_Overlap,YES,105.0,135.0,1732.0,1.0080831408775908,-0.0302469135802193,3.77222222222222,0.5329675067360693,0.0,11.24686493639898,0.0,949.7977438789122,4003.32157411122,2797.700910474788,2345.134354230257,2024,1274,1.1929810782176176,0.01,-66.13
2024-12-30,2024,2024-10-04 06:15:00+00:00,EXECUTED,BUY,2663.43,M15,672.0000000000255,3151.999999999998,-171.6,Sydney_Tokyo_Overlap,YES,CHoCH,EXECUTED,,88.75,0.0,88.75,-1,1,0,1,1,5.713571428571348,0.6130513724233686,0.3241758241756251,1.2660121552127162,1.7078571428571323,6,4,0,0,0,0,6.399999999998727,-6.399999999998727,3.4930143134463862,21.079046424090468,0.3241758241756251,11.25857142857142,0.2145193013734676,3.6748963308434544,8.263392182468925,0.0,0.742204764824135,1.3516405537220804,300.0,0.064122471506934,5.550052338285271,0.3558830729236897,36.0,0.5,1.0,1.0,300.0,1.0,0.2166457549141992,2.845671267252021,3.6712672521957455,Sydney_Tokyo_Overlap,YES,255.0,165.0,1233.0,0.7031630170316033,2.1430363864493787,5.076537013801564,0.4227094922176074,0.0,11.263671281017336,0.0,1135.3780651265906,5325.463781664994,2222.6586358264944,1593.0054285014817,2024,1274,1.3952611811984337,0.02,-343.2
2024-12-30,2024,2024-10-16 09:00:00+00:00,EXECUTED,BUY,2672.88,M15,1283.999999999969,675.0,64.26,Asia,YES,BoS_1,EXECUTED,,0.0,22.0,22.0,1,1,1,1,1,4.634285714285722,1.471008866914559,0.406474820143917,1.4678133958821995,2.3692857142857844,9,2,3,1,0,0,39.20000000000073,-39.20000000000073,2.8005900646069306,5.908953873982339,0.406474820143917,11.832857142857163,0.1733817348435291,6.152251954414611,6.326148521454294,0.0,1.2288930241331404,0.5237795935470354,300.0,0.0886416791732432,7.343668957805797,0.6509551477123271,14.0,0.5,1.0,1.0,300.0,1.0,2.232740428097597,2.587277660536599,2.4859813084112794,Asia,YES,0.0,60.0,751.0,0.4513981358189386,1.738920711486185,1.4308109737715762,0.4427006503418472,0.0,11.223848433150758,0.0,2161.713208224784,1136.4146538565142,1863.0465406511653,1529.7333370511385,2024,1274,1.2178897429551698,0.02,128.52
2024-12-30,2024,2024-10-29 03:00:00+00:00,EXECUTED,BUY,2748.48,M15,3373.000000000002,215.0000000000091,235.15,Sydney_Tokyo_Overlap,NO,BoS_1,EXECUTED,,0.0,78.25,78.25,1,1,1,1,1,4.559285714285709,1.4392675427105883,0.6109839816933957,2.7449049916313872,1.741428571428547,3,1,0,0,0,0,9.299999999998365,-9.299999999998365,3.597978259852145,9.18785890073844,0.6109839816933957,11.605000000000084,0.1658838963458242,6.598115050418417,8.52130227284649,0.0,0.7531766778030949,0.582139946443125,300.0,0.0633596959566213,6.787833975478557,0.4300750968903457,16.0,0.5,1.0,1.0,300.0,1.0,2.3141919606236097,2.348646431501348,4.071369975389805,Sydney_Tokyo_Overlap,NO,120.0,300.0,1548.0,0.432816537467688,5.041837571780334,3.8474159146841176,0.4222333799045321,0.0,10.915123995808592,0.0,5522.50698567936,352.012748864842,2990.2488416378937,1327.6197440752685,2024,1274,2.2523383333084595,0.07,1646.0500000000002
2024-12-30,2024,2024-10-29 15:30:00+00:00,EXECUTED,BUY,2760.64,M15,2920.000000000028,115.0000000000091,114.35,London_NewYork_Overlap,NO,BoS_2,EXECUTED,,0.0,90.75,90.75,1,1,1,1,1,6.6828571428572685,1.6129903085603217,0.6758045292014492,1.372329427980703,3.896428571428487,15,1,2,1,1,1,28.799999999996544,-28.799999999996544,3.9106687257310258,3.593033913840592,0.6758045292014492,12.76785714285724,0.2420763715246199,5.736010276466503,8.45556806456102,0.0,1.2684880786892156,0.5071287817317723,300.0,0.1411422196095285,4.545718435144868,0.6415927896562992,14.0,0.5,1.0,1.0,300.0,1.0,2.912923923006456,2.307241063244724,2.4406966086159407,London_NewYork_Overlap,NO,90.0,150.0,2046.0,0.5635386119256952,2.291842346471252,2.9591200733272216,0.4624962741558929,0.0,10.867045322823692,0.0,4759.765851396823,187.45653181872356,3253.818594869046,1670.110700472433,2024,1274,1.94826522214882,0.04,457.4
2024-12-30,2024,2024-11-01 15:00:00+00:00,EXECUTED,BUY,2761.05,M15,121.00000000000364,3050.0,-185.25,London_NewYork_Overlap,NO,CHoCH,EXECUTED,,71.5,0.0,71.5,1,1,1,1,1,5.823571428571411,1.5519411981637143,0.9375812743823128,1.2616603484261193,3.951428571428518,15,4,2,1,1,1,33.80000000000109,-33.80000000000109,3.233509208709392,3.7960954446855175,0.9375812743823128,12.83214285714296,0.2109187239844048,2.822233423353093,6.957435480651151,0.0,1.296034469001835,0.5432715814635736,300.0,0.143113256602688,0.3537567137648617,0.0506272753519543,15.0,0.5,1.0,1.0,300.0,1.0,2.6597975415763746,2.044830079537362,3.5328994938539977,London_NewYork_Overlap,NO,60.0,180.0,2101.0,1.001427891480257,-0.0075921908894216,5.324656543745544,0.4647559029044371,0.0,10.865431629271471,0.0,197.20758407128315,4970.934970391699,2326.330173711919,2175.0698790441165,2024,1274,1.0695427287762715,0.01,-185.25
2024-12-30,2024,2024-11-11 11:15:00+00:00,EXECUTED,SELL,2665.5,M15,7569.000000000005,982.9999999999928,566.11,London,NO,BoS_1,EXECUTED,,0.0,8.25,8.25,-1,-1,1,0,0,5.694285714285765,1.12138505622577,0.5898058252426943,1.201321360442935,2.9121428571428885,11,0,3,1,0,0,-9.299999999998365,385.9999999999991,-0.6079390344760496,5.150846210448804,0.5898058252426943,14.711428571428574,0.2136291770506758,-8.027759921008634,-1.101498395297278,0.0,1.0088016825660835,0.5627462014631401,300.0,0.1092531553983451,-6.747204970318284,-0.7371534331266699,15.0,0.5,1.0,1.0,300.0,1.0,-1.3666911945057556,-1.881775815550636,-2.6475349521706977,London,NO,75.0,165.0,998.0,0.3647294589178222,2.1770909982830777,1.2499386804021997,0.551920036444516,0.0,11.254924029262805,0.0,12778.27799662353,1659.538548114788,2567.35337053008,1688.0142381853234,2024,1274,1.5209311109188737,0.04,2264.44
2024-12-30,2024,2024-11-25 16:15:00+00:00,EXECUTED,SELL,2645.01,M15,4015.000000000009,154.99999999997272,124.15,London_NewYork_Overlap,NO,BoS_1,EXECUTED,,0.0,11.0,11.0,-1,-1,1,0,0,14.798571428571416,1.413098963535078,0.7647058823529308,1.3688779760599816,7.094285714285694,16,0,2,1,1,1,-437.199999999998,437.199999999998,-0.4402809559421164,2.255336286749906,0.7647058823529308,21.087857142857143,0.5594901882628578,-0.445532232144213,-0.5522360680781223,0.0,1.2938478459270353,0.6049126468330932,300.0,0.2682139468011725,-4.891002484009655,-1.3118350800505685,16.0,0.5,1.0,1.0,300.0,1.0,-5.102698348771637,-5.532621828433363,-5.88783729359647,London_NewYork_Overlap,NO,135.0,105.0,5525.0,0.2432579185520371,5.89347563431334,1.8944824808699283,0.7972694675202415,0.0,11.342112128120498,0.0,6830.787029160585,263.70410697875514,4926.314367881547,2646.553631907906,2024,1274,1.8614073444376626,0.04,496.6
2024-12-30,2024,2024-11-29 04:15:00+00:00,EXECUTED,BUY,2660.54,M15,582.9999999999927,3861.999999999989,-71.41,Sydney_Tokyo_Overlap,NO,BoS_2,EXECUTED,,0.0,62.5,62.5,1,1,1,1,1,5.794999999999975,1.6474917993439475,0.5282051282051019,1.7867479055597868,3.6999999999999806,4,4,0,0,0,0,23.40000000000145,-23.40000000000145,0.2805547492081521,3.783783783783804,0.5282051282051019,12.645714285714348,0.217812925195636,2.9599495252183323,0.5902609497523467,0.0,1.159936616267299,0.5262089650973111,300.0,0.1390695122042886,5.296002129886362,0.7365124328361701,14.0,0.5,1.0,1.0,300.0,1.0,3.824324324324369,5.172972972972966,5.875675675675647,Sydney_Tokyo_Overlap,NO,195.0,225.0,2638.0,0.9279757391963578,0.5135135135135408,6.616216216216256,0.4753063019430021,0.0,11.27590639494238,0.0,986.0780142376988,6532.132574590102,2351.5386194736766,2217.6302358757075,2024,1274,1.0603835488133533,0.01,-71.41
2024-12-30,2024,2024-12-02 02:30:00+00:00,EXECUTED,SELL,2632.81,M15,1094.9999999999818,1869.0000000000048,-89.06,Sydney_Tokyo_Overlap,NO,CHoCH,EXECUTED,,70.25,0.0,70.25,1,-1,0,0,0,7.70214285714295,0.9209770114942528,0.7765363128491455,1.220198587585621,3.96714285714292,2,0,0,0,0,0,-335.59999999999945,335.59999999999945,-0.7707889036495686,4.537270435721931,0.7765363128491455,12.825000000000044,0.2925445762186769,-1.6827772576354418,-1.58233195588118,0.0,0.9634699070937044,0.6836801744144089,300.0,0.150680940027686,-4.206920405054499,-0.6339027212552654,18.0,0.5,1.0,1.0,300.0,1.0,-3.2592725963268787,-3.33237306445806,-5.026287360460864,Sydney_Tokyo_Overlap,NO,90.0,330.0,2764.0,0.3053545586107075,4.839755131436795,2.1274756931940746,0.4871221242702681,0.0,11.394669573573482,0.0,1871.5744774594132,3194.495614951335,3284.5724620103947,1647.063574874149,2024,1274,1.9941989563222333,0.04,-356.24
2024-12-30,2024,2024-12-05 19:00:00+00:00,EXECUTED,SELL,2627.65,M15,1532.9999999999927,1794.9999999999818,-107.42,NewYork,NO,CHoCH,EXECUTED,,158.75,0.0,158.75,1,-1,0,0,0,7.769285714285615,1.2769979800072513,0.8417508417508555,0.869401438957321,5.52071428571425,19,3,1,0,1,0,-293.3999999999969,293.3999999999969,-0.8958348394752482,3.622719627377433,0.8417508417508555,12.662857142857124,0.2956742988710679,-2.1764134008083764,-1.858933090210963,0.0,1.375364545070015,0.7611363766102791,300.0,0.2101008233864575,-3.27501845361623,-0.6880840737106126,20.0,0.5,1.0,1.0,300.0,1.0,-1.7696985379738728,-2.278690645620392,-3.521283477810875,NewYork,NO,60.0,240.0,1579.0,0.1665611146295196,2.3837495148143244,0.4763876310001522,0.4819080601623931,0.0,11.417045649154186,0.0,2625.349647022993,3074.0395410347337,2181.5368474165552,1982.553889037383,2024,1274,1.100366985976753,0.01,-107.42
2024-12-30,2024,2024-12-10 14:00:00+00:00,EXECUTED,BUY,2677.94,M15,2611.999999999989,563.0000000000109,146.11,London_NewYork_Overlap,NO,BoS_2,EXECUTED,,0.0,34.75,34.75,1,1,1,1,1,5.914999999999964,1.1896907216494843,0.5380875202593395,1.1836967907818303,3.5164285714285404,14,1,2,1,1,1,16.19999999999891,-16.19999999999891,1.003476077554052,4.834450538289704,0.5380875202593395,13.16285714285706,0.2208787351471639,5.084450421025623,2.0415390807332106,0.0,1.1510160569483912,0.6348163140324279,300.0,0.1313109543689754,6.093478931496724,0.8001405339220795,17.0,0.5,1.0,1.0,300.0,1.0,1.8513101767215896,0.7024172252692235,3.586024781637281,London_NewYork_Overlap,NO,0.0,240.0,1567.0,0.2712188895979566,3.247613243956986,1.208612634572426,0.4915292031508196,0.0,11.202640835866374,0.0,4389.194679492427,946.0630185889336,2470.73591880558,1798.848974850152,2024,1274,1.3735093681288044,0.02,292.22
2024-12-30,2024,2024-12-18 21:00:00+00:00,EXECUTED,SELL,2616.62,M15,3369.999999999982,980.0000000000182,-36.97,NewYork,NO,BoS_1,EXECUTED,,0.0,36.75,36.75,-1,-1,1,0,0,6.940000000000022,1.7813315564440002,0.7278170930865345,1.6059443911792906,3.972142857142931,21,2,1,0,1,0,-350.7999999999993,350.7999999999993,-1.5075473486958804,5.035065635676943,0.7278170930865345,13.2628571428571,0.2652276601111366,-6.071054716076991,-2.97422983679582,0.0,1.383035720838746,0.764344841818835,300.0,0.1518043451912364,-7.810872564110343,-1.1857243949669647,20.0,0.5,1.0,1.0,300.0,1.0,-5.32458190972839,-4.88653119942455,-4.53659413774492,NewYork,NO,180.0,120.0,5015.0,0.5373878364905238,5.840676137385322,6.784750944074634,0.5068698222461459,0.0,11.465172627282524,0.0,5795.644763091285,1685.3803762105626,4333.431550035026,1379.386145136514,2024,1274,3.141565228354645,0.07,-258.79
2025-12-30,2025,2025-01-15 08:00:00+00:00,EXECUTED,BUY,2681.51,M15,2063.999999999988,472.0000000000255,74.82,Asia,NO,BoS_1,EXECUTED,,0.0,9.25,9.25,1,1,1,1,1,4.260000000000089,0.9872195399034364,0.7260273972603742,1.349701666552363,1.7485714285714624,8,2,3,1,0,0,22.900000000004184,-22.900000000004184,1.3532924099385704,8.006535947712264,0.7260273972603742,11.025714285714296,0.1588657137210037,4.75816392634789,3.2912762258642925,0.0,0.984871738653804,0.522093894857748,300.0,0.0652084619699893,5.228966849615171,0.340972885955466,14.0,0.5,1.0,1.0,300.0,1.0,3.597222222222392,3.362745098039213,3.459967320261475,Asia,NO,0.0,60.0,348.0,0.6091954022989468,0.7777777777775755,1.212418300653769,0.411175579644092,0.0,11.187726318380314,0.0,3463.720068170525,792.0910233413691,1639.2377637962209,1425.815934642563,2025,1527,1.1496839977504953,0.01,74.82
2025-12-30,2025,2025-01-21 03:30:00+00:00,EXECUTED,BUY,2715.95,M15,3403.00000000002,171.00000000000364,255.55,Sydney_Tokyo_Overlap,NO,CHoCH,EXECUTED,,112.25,0.0,112.25,1,1,1,1,1,7.103571428571448,1.505074529848872,0.6325301204818523,1.59640487909266,3.633571428571421,3,1,0,0,0,0,21.899999999996,-21.899999999996,2.16296557785766,3.5777471987418985,0.6325301204818523,11.080714285714324,0.2615501547735211,4.15440203139235,5.301559276513561,0.0,0.7928659105605743,0.4786538780169002,300.0,0.133786388872086,2.8413198519574308,0.3801299226239548,13.0,0.5,1.0,1.0,300.0,1.0,2.917240023589524,1.698053862787396,2.463141340672257,Sydney_Tokyo_Overlap,NO,150.0,270.0,2316.0,0.4753886010362622,3.3438175742088,3.0300766660113427,0.4079866818503406,0.0,11.045858723466928,0.0,5638.358585393726,283.3262762569327,3141.558690056004,1349.7808667173642,2025,1527,2.327458306396209,0.07,1788.8500000000004
2025-12-30,2025,2025-01-21 16:30:00+00:00,EXECUTED,BUY,2734.12,M15,2932.9999999999927,28.99999999999636,153.71,London_NewYork_Overlap,NO,BoS_1,EXECUTED,,0.0,13.0,13.0,1,1,1,1,1,7.690714285714356,1.4652993714852796,0.6397637795275682,1.2852233676975946,3.44714285714284,16,1,2,1,1,1,12.799999999997452,-12.799999999997452,2.7110493099995336,3.77123912142563,0.6397637795275682,13.018571428571509,0.2812866401516523,5.574957059147097,5.693661689475602,0.0,1.4508430305804862,0.4754729126739134,300.0,0.1260786965145217,5.991825820153717,0.7554415891470355,13.0,0.5,1.0,1.0,300.0,1.0,2.251139660174,1.874015748031516,2.985080812266892,London_NewYork_Overlap,NO,150.0,90.0,1438.0,0.7162726008344906,1.1835888934935612,2.9879817654371505,0.4761521596920219,0.0,10.972451830936462,0.0,4827.330183020485,47.73016546456761,2228.772458145268,2001.951555481112,2025,1527,1.1132998958157336,0.01,153.71
2025-12-30,2025,2025-01-24 03:00:00+00:00,EXECUTED,BUY,2761.76,M15,2417.999999999984,411.00000000001273,62.51,Sydney_Tokyo_Overlap,NO,CHoCH,EXECUTED,,58.5,0.0,58.5,1,1,1,1,1,6.141428571428508,1.0463598412883046,0.7338129496403855,1.6604669568658488,1.812142857142882,3,4,0,0,0,0,14.100000000003092,-14.100000000003092,3.243219518784267,7.173827355143772,0.7338129496403855,10.81071428571428,0.222373724415898,7.227012035580819,8.28529336866647,0.0,0.5430815904794009,0.470714327095765,300.0,0.0656155081231852,7.56879230972214,0.4966301532812753,13.0,0.5,1.0,1.0,300.0,1.0,2.935750886874311,3.9124950729208,4.436736302719918,Sydney_Tokyo_Overlap,NO,120.0,300.0,2191.0,0.3491556366955792,7.869136775719116,4.221521482065424,0.3914429308018901,0.0,10.862638317594577,0.0,3939.878917791527,669.6816522797263,3599.490002646033,1195.3987574123576,2025,1527,3.011120749730188,0.07,437.57000000000005
2025-12-30,2025,2025-02-03 16:30:00+00:00,EXECUTED,BUY,2818.29,M15,2719.999999999982,1109.999999999991,169.95,London_NewYork_Overlap,NO,CHoCH,EXECUTED,,74.75,0.0,74.75,1,1,1,1,1,8.662857142857158,1.2571589725789656,0.6722846441947655,1.3452222746173963,3.4364285714287104,16,0,2,1,1,1,10.599999999999454,-10.599999999999454,3.989345714755706,1.4549989607149691,0.6722846441947655,14.627857142857172,0.3073799056469404,6.234260602169468,7.686110839501133,0.0,1.4320823771402809,0.1774125444861955,300.0,0.1219331073604458,7.926178459517504,0.9664635690624014,5.0,0.5,1.0,1.0,300.0,1.0,2.118478486800921,2.351278320515369,4.891706505923711,London_NewYork_Overlap,NO,150.0,90.0,2797.0,0.603503754022165,3.227187694865844,4.912076491373768,0.5190330712189722,0.0,10.644752669171732,0.0,4343.059089022037,1772.351319417079,3866.3950269013417,2322.839035391586,2025,1527,1.6645126795234615,0.04,679.8
2025-12-30,2025,2025-02-04 15:15:00+00:00,EXECUTED,BUY,2835.13,M15,4203.999999999996,605.9999999999945,243.71,London_NewYork_Overlap,NO,CHoCH,EXECUTED,,97.5,0.0,97.5,1,1,1,1,1,7.289285714285727,1.3771877328187403,0.921617161716186,1.2792990142387732,3.537857142857092,15,1,2,1,1,1,104.10000000000308,-104.10000000000308,4.361219627273189,2.261255804562924,0.921617161716186,16.32428571428568,0.2571058721923061,8.26010307194964,7.574374045077224,0.0,1.125856216838829,0.2821740096574054,300.0,0.1247864169493847,8.103605526337702,1.011219898002915,8.0,0.5,1.0,1.0,300.0,1.0,4.344437714516486,5.175449222693376,5.69553805774289,London_NewYork_Overlap,NO,75.0,165.0,2813.0,0.6960540348382569,2.416717141126548,5.534423581667735,0.5757861443491367,0.0,10.581525362152703,0.0,6672.709893373491,961.8606554196724,3765.122403878519,1668.4613609330088,2025,1527,2.256643451289187,0.07,1705.9700000000003
2025-12-30,2025,2025-02-05 02:30:00+00:00,EXECUTED,BUY,2847.38,M15,3510.999999999968,771.0000000000036,170.9,Sydney_Tokyo_Overlap,NO,BoS_1,EXECUTED,,0.0,11.25,11.25,1,1,1,1,1,6.910714285714254,0.5860421763951998,0.817518248175183,1.0859943092001263,2.062857142857086,2,2,0,0,0,0,18.90000000000328,-18.90000000000328,4.6356646756384885,16.48199445983425,0.817518248175183,15.514285714285636,0.2427043206637067,9.563183043613972,8.507964289948168,0.0,0.5740142292092122,1.194080171947545,300.0,0.0724475532895885,14.129999160234629,1.0236838671429394,34.0,0.5,1.0,1.0,300.0,1.0,2.986149584487767,3.291551246537469,2.418975069252259,Sydney_Tokyo_Overlap,NO,90.0,330.0,1832.0,0.4143013100436724,5.201523545706523,3.679362880886599,0.5448617927458097,0.0,10.536001517184218,0.0,5548.785199025017,1218.4885754623606,2938.719101190032,1472.1060378604686,2025,1527,1.996268628488958,0.04,683.6
2025-12-30,2025,2025-02-07 16:30:00+00:00,EXECUTED,BUY,2877.26,M15,3450.9999999999764,2401.000000000022,-161.65,London_NewYork_Overlap,NO,CHoCH,EXECUTED,,23.75,0.0,23.75,-1,1,0,1,1,7.318571428571464,1.758778190122752,0.4733893557422905,1.474250786844866,5.409285714285716,16,4,2,1,1,1,39.80000000000018,-39.80000000000018,4.865640312523784,1.8486729169417664,0.4733893557422905,16.28214285714294,0.2543590578735138,8.085980309126692,8.598200106978265,0.0,1.483139380688397,0.3475528801707179,300.0,0.1880012829666319,3.400902998916363,0.6393741270413424,10.0,0.5,1.0,1.0,300.0,1.0,2.7452792816585903,2.3681500066024768,2.164795985738816,London_NewYork_Overlap,NO,150.0,90.0,2323.0,0.6762806715454165,1.390202033540205,2.9042651525155216,0.5658905645351111,0.0,10.426586405121538,0.0,5397.322452611128,3755.135093804556,3383.243363666189,1700.688337001974,2025,1527,1.9893376640838702,0.04,-646.6
2025-12-30,2025,2025-02-11 01:30:00+00:00,EXECUTED,BUY,2921.48,M15,2109.999999999991,3967.0000000000073,-164.72,Sydney_Tokyo_Overlap,NO,BoS_2,EXECUTED,,0.0,81.0,81.0,1,1,1,1,1,7.794285714285706,0.6573167241186206,0.8977604673807027,1.082032910316352,2.9400000000000546,1,1,0,0,0,0,97.10000000000036,-97.10000000000036,5.888727662434922,6.802721088435248,0.8977604673807027,15.477857142857149,0.2667923694252812,10.8324007965813,11.115104586160191,0.0,0.7105604478121373,0.6845845256513822,300.0,0.100633925270755,13.12780810135699,1.321102859440772,20.0,0.5,1.0,1.0,300.0,1.0,4.625850340135938,5.289115646258467,5.768707482993102,Sydney_Tokyo_Overlap,NO,30.0,390.0,3205.0,0.423712948517942,6.282312925169883,4.6190476190475085,0.5297950745121359,0.0,10.268767884770732,0.0,3250.0650355299226,6110.430329832836,5512.611002772688,2323.7291056675926,2025,1527,2.3723122412708904,0.07,-1153.0400000000002
2025-12-30,2025,2025-02-13 05:15:00+00:00,EXECUTED,BUY,2915.09,M15,1880.9999999999943,920.0000000000272,107.95,Sydney_Tokyo_Overlap,NO,CHoCH,EXECUTED,,16.75,0.0,16.75,-1,1,0,1,1,8.534285714285716,0.8751892115040595,0.748235294117662,1.601048059022271,3.287857142857157,5,3,0,0,0,0,59.40000000000055,-59.40000000000055,5.050418458495836,4.5622420160764525,0.748235294117662,19.89214285714297,0.2927623405893373,6.223196132408551,7.40112538398045,0.0,0.8263690630677394,0.5145638728135323,300.0,0.1127875003124142,5.599692297360065,0.631575296737922,15.0,0.5,1.0,1.0,300.0,1.0,2.0651748859439296,2.636975885292212,2.633934390614899,Sydney_Tokyo_Overlap,NO,255.0,165.0,2053.0,0.6444227959084355,2.220291114490457,4.0238974581794364,0.6823852044754354,0.0,10.291277456270649,0.0,2903.6839342867543,1420.1962889653912,3400.305672284157,2509.14975231994,2025,1527,1.3551625083916419,0.02,215.9
2025-12-30,2025,2025-02-13 20:45:00+00:00,EXECUTED,BUY,2924.13,M15,1592.9999999999836,4545.000000000027,-194.93,NewYork,NO,BoS_1,EXECUTED,,0.0,15.5,15.5,1,1,1,1,1,7.485000000000127,1.2054731102595098,0.7688442211055104,1.0446047884552312,3.625,20,3,1,0,1,0,14.200000000000728,-14.200000000000728,5.142783691803735,4.137931034482759,0.7688442211055104,15.602142857142942,0.2559735716264368,7.287464651142672,9.638527357688762,0.0,0.8750688993214605,0.5129730894317284,300.0,0.1239684966126676,5.068125898550753,0.6282879482870625,15.0,0.5,1.0,1.0,300.0,1.0,2.23724137931038,2.1489655172413693,1.7103448275862825,NewYork,NO,165.0,135.0,1442.0,0.7378640776699219,1.042758620689585,2.9351724137931936,0.5335652948789192,0.0,10.259461788634567,0.0,2451.4983943942048,6994.388074401659,2518.363305401583,1939.176356661768,2025,1527,1.298676779319271,0.02,-389.86
2025-12-30,2025,2025-02-18 05:00:00+00:00,EXECUTED,BUY,2908.65,M15,3088.000000000011,253.00000000002,156.11,Sydney_Tokyo_Overlap,NO,CHoCH,EXECUTED,,104.25,0.0,104.25,1,1,1,1,1,5.094285714285726,1.0918628371596022,0.9032761310451926,2.010366530914476,3.242142857142816,5,1,0,0,0,0,22.5,-22.5,4.046531760825845,9.870015421899224,0.9032761310451926,14.198571428571343,0.1751426164813823,4.711367842946463,8.289527341068833,0.0,0.86661982768184,1.1001667440221408,300.0,0.1114655547124203,1.7018225383324543,0.1896945932573263,32.0,0.5,1.0,1.0,300.0,1.0,3.540868032606352,4.0035250055078775,2.760519938312523,Sydney_Tokyo_Overlap,NO,240.0,180.0,1806.0,0.7425249169435223,1.4342366159947588,4.136153337739739,0.4881498780730354,0.0,10.31406322520757,0.0,4777.474085916164,391.4186993966583,2844.762860967653,1615.3502501937337,2025,1527,1.761081140530651,0.04,624.44
2025-12-30,2025,2025-02-18 14:30:00+00:00,EXECUTED,BUY,2916.35,M15,3070.000000000028,292.99999999998363,155.15,London_NewYork_Overlap,NO,BoS_1,EXECUTED,,0.0,9.5,9.5,1,1,1,1,1,5.60357142857148,1.2414025119617225,0.728346456692888,1.0341078950944422,2.639285714285669,14,1,2,1,1,1,8.099999999999454,-8.099999999999454,4.215125881826979,6.062246278755179,0.728346456692888,14.499999999999968,0.1921433102532782,5.224439996159859,8.477780941700784,0.0,0.9939402762360564,0.5486309942222298,300.0,0.0904996215915671,3.970785297450336,0.3593545668406138,16.0,0.5,1.0,1.0,300.0,1.0,0.818403247631894,1.95507442489849,1.795940460081139,London_NewYork_Overlap,NO,30.0,210.0,1632.0,0.2046568627450827,4.917997293640146,1.2654939106900265,0.4971968385138947,0.0,10.28683114166681,0.0,4737.085740737609,452.106228676231,2773.4381383533546,1609.437689061993,2025,1527,1.7232342433646874,0.04,620.6
2025-12-30,2025,2025-03-05 18:00:00+00:00,EXECUTED,BUY,2923.13,M15,692.9999999999836,3201.000000000022,-77.02,NewYork,NO,CHoCH,EXECUTED,,32.75,0.0,32.75,1,1,1,1,1,10.461428571428607,1.3667861988757513,0.6514346439957394,1.041405269761606,7.818571428571431,18,2,1,0,1,0,5.9999999999990905,-5.9999999999990905,2.4878075952119354,1.91850904439978,0.6514346439957394,18.31857142857143,0.3578844790149123,2.09055652025974,3.9698428691057512,0.0,1.4446994777181548,0.5131485770389959,300.0,0.2674725868699452,2.35999405026319,0.631233713621575,15.0,0.5,1.0,1.0,300.0,1.0,0.6190389183263476,1.493879042572666,2.9762470308788567,NewYork,NO,0.0,300.0,1328.0,0.5933734939759029,0.6906632559839325,1.0078567513246983,0.6266765907972424,0.0,10.262971540779915,0.0,1066.835891664047,4927.765785305511,2427.751321385328,2222.322918942583,2025,1527,1.092438592380846,0.01,-77.02
2025-12-30,2025,2025-03-13 04:00:00+00:00,EXECUTED,BUY,2941.23,M15,4896.99999999998,824.0000000000236,369.55,Sydney_Tokyo_Overlap,NO,BoS_2,EXECUTED,,0.0,36.5,36.5,1,1,1,1,1,6.6621428571428885,0.8129045637007302,0.9051490514905408,1.5037929495760822,2.500714285714334,4,3,0,0,0,0,5.9999999999990905,-5.9999999999990905,2.4850944178023058,5.998286203941616,0.9051490514905408,12.24071428571431,0.2265087346838869,4.625013221264641,5.971248150937577,0.0,0.8123838503481937,0.5099907181689293,300.0,0.0850227383004502,8.630292608571141,0.7337711099148545,15.0,0.5,1.0,1.0,300.0,1.0,1.0197086546701473,1.0676949443016366,1.2236503856040677,Sydney_Tokyo_Overlap,NO,180.0,240.0,1034.0,0.5899419729207052,1.695515566980743,2.439303056269554,0.4161767112981409,0.0,10.199814363378588,0.0,7492.27364061971,1260.6970553136296,2069.536812806212,1648.0775652503137,2025,1527,1.255727798522569,0.02,739.1
2025-12-30,2025,2025-03-28 02:15:00+00:00,EXECUTED,BUY,3062.15,M15,3561.999999999989,141.00000000003092,169.71,Sydney_Tokyo_Overlap,NO,BoS_1,EXECUTED,,0.0,20.0,20.0,1,1,1,1,1,8.101428571428544,0.7155174773492459,0.725598526703531,1.3863903011341416,2.1435714285713794,2,4,0,0,0,0,25.90000000000145,-25.90000000000145,3.952954546460244,6.997667444185432,0.725598526703531,12.799285714285686,0.2645666793406118,5.622369861108815,9.457199436475566,0.0,0.7066913302235805,0.4898519014417974,300.0,0.0700021693441333,11.981931150328974,0.8387611734550753,15.0,0.5,1.0,1.0,300.0,1.0,3.232922359213805,3.582805731423077,2.6731089636788434,Sydney_Tokyo_Overlap,NO,75.0,345.0,2347.0,0.3263740945888464,7.37554148617142,3.573475508164172,0.4179836296159785,0.0,9.79703802883595,0.0,5234.55741880703,207.20735430992573,4231.196138420644,1673.4620321325226,2025,1527,2.528408805922388,0.07,1187.9700000000003
2025-12-30,2025,2025-04-07 20:00:00+00:00,EXECUTED,SELL,2966.2,M15,993.99999999996,5653.00000000002,-259.57,NewYork,YES,BoS_2,EXECUTED,,0.0,102.25,102.25,-1,-1,1,0,0,20.28214285714281,1.1274795146196213,0.2699228791773964,0.9543543177524528,14.441428571428624,20,0,1,0,1,0,-891.1000000000013,891.1000000000013,-0.8293188485143358,1.1771688594321847,0.2699228791773964,46.025714285714166,0.6837752969166885,-5.124181835231156,-0.5344676571867466,0.0,1.109999044122195,0.5731238621805678,300.0,0.4868663128389396,-5.818182563904059,-2.832677092311777,17.0,0.5,1.0,1.0,300.0,1.0,-0.8073993471164493,-1.4721535265605004,-2.5530715204273564,NewYork,YES,60.0,300.0,2918.0,0.2717614804660686,1.471461074290231,0.5491146503115901,1.5516726547675197,0.0,10.113950509068845,0.0,1507.990020902104,8576.124334164955,4778.798481767896,4042.195737705265,2025,1527,1.1822283708806236,0.01,-259.57
2025-12-30,2025,2025-04-10 17:00:00+00:00,EXECUTED,BUY,3142.95,M15,10110.000000000036,179.99999999997272,515.3,London_NewYork_Overlap,YES,BoS_1,EXECUTED,,0.0,31.75,31.75,1,1,1,1,1,17.055714285714235,1.1998385754281535,0.9188806234502156,1.190938511326861,10.129285714285611,17,3,1,0,1,0,103.69999999999892,-103.69999999999892,4.538243793789669,2.27064381919472,0.9188806234502156,37.54857142857141,0.5426657848745362,4.805696706336518,3.79867270285492,0.0,1.1190708067705877,0.7317965605561655,300.0,0.3222859324610831,6.940698569471146,2.2368895103933144,23.0,0.5,1.0,1.0,300.0,1.0,1.0168535364219562,1.9665749947112152,2.057400747479011,London_NewYork_Overlap,YES,120.0,120.0,5329.0,0.4867705010320814,2.700091671955496,2.5608913334743533,1.194691975009829,0.0,9.54517252899346,0.0,14475.254140218638,257.71965828278445,6011.234034830784,4265.217888727631,2025,1527,1.4093615359528588,0.02,1030.6
2025-12-30,2025,2025-04-21 03:30:00+00:00,EXECUTED,BUY,3369.82,M15,8311.999999999989,486.00000000001273,382.44,Sydney_Tokyo_Overlap,YES,BoS_1,EXECUTED,,0.0,122.25,122.25,1,1,1,1,1,16.032857142857047,1.0717698833134726,0.9431592861863768,1.2842437775720277,7.277857142857199,3,0,0,0,0,0,121.70000000000071,-121.70000000000071,8.81633757455213,2.748061635096652,0.9431592861863768,29.0421428571429,0.4757778499402653,9.897491311380271,10.229779128770527,0.0,0.8128844500297638,0.593503510573265,300.0,0.2159716881868229,8.631211567721538,1.864097333378456,20.0,0.5,1.0,1.0,300.0,1.0,2.991265089802703,2.910197271567394,4.319952890371944,Sydney_Tokyo_Overlap,YES,90.0,330.0,3856.0,0.6112551867219969,2.0596721955049104,3.2385906369614266,0.8618306870142293,0.0,8.902552658598974,0.0,11099.702654741188,648.9960888118824,5845.921334148368,4282.049838278005,2025,1527,1.3652156221748373,0.02,764.88
2025-12-30,2025,2025-05-15 05:15:00+00:00,EXECUTED,SELL,3163.93,M15,4314.999999999964,8821.000000000004,-37.87,Sydney_Tokyo_Overlap,YES,BoS_2,EXECUTED,,0.0,22.25,22.25,-1,-1,1,0,0,14.897142857142883,1.146995043370508,0.9613309352518128,1.3276089828269484,6.2178571428572855,5,3,0,0,0,0,-287.20000000000255,287.20000000000255,-1.8646733382296827,2.4124066628373946,0.9613309352518128,26.565714285714257,0.4708429977004196,-7.407665995190322,-2.220793256892629,0.0,1.0222050123149582,0.4740939274889141,300.0,0.1965232208948139,-9.285784219560616,-1.824872223362288,15.0,0.5,1.0,1.0,300.0,1.0,-2.256404365307275,-3.626651349798912,-3.5574956921309333,Sydney_Tokyo_Overlap,YES,195.0,225.0,5497.0,0.566672730580312,3.8309017805858088,5.00976450315893,0.8396429214841751,0.0,9.481878549778283,0.0,6137.145891343942,12545.94760313914,5717.435317580431,2251.398585460317,2025,1527,2.5395038242024364,0.07,-265.09000000000003
2025-12-30,2025,2025-05-20 16:45:00+00:00,EXECUTED,BUY,3261.18,M15,5949.000000000024,46.00000000000364,292.42,London_NewYork_Overlap,YES,BoS_1,EXECUTED,,0.0,120.75,120.75,1,1,1,1,1,12.618571428571483,1.398783778549572,0.9824649298597012,1.3167713167713166,6.680714285714332,16,1,2,1,1,1,90.39999999999964,-90.39999999999964,1.177160803192056,2.5446380840371896,0.9824649298597012,29.98142857142862,0.3869326878176453,1.512559750409774,1.280437074240103,0.0,1.2720731998277215,0.5212837071244151,300.0,0.2048557358291886,5.714867153425983,1.17072331588114,17.0,0.5,1.0,1.0,300.0,1.0,3.70169998930822,2.2617342029294765,3.213728215545762,London_NewYork_Overlap,YES,105.0,135.0,4606.0,0.537342596613114,3.189778680637198,3.704693681171791,0.9193429547411864,0.0,9.199124243372031,0.0,8208.838518573066,63.47395727927204,5970.842483810679,3425.932728159026,2025,1527,1.742837048355937,0.04,1169.68
2025-12-30,2025,2025-06-02 09:15:00+00:00,EXECUTED,BUY,3337.55,M15,5468.99999999996,161.00000000001273,184.83,Asia,YES,BoS_1,EXECUTED,,0.0,86.25,86.25,1,1,1,1,1,10.35857142857146,1.0782901362842463,0.930664062499998,1.29802399026482,4.335714285714305,9,0,3,1,0,0,63.20000000000164,-63.20000000000164,2.3479876769823003,5.304777594728148,0.930664062499998,25.214999999999986,0.3103645317245123,3.713346343207464,3.10788271715736,0.0,1.0062621464046642,0.6891282527602582,300.0,0.1299070960948691,8.041261200714072,1.0446168915251055,23.0,0.5,1.0,1.0,300.0,1.0,3.4711696869852,4.349917627677111,6.647116968698525,Asia,YES,15.0,45.0,2115.0,0.6468085106383088,1.7228995057660088,3.155189456342722,0.7554942997108652,0.0,8.988629383829455,0.0,7373.82211502444,217.0753996194985,3599.011974073612,3038.69320466148,2025,1527,1.1843946498292686,0.01,184.83
2025-12-30,2025,2025-06-05 13:15:00+00:00,EXECUTED,BUY,3395.53,M15,779.9999999999727,5592.000000000007,-269.5,London,YES,BoS_2,EXECUTED,,0.0,162.25,162.25,1,1,1,1,1,8.604999999999986,1.237344103921622,0.7923497267760541,1.0229482691559704,4.93999999999999,13,3,2,1,1,1,32.900000000004184,-32.900000000004184,3.4709891912374307,4.65587044534414,0.7923497267760541,18.85285714285718,0.2534214099124433,7.201547840501951,6.251491664746298,0.0,1.2924285950586194,0.6773611188827664,300.0,0.145485388142646,6.332795573529716,0.9213292220430016,23.0,0.5,1.0,1.0,300.0,1.0,2.078947368421053,3.410931174089149,4.919028340081018,London,YES,135.0,105.0,3187.0,0.7740822089739616,1.4574898785424764,4.993927125506098,0.5552257568879432,0.0,8.835145028905648,0.0,1033.7119683819249,7410.919650246068,4861.631790388766,2194.562725131174,2025,1527,2.2153077397676912,0.07,-1886.5000000000002
2025-12-30,2025,2025-06-23 01:00:00+00:00,EXECUTED,BUY,3380.07,M15,1346.0000000000036,3295.000000000028,-214.9,Sydney,YES,CHoCH,EXECUTED,,67.0,0.0,67.0,-1,1,0,1,1,9.629285714285643,1.371385767790262,0.5834905660377357,2.5502857566985826,4.186428571428613,1,0,0,0,0,0,-166.29999999999654,166.29999999999654,1.6580547314781764,11.943354376386162,0.5834905660377357,19.41000000000001,0.2848842099212633,0.8468380942198442,2.887347272657102,0.0,0.9410848462452368,1.4792593052806595,300.0,0.1238562684035719,2.9850206433246016,0.3697135179898147,50.0,0.5,1.0,1.0,300.0,1.0,2.8114656202012984,3.473127452653088,3.4134106807711566,Sydney,YES,0.0,60.0,1675.0,0.2614925373134393,2.9547858727179106,1.046237843371454,0.5742484623099526,0.0,8.87555583168396,0.0,1791.974722416996,4386.743469809833,3254.8206889590447,2097.6828523895583,2025,1527,1.5516266842966,0.04,-859.6
2025-12-30,2025,2025-06-27 05:45:00+00:00,EXECUTED,SELL,3308.84,M15,6036.000000000013,202.99999999997453,229.42,Sydney_Tokyo_Overlap,YES,CHoCH,EXECUTED,,75.0,0.0,75.0,-1,-1,1,0,0,9.3057142857143,1.0805436847103511,0.8060941828255176,1.2744310575635878,4.4235714285714165,5,4,0,0,0,0,-275.49999999999727,275.49999999999727,-0.5329970631832476,4.5212336508961855,0.8060941828255176,15.768571428571477,0.2812379651392724,-4.341353314520803,-1.1184285212722198,0.0,1.169324998819102,0.604441435669298,300.0,0.1336894932535697,-4.935038643137867,-0.6597628153878857,20.0,0.5,1.0,1.0,300.0,1.0,-2.04811884385596,-1.7904085257549058,-1.4083642822541658,Sydney_Tokyo_Overlap,YES,225.0,195.0,2957.0,0.5204599256002788,3.2055546584853585,3.4790892943646887,0.4765588976369808,0.0,9.06662153503947,0.0,8208.919137824752,276.0786257419172,4678.53551975752,1710.3536012273792,2025,1527,2.7354200420311465,0.07,1605.94
2025-12-30,2025,2025-07-07 04:00:00+00:00,EXECUTED,SELL,3311.01,M15,1456.00000000004,3475.0,-220.19,Sydney_Tokyo_Overlap,YES,BoS_1,EXECUTED,,0.0,84.5,84.5,-1,-1,1,0,0,7.808571428571375,1.895664952241,0.9201183431952452,1.92514166418133,4.678571428571429,4,0,0,0,0,0,-317.5,317.5,-0.4319128037115559,5.98473282442748,0.9201183431952452,15.837857142857048,0.2358365401666372,-2.769458497039715,-0.9029426135858072,0.0,1.485233854017027,0.84566340784232,300.0,0.1413034520756937,-4.9073755916345965,-0.6934291117299686,28.0,0.5,1.0,1.0,300.0,1.0,-2.778625954198473,-3.808854961831999,-5.020763358778579,Sydney_Tokyo_Overlap,YES,120.0,300.0,2800.0,0.196071428571437,4.811297709923613,1.1734351145038673,0.4783391515838686,0.0,9.060679369739145,0.0,1978.852374351083,4722.879121476528,4243.271647326956,1852.8639679503449,2025,1527,2.2901150439127496,0.07,-1541.3300000000002
2025-12-30,2025,2025-07-08 18:00:00+00:00,EXECUTED,SELL,3291.6,M15,882.9999999999927,2126.000000000022,-117.71,London_NewYork_Overlap,YES,CHoCH,EXECUTED,,38.0,0.0,38.0,-1,-1,1,0,0,8.641428571428671,1.3900756750719052,0.4396092362344917,1.3303208314505195,6.628571428571441,18,1,1,0,1,0,-541.6000000000031,541.6000000000031,-1.0158961887738132,3.017241379310339,0.4396092362344917,16.874999999999968,0.2625297293543769,-4.354892846012123,-1.9815845303513424,0.0,1.8213485269894416,0.6076072426783328,300.0,0.2013784004305335,-5.205581078230293,-1.0482915908454686,20.0,0.5,1.0,1.0,300.0,1.0,-2.0094827586207105,-3.570905172413797,-5.224353448275869,London_NewYork_Overlap,YES,180.0,60.0,3779.0,0.0023815824292058,5.68750000000003,0.0135775862068498,0.5126686110098423,0.0,9.11410864017499,0.0,1207.1636893911675,2906.4892453518346,5052.8002574982565,3176.1362486241933,2025,1527,1.5908638238321726,0.04,-470.84
2025-12-30,2025,2025-07-11 03:30:00+00:00,EXECUTED,BUY,3335.85,M15,3809.000000000015,1058.999999999969,184.27,Sydney_Tokyo_Overlap,YES,CHoCH,EXECUTED,,40.25,0.0,40.25,-1,1,0,1,1,7.615714285714278,1.2195465868676263,0.9727810650887024,1.7816733067729085,2.6092857142857286,3,4,0,0,0,0,55.99999999999909,-55.99999999999909,0.3724965972082938,7.664932931836804,0.9727810650887024,13.60714285714289,0.2282990627790302,1.809919976303585,0.913191539798529,0.0,0.6185231747895094,0.5995473417569736,300.0,0.0782195156942227,7.048654093241087,0.5513423094694184,20.0,0.5,1.0,1.0,300.0,1.0,4.61812209143157,4.33835203941952,4.05858198740747,Sydney_Tokyo_Overlap,YES,90.0,330.0,1730.0,0.7462427745664774,1.6824527785381298,4.947714207500601,0.4079063164453704,0.0,8.993210126354603,0.0,5138.270605692723,1428.5714285713868,3148.7308447497157,1702.4130240566574,2025,1527,1.8495692879784524,0.04,737.08
2025-12-30,2025,2025-07-21 08:00:00+00:00,EXECUTED,BUY,3362.87,M15,3980.000000000018,13.999999999987269,175.94,Sydney_Tokyo_Overlap,YES,CHoCH,EXECUTED,,88.5,0.0,88.5,-1,1,0,1,1,5.737142857142804,1.2730878279823656,0.904085257548773,1.3592654182633217,3.1185714285714505,8,0,3,1,0,0,16.30000000000109,-16.30000000000109,0.9622589986001554,6.413192853870775,0.904085257548773,12.667857142857104,0.1706025762858155,4.055719939609969,2.5544588024085257,0.0,1.1189325689848753,0.5947300966139042,300.0,0.092735414350583,5.254260400583602,0.4872560153539806,20.0,0.5,1.0,1.0,300.0,1.0,2.594136509390629,3.726065048098885,3.161704076958187,Sydney_Tokyo_Overlap,YES,360.0,60.0,2121.0,0.7901933050447777,1.426935409986335,5.374255611543633,0.376697795123127,0.0,8.920951449208562,0.0,5325.808015177537,18.733998043320945,3114.663059735005,1804.4511438858103,2025,1527,1.7260999669005768,0.04,703.76
2025-12-30,2025,2025-07-22 15:30:00+00:00,EXECUTED,BUY,3403.68,M15,3509.0000000000146,269.9999999999818,156.83,London_NewYork_Overlap,YES,BoS_1,EXECUTED,,0.0,31.5,31.5,1,1,1,1,1,6.610714285714299,1.4859667047298517,0.393300248138913,1.4911009333874428,3.16285714285706,15,1,2,1,1,1,20.899999999996908,-10.099999999997635,2.022205597115828,5.691056910569255,0.393300248138913,13.18285714285714,0.1942225557547801,7.786148054567794,5.221129738571567,0.0,1.0587000896621457,0.5288393738541814,300.0,0.0929246328343751,8.76804957978844,0.814767787875438,18.0,0.5,1.0,1.0,300.0,1.0,3.90469738030721,5.09349593495938,5.232610659439979,London_NewYork_Overlap,YES,30.0,210.0,3673.0,0.3324258099646074,7.752484191508779,3.860433604336156,0.3873118842798718,0.0,8.813989564236357,0.0,4639.243407135825,356.9665773515484,5875.317675253361,1479.1255492412486,2025,1527,3.9721561690738425,0.07,1097.8100000000002
2025-12-30,2025,2025-07-28 16:30:00+00:00,EXECUTED,SELL,3321.99,M15,2018.99999999996,782.0000000000164,10.39,London_NewYork_Overlap,YES,CHoCH,EXECUTED,,77.25,0.0,77.25,-1,-1,1,0,0,8.636428571428594,1.5461913037493331,0.9060308555399632,1.5883222943862132,3.784285714285716,16,0,2,1,1,1,-232.1000000000004,232.1000000000004,-0.6190063457278867,5.020762551906378,0.9060308555399632,15.815714285714224,0.2599775607821997,-4.5326978507965165,-1.3001833829926956,0.0,1.313180226881217,0.5719463333724665,300.0,0.1139162283536589,-7.298404036102973,-0.8314066607939725,19.0,0.5,1.0,1.0,300.0,1.0,-1.7097017742545024,-2.2646281615704464,-3.755001887504727,London_NewYork_Overlap,YES,90.0,150.0,3456.0,0.5700231481481438,3.926764816912075,5.205738014344986,0.4760915681779363,0.0,9.03073157956526,0.0,2734.957058871285,1059.304814283027,4998.852226332536,1427.3296465491023,2025,1527,3.502240872259895,0.07,72.73000000000002
2025-12-30,2025,2025-07-30 18:00:00+00:00,EXECUTED,SELL,3300.7,M15,3252.9999999999745,1411.0000000000127,26.82,London_NewYork_Overlap,YES,BoS_1,EXECUTED,,0.0,49.5,49.5,-1,-1,1,0,0,8.497857142857194,1.3446335485207306,0.3199105145414339,0.9628970642105814,6.502142857142871,18,2,1,0,1,0,-333.50000000000364,333.50000000000364,-1.1913623060949023,3.075909040975496,0.3199105145414339,15.494285714285784,0.2574562105873662,-5.282037999665013,-2.537922454922735,0.0,1.3421359024552515,0.6059320750143908,300.0,0.196992845673429,-3.949952066232538,-0.7781122978007886,20.0,0.5,1.0,1.0,300.0,1.0,-0.1707129517741596,-0.3629572668351281,-3.558826760408699,London_NewYork_Overlap,YES,180.0,60.0,3822.0,0.2140240711669251,4.6200153795451895,1.258046797758953,0.4694242346861509,0.0,9.088981125215865,0.0,4434.968340049046,1923.682855151955,5992.902585227968,1819.4661027471584,2025,1527,3.293769846099062,0.07,187.74000000000004
2025-12-30,2025,2025-08-05 17:30:00+00:00,EXECUTED,BUY,3384.26,M15,611.9999999999891,2602.000000000044,-50.58,London_NewYork_Overlap,YES,CHoCH,EXECUTED,,27.25,0.0,27.25,1,1,1,1,1,8.372857142857226,1.8104429770016288,0.7417677642981306,1.317241735004384,5.689285714285786,17,1,1,0,1,0,18.50000000000364,-18.50000000000364,1.324550735954647,3.515379786566183,0.7417677642981306,17.296428571428546,0.2474058477438857,5.017865633987372,2.591647203438625,0.0,1.308814898861458,0.5909711428790931,300.0,0.1681101840368584,4.749322136829209,0.798409418472684,20.0,0.5,1.0,1.0,300.0,1.0,1.8420590081606831,2.4449466415568346,5.473446327683605,London_NewYork_Overlap,YES,150.0,90.0,3526.0,0.9322178105502026,0.4200878844946364,5.777526679221582,0.5110845080291865,0.0,8.864567143186397,0.0,813.7672637444967,3459.8405559857097,4012.829683867075,3164.512984477002,2025,1527,1.2680718023757054,0.02,-101.16
2025-12-30,2025,2025-08-07 10:15:00+00:00,EXECUTED,BUY,3392.13,M15,1671.0000000000036,2039.0000000000327,17.53,Tokyo_London_Overlap,YES,BoS_1,EXECUTED,,0.0,40.75,40.75,1,1,1,1,1,7.102142857142845,1.126987037533323,0.7120954003407232,1.0334589471280118,3.84357142857136,10,3,3,1,0,0,17.5,-17.5,1.4561328770351043,5.203493774391471,0.7120954003407232,13.210714285714303,0.2093711873407813,5.490356871843955,3.7389288038107136,0.0,1.4061894754192936,0.5896000448096034,300.0,0.1133084943257292,5.413228134515631,0.6133647293636423,20.0,0.5,1.0,1.0,300.0,1.0,1.816019327262628,3.5643932354582284,3.788143467756976,Tokyo_London_Overlap,YES,15.0,45.0,712.0,0.6348314606741645,0.6764541906708675,1.1759895930124675,0.389451886741201,0.0,8.84400067214405,0.0,2216.7487684729117,2704.9376055753014,2267.1205910834283,2016.823209071945,2025,1527,1.1241047707531386,0.01,17.53
2025-12-30,2025,2025-08-18 02:15:00+00:00,EXECUTED,SELL,3329.17,M15,330.0000000000182,2921.99999999998,-23.07,Sydney_Tokyo_Overlap,YES,BoS_1,EXECUTED,,0.0,87.5,87.5,-1,-1,1,0,0,6.56142857142858,0.8854245752560274,0.1539548022599091,1.6717691808145467,2.37357142857143,2,0,0,0,0,0,55.50000000000182,195.0,-0.560447471634473,8.426120975022565,0.1539548022599091,14.238571428571536,0.1970890213304992,-3.7779302726801127,-1.310401762214234,0.0,0.6516947284534649,0.6007503371711268,300.0,0.0712961918007019,-6.194462288370008,-0.4416415714138433,20.0,0.5,1.0,1.0,300.0,1.0,-2.329822449593632,-1.78212458621728,-4.2130604875112825,Sydney_Tokyo_Overlap,YES,15.0,405.0,3041.0,0.0680697139099027,11.939813421607036,0.8721035209149044,0.427691329327476,0.0,9.0112550575669,0.0,446.0571253495862,3949.633091731546,4095.04686126588,2441.572178031823,2025,1527,1.6772172037801234,0.04,-92.28
2025-12-30,2025,2025-08-19 17:45:00+00:00,EXECUTED,SELL,3325.28,M15,1373.0000000000018,2490.999999999985,-149.98,London_NewYork_Overlap,YES,CHoCH,EXECUTED,,39.5,0.0,39.5,-1,-1,1,0,0,6.619999999999891,1.6044351947393274,0.1795302013422456,1.3952222887304784,4.992142857142783,17,1,1,0,1,0,-200.09999999999764,200.09999999999764,-0.6495670737098714,4.00629560738309,0.1795302013422456,12.330714285714262,0.1990809796468234,-3.6243944788862272,-1.751717174542288,0.0,1.3871840392256318,0.6014531107154886,300.0,0.1501269925282317,-2.8387426676129603,-0.4261718992503034,20.0,0.5,1.0,1.0,300.0,1.0,-1.8989841178995883,-2.5319788238660874,-2.562026040921479,London_NewYork_Overlap,YES,165.0,75.0,1665.0,0.1315315315315376,2.89655172413789,0.4386893690084593,0.3708173232243378,0.0,9.021796660732328,0.0,1858.0390222778256,3370.9943222826146,2351.4329143894324,2176.2559526109703,2025,1527,1.080494650258529,0.01,-149.98
2025-12-30,2025,2025-08-22 15:30:00+00:00,EXECUTED,SELL,3324.33,M15,103.99999999999636,5446.000000000004,-269.5,London_NewYork_Overlap,YES,CHoCH,EXECUTED,,109.25,0.0,109.25,-1,-1,1,0,0,4.729285714285717,1.5957722604447104,0.2377622377622683,1.5325941097535136,2.7235714285714687,15,4,2,1,1,1,28.899999999998727,237.30000000000013,-0.6165912788205027,6.976134277471704,0.2377622377622683,10.562857142857183,0.1422628233143435,-3.665449532217034,-1.940528834385918,0.0,1.0093419065447606,0.5715437396407697,300.0,0.0819284315507626,-3.924274827138561,-0.3215096815616026,19.0,0.5,1.0,1.0,300.0,1.0,-1.8578547075792864,-1.8578547075792864,-2.313139260424895,London_NewYork_Overlap,YES,30.0,210.0,5359.0,0.016234372084342,19.35693679517421,0.3194335169157695,0.3177439406694637,0.0,9.024374836433209,0.0,140.7802474483531,7372.011803882291,4670.894800133196,2547.100081732775,2025,1527,1.8338089004165155,0.04,-1078.0
2025-12-30,2025,2025-08-22 17:00:00+00:00,EXECUTED,BUY,3358.99,M15,1980.0000000000184,169.9999999999818,66.25,London_NewYork_Overlap,YES,CHoCH,EXECUTED,,110.75,0.0,110.75,-1,1,0,1,1,8.234999999999998,1.971386647101981,0.9109907120742968,1.7834708707968965,5.32500000000011,17,4,1,0,1,0,109.29999999999836,-109.29999999999836,0.4139943447843721,3.755868544600861,0.9109907120742968,13.85571428571432,0.2451629805387928,2.074541530866376,1.0036313072802128,0.0,1.5476605182973884,0.5954170747754534,300.0,0.1585297961589677,4.512001075327468,0.7152866107407069,20.0,0.5,1.0,1.0,300.0,1.0,5.680751173708803,6.662910798121846,5.586854460093781,London_NewYork_Overlap,YES,120.0,120.0,5359.0,0.6629968277663678,3.3915492957746527,6.672300469483382,0.412496443446224,0.0,8.931256121631801,0.0,2652.5830681246694,227.74703110158651,4670.829898777304,1634.8049170153397,2025,1527,2.857117598658089,0.07,463.75000000000006
2025-12-30,2025,2025-08-26 03:15:00+00:00,EXECUTED,BUY,3377.58,M15,1590.9999999999854,1028.9999999999964,96.21,Sydney_Tokyo_Overlap,YES,CHoCH,EXECUTED,,193.0,0.0,193.0,-1,1,0,1,1,7.437857142857118,1.9597835023294048,0.7563989408649394,2.1828427374508785,4.2364285714286,3,1,0,0,0,0,13.600000000001272,-13.600000000001272,0.9069333102557507,4.72095767998648,0.7563989408649394,14.142142857142874,0.2202126120730557,3.816786611702247,2.166036534206304,0.0,0.9977791878172588,0.5921399345093232,300.0,0.1254279268419578,4.431055375065899,0.5557780894164297,20.0,0.5,1.0,1.0,300.0,1.0,5.575451020064008,4.494351711347121,2.797167425391968,Sydney_Tokyo_Overlap,YES,75.0,345.0,2951.0,0.8051507963402221,1.3572753329961131,5.6084977238238825,0.4187063772625037,0.0,8.882099017639849,0.0,2119.7129305597305,1370.951983372706,3307.8178128698887,2170.05718744528,2025,1527,1.52429983504907,0.04,384.84
2025-12-30,2025,2025-08-26 22:00:00+00:00,EXECUTED,BUY,3388.31,M15,1050.0,1450.0,49.1,NewYork,YES,BoS_1,EXECUTED,,0.0,18.75,18.75,1,1,1,1,1,7.445714285714205,0.8169731689078719,0.7411444141688681,0.8826322551812749,2.405000000000005,22,1,0,0,0,0,18.69999999999891,-18.69999999999891,1.1725216622990675,7.484407484407469,0.7411444141688681,16.253571428571377,0.219747139007771,4.578794429194945,2.4443039433172453,0.0,0.8856668631656403,0.5312382869336041,300.0,0.0709793377819622,8.08344469936506,0.5737575517580449,18.0,0.5,1.0,1.0,300.0,1.0,2.295218295218283,2.752598752598701,2.062370062370073,NewYork,YES,180.0,180.0,939.0,0.7050053248136294,1.1517671517671415,2.752598752598701,0.4796955245704016,0.0,8.8539714488934,0.0,1394.500503200711,1925.738790134315,2438.085930569515,1948.8597228551048,2025,1527,1.2510320275887725,0.02,98.2
2025-12-30,2025,2025-08-27 19:30:00+00:00,EXECUTED,BUY,3394.53,M15,2319.999999999982,993.0000000000292,137.35,NewYork,YES,BoS_2,EXECUTED,,0.0,40.25,40.25,1,1,1,1,1,6.764285714285701,1.133745151558684,0.609841827768053,1.0618369492497373,3.632857142857087,19,2,1,0,1,0,10.400000000004184,-10.400000000004184,1.3010288096105729,5.505308690523089,0.609841827768053,14.895714285714218,0.1992701703707347,5.176241923827576,2.964867102293256,0.0,1.3360732738374823,0.589183185890241,300.0,0.1070209172656328,4.879424780405158,0.5222005157276192,20.0,0.5,1.0,1.0,300.0,1.0,1.811246559182201,1.819504522217916,4.134486826582835,NewYork,YES,30.0,330.0,823.0,0.7679222357229829,0.5257569799449149,1.739677546205341,0.438815219948394,0.0,8.837747788353616,0.0,3075.5362303470342,1316.3825330753098,2276.149076709468,2167.325336343021,2025,1527,1.0502110774702924,0.01,137.35
2025-12-30,2025,2025-09-05 15:30:00+00:00,EXECUTED,BUY,3583.73,M15,4834.000000000015,1184.0000000000146,50.72,London_NewYork_Overlap,YES,CHoCH,EXECUTED,,49.0,0.0,49.0,1,1,1,1,1,9.550714285714289,1.526450009808409,0.8934729064039398,1.588798399771396,5.695714285714303,15,4,2,1,1,1,226.3999999999988,-226.3999999999988,5.159902306449868,31.427138199147134,0.8934729064039398,21.396428571428487,0.2665020603034907,11.091493566758386,8.642422089724962,0.0,1.029185778141342,4.994795924916218,300.0,0.1589325726467759,7.134930691315529,1.1339728904272164,179.0,0.5,1.0,1.0,300.0,1.0,5.354903436167529,6.123902683722098,5.816654125909206,London_NewYork_Overlap,YES,30.0,210.0,4280.0,0.7532710280373855,1.8540255831452068,5.660396287935816,0.5970435432197316,0.0,8.371166354608189,0.0,6069.932723726415,1486.7191445784324,5761.105591970554,2822.827245104457,2025,1527,2.040899102827445,0.07,355.04
2025-12-30,2025,2025-09-08 10:00:00+00:00,EXECUTED,BUY,3604.62,M15,5459.999999999991,5.999999999994543,253.1,Tokyo_London_Overlap,YES,BoS_1,EXECUTED,,0.0,66.5,66.5,1,1,1,1,1,8.380000000000043,1.0373904360368358,0.7726737338044893,1.1302748645558924,3.849999999999974,10,0,3,1,0,0,46.19999999999891,-46.19999999999891,5.445454202262905,4.935064935064968,0.7726737338044893,22.350714285714243,0.2324794291770018,12.876474096712183,8.782177104338414,0.0,1.0118115586648626,0.5271013310695718,300.0,0.1068073749798862,9.851556372664051,1.052218875630617,19.0,0.5,1.0,1.0,300.0,1.0,2.670129870129822,3.4987012987012704,6.02597402597402,Tokyo_London_Overlap,YES,0.0,60.0,1504.0,0.4361702127659548,2.2025974025974224,1.7038961038961014,0.620057434229246,0.0,8.322652595835345,0.0,6816.252475989136,7.490387336244997,3617.5491342114983,2278.7200436829244,2025,1527,1.587535574736388,0.04,1012.4
2025-12-30,2025,2025-09-09 05:00:00+00:00,EXECUTED,BUY,3650.58,M15,2353.9999999999964,3028.9999999999964,-105.46,Sydney_Tokyo_Overlap,YES,BoS_2,EXECUTED,,0.0,85.5,85.5,1,1,1,1,1,8.906428571428544,1.119012577760738,0.4794520547944878,1.5063619369233552,4.190714285714258,5,1,0,0,0,0,42.30000000000018,-42.30000000000018,6.327497325060666,4.772456110448301,0.4794520547944878,19.52499999999996,0.2439729733748758,14.761212397087224,11.830491772046102,0.0,1.053665310360573,0.5478581485681727,300.0,0.1147958484874803,12.111044518276795,1.3902976315452322,20.0,0.5,1.0,1.0,300.0,1.0,1.44844042952099,2.863473666268981,4.7366626896199175,Sydney_Tokyo_Overlap,YES,180.0,240.0,2726.0,0.768158473954508,1.5080961309017022,4.996761547639385,0.5348465175396775,0.0,8.217872228522591,0.0,2901.7306838913223,3733.7902470292343,5005.484322764813,2533.8706114102683,2025,1527,1.97543011873796,0.04,-421.84
2025-12-30,2025,2025-09-15 16:30:00+00:00,EXECUTED,BUY,3662.73,M15,4032.9999999999927,890.9999999999854,180.62,London_NewYork_Overlap,YES,CHoCH,EXECUTED,,100.5,0.0,100.5,-1,1,0,1,1,8.736428571428503,1.5006030694153691,0.7846556233653145,1.301669493795197,4.752142857142839,16,0,2,1,1,1,51.59999999999855,-51.59999999999855,5.200260693996981,10.31113783255678,0.7846556233653145,17.256428571428483,0.2385223200025255,7.404938456873137,11.037713147238348,0.0,1.3979056685417568,1.337799947034043,300.0,0.129743193113957,4.380122706287192,0.5682911061446472,49.0,0.5,1.0,1.0,300.0,1.0,2.611453479633228,5.145047347061458,4.132872388396201,London_NewYork_Overlap,YES,90.0,150.0,2999.0,0.8089363121040356,1.2057718322561335,5.105065384037342,0.4711356985480361,0.0,8.19061192061659,0.0,4954.910681376997,1094.675283190389,4398.423713478779,2360.729885394439,2025,1527,1.863162634866155,0.04,722.48
2025-12-30,2025,2025-09-19 16:45:00+00:00,EXECUTED,BUY,3663.31,M15,6494.0000000000055,694.0000000000055,131.0,London_NewYork_Overlap,YES,BoS_1,EXECUTED,,0.0,12.75,12.75,1,1,1,1,1,10.003571428571442,1.365144485592742,0.6752049180328181,1.280924146391331,4.660714285714286,16,4,2,1,1,1,20.70000000000164,-20.70000000000164,4.0680195936030765,5.793103448275862,0.6752049180328181,22.452142857142853,0.2730746627659532,2.4619184583190066,6.637414055425484,0.0,1.1636885549002527,0.7370383614818293,300.0,0.1272268600176967,1.4359921351565756,0.182696770366079,27.0,0.5,1.0,1.0,300.0,1.0,2.096245210727965,3.4222222222221834,2.658390804597674,London_NewYork_Overlap,YES,105.0,135.0,2489.0,0.6424266773804687,1.9095785440613224,3.4308045977011026,0.6128922438216491,0.0,8.189315127575881,0.0,7977.211865771673,852.5077047806559,4928.767848769535,2061.72971256867,2025,1527,2.3905984468880144,0.07,917.0000000000001
2025-12-30,2025,2025-09-26 16:00:00+00:00,EXECUTED,BUY,3764.31,M15,6707.999999999993,1188.9999999999873,-38.26,London_NewYork_Overlap,YES,CHoCH,EXECUTED,,76.5,0.0,76.5,1,1,1,1,1,9.739285714285677,1.4302125215393453,0.8897224306076663,1.3861998850727135,5.035714285714221,16,4,2,1,1,1,60.99999999999909,-60.99999999999909,5.041878703433747,9.333333333333451,0.8897224306076663,22.366428571428543,0.2587269835450766,5.438844891009981,8.485572187580813,0.0,1.360299069448643,1.2485687948123296,300.0,0.133775228015605,3.556800917168429,0.4758118537003196,47.0,0.5,1.0,1.0,300.0,1.0,2.929078014184435,3.117730496453905,3.6260992907801417,London_NewYork_Overlap,YES,60.0,180.0,3059.0,0.5122589081399149,2.9628368794326767,3.1117730496454445,0.5941707396954168,0.0,7.969588051993592,0.0,8018.999497915944,1421.376029073042,6004.574651740365,2009.9170158918728,2025,1527,2.9874739127356054,0.07,-267.82
2025-12-30,2025,2025-09-29 03:45:00+00:00,EXECUTED,BUY,3787.11,M15,6340.999999999985,1920.0000000000275,309.02,Sydney_Tokyo_Overlap,YES,BoS_1,EXECUTED,,0.0,59.75,59.75,1,1,1,1,1,12.070714285714237,1.075463771640834,0.7866666666666875,1.251854049243548,5.293571428571405,3,0,0,0,0,0,33.099999999999454,-33.099999999999454,5.509323810091421,4.72270948589936,0.7866666666666875,22.37142857142849,0.3187315468976142,5.778357204479075,9.326366989849792,0.0,0.7427691987602155,0.6601339807927418,300.0,0.1397786551901425,5.939941981095671,0.8302771020250236,25.0,0.5,1.0,1.0,300.0,1.0,2.450141681284636,3.224666036972114,3.6893806503846176,Sydney_Tokyo_Overlap,YES,105.0,315.0,3989.0,0.5071446477814009,3.713938739711229,3.821616515989765,0.5907256079551028,0.0,7.9216077695129,0.0,7534.637229972178,2281.423037619748,6881.321132496942,3407.4349761819885,2025,1527,2.019501818992133,0.07,2163.1400000000003
2025-12-30,2025,2025-10-08 02:45:00+00:00,EXECUTED,BUY,3994.35,M15,6490.000000000009,975.0,55.03,Sydney_Tokyo_Overlap,YES,BoS_2,EXECUTED,,0.0,112.25,112.25,1,1,1,1,1,12.417857142857104,0.8588123704579785,0.7271157167530333,1.3477941591820597,3.129999999999914,2,2,0,0,0,0,33.60000000000127,-33.60000000000127,7.719568075167857,12.46006389776392,0.7271157167530333,25.423571428571385,0.3108855544170417,10.219419376361971,12.12837339855182,0.0,0.6948260577062126,0.9763791355289344,300.0,0.0783606844668072,14.20932846985361,1.113452704711419,39.0,0.5,1.0,1.0,300.0,1.0,1.361022364217214,1.3258785942492668,3.776357827476049,Sydney_Tokyo_Overlap,YES,45.0,375.0,4496.0,0.1294483985765072,12.504792332268671,1.8594249201277533,0.6364883254740167,0.0,7.510608734837959,0.0,7311.5776033647635,1098.4265274700515,8426.785577762646,4847.134151844035,2025,1527,1.7385088412617538,0.04,220.12
2025-12-30,2025,2025-10-14 02:30:00+00:00,EXECUTED,BUY,4128.51,M15,5109.000000000015,3787.0000000000346,-23.45,Sydney_Tokyo_Overlap,YES,BoS_1,EXECUTED,,0.0,86.5,86.5,1,1,1,1,1,13.116428571428612,0.9575202730698656,0.8078096400243757,1.330141249700742,5.612857142857138,2,1,0,0,0,0,115.0,-115.0,8.910149060055627,8.017307202850606,0.8078096400243757,35.29500000000011,0.3177036890168271,12.228322911083527,10.42233729874774,0.0,0.7506898143674644,1.089981615643416,300.0,0.135953579932158,13.627522863739364,1.852710518932701,45.0,0.5,1.0,1.0,300.0,1.0,2.423008399083803,3.445660473402931,3.524051921608672,Sydney_Tokyo_Overlap,YES,30.0,390.0,6461.0,0.2154465253056824,9.031051158055424,2.480020361415133,0.8549089138696554,0.0,7.266544104289441,0.0,5568.716074322228,4127.760378441654,8850.70706925088,4747.429923509965,2025,1527,1.8643154742360468,0.04,-93.8
2025-12-30,2025,2025-10-15 04:15:00+00:00,EXECUTED,BUY,4185.6,M15,4901.999999999953,2103.000000000065,193.11,Sydney_Tokyo_Overlap,YES,BoS_2,EXECUTED,,0.0,112.25,112.25,1,1,1,1,1,18.262857142857165,1.0458587835038824,0.5066458170446045,1.3368191721132898,10.927142857142826,4,2,0,0,0,0,60.0,-60.0,9.524943884747426,4.026670152961183,0.5066458170446045,37.02857142857157,0.4363259065093932,9.81226472559218,10.766714346758905,0.0,0.9942333657207032,1.051223241590214,300.0,0.261065148536478,6.994816601575218,1.8261028350756567,44.0,0.5,1.0,1.0,300.0,1.0,1.6793044842463447,1.559419531964964,2.477317296378675,Sydney_Tokyo_Overlap,YES,135.0,285.0,3673.0,0.8034304383338026,0.6607399660085705,2.700614459406486,0.8846657929226769,0.0,7.16743119266055,0.0,5270.212155963252,2260.9661697248403,6360.712481017244,5455.448991744238,2025,1527,1.1659374857400273,0.01,193.11
2025-12-30,2025,2025-11-12 17:00:00+00:00,EXECUTED,BUY,4161.62,M15,8377.000000000044,184.00000000001447,122.06,London_NewYork_Overlap,NO,CHoCH,EXECUTED,,61.75,0.0,61.75,1,1,1,1,1,15.875714285714432,1.2879157174265563,0.9283625730994132,1.1657873012454687,8.99142857142858,17,2,1,0,1,0,162.29999999999563,-162.29999999999563,4.243450762065372,11.23292024149983,0.9283625730994132,29.86428571428577,0.3814791904526226,6.637853805398159,5.913293801625697,0.0,1.3335079555568623,2.4269395091334625,300.0,0.2160559727084303,5.646710768107599,1.2200055876066551,101.0,0.5,1.0,1.0,300.0,1.0,3.317604067365734,3.845884969812508,3.023991102637385,London_NewYork_Overlap,NO,180.0,60.0,5352.0,0.6737668161434942,1.941849380362252,4.010486177311665,0.7176120288321801,0.0,7.208731215247909,0.0,9058.131208519806,198.960981540858,7098.639608429617,3794.233304961746,2025,1527,1.8709022450323955,0.04,488.24
2025-12-30,2025,2025-11-19 07:15:00+00:00,EXECUTED,BUY,4088.64,M15,4382.000000000016,4842.000000000007,-83.34,Sydney_Tokyo_Overlap,NO,BoS_1,EXECUTED,,0.0,15.75,15.75,1,1,1,1,1,15.782142857142942,0.93944060307779,0.706537890044557,1.114887831407206,7.079285714285659,7,2,0,0,0,0,65.79999999999927,-65.79999999999927,1.8116308047734853,15.53829078801344,0.706537890044557,37.74214285714292,0.3859998155167229,0.25777984524492,1.9625558097391456,0.0,0.9009319630919972,2.690381153635439,300.0,0.1731452442446793,2.682169507935304,0.4644048945570896,110.0,0.5,1.0,1.0,300.0,1.0,1.939461204722044,2.816668348299898,1.8660074664514368,Sydney_Tokyo_Overlap,NO,375.0,45.0,3331.0,0.8871209846892758,0.5311270305721266,4.1741499344163,0.9230977258243064,0.0,7.337403146278469,0.0,4822.875088048856,5329.15590514206,6123.760935277615,4618.067988809687,2025,1527,1.326043910595613,0.02,-166.68
2025-12-30,2025,2025-11-24 20:30:00+00:00,EXECUTED,BUY,4112.72,M15,4655.999999999949,371.0000000000037,131.02,NewYork,NO,CHoCH,EXECUTED,,84.25,0.0,84.25,-1,1,0,1,1,14.107857142857224,1.049410329402196,0.8943772990016113,1.014362657091562,6.57714285714295,20,0,1,0,1,0,114.70000000000256,-114.70000000000256,2.087845248014664,15.508253692441135,0.8943772990016113,37.87071428571432,0.3430298474697335,2.479226931237944,2.2673781232729406,0.0,0.9261911531419978,2.480110486490692,300.0,0.1599219703053684,6.473276386841754,1.0352191141149498,102.0,0.5,1.0,1.0,300.0,1.0,3.0286707211120447,2.9404865334491554,2.710903562119916,NewYork,NO,150.0,150.0,4133.0,0.5473022017904703,2.8447002606428846,3.439183318853176,0.9208191728518916,0.0,7.294442607325564,0.0,5094.438716956119,405.93573109767175,7056.008744098912,4441.539486743343,2025,1527,1.58864032733672,0.04,524.08
2025-12-30,2025,2025-11-26 04:15:00+00:00,EXECUTED,BUY,4162.5,M15,1094.9999999999818,2580.000000000018,-52.44,Sydney_Tokyo_Overlap,NO,BoS_1,EXECUTED,,0.0,31.75,31.75,1,1,1,1,1,16.790000000000028,1.1016393442622952,0.8526093088857474,1.376086956521739,6.577142857143047,4,2,0,0,0,0,68.90000000000327,-32.20000000000255,3.042801311021813,17.636837532579857,0.8526093088857474,30.752142857142903,0.403363363363364,4.141130438616801,4.118626957466283,0.0,1.001429337144899,2.786786786786787,300.0,0.1580094380094425,6.986271718358245,1.1038968679990488,116.0,0.5,1.0,1.0,300.0,1.0,1.8473066898348176,3.354039965247575,4.409209383144964,Sydney_Tokyo_Overlap,NO,195.0,225.0,3359.0,0.8696040488240521,0.6659426585577732,4.441138140747054,0.7387902187902199,0.0,7.207207207207207,0.0,1183.783783783764,2789.1891891892087,6065.590264598488,4014.255646082714,2025,1527,1.5110124514659538,0.04,-209.76
2025-12-30,2025,2025-11-28 02:00:00+00:00,EXECUTED,BUY,4167.91,M15,8844.999999999982,1401.0000000000218,273.52,Sydney_Tokyo_Overlap,NO,CHoCH,EXECUTED,,36.5,0.0,36.5,1,1,1,1,1,6.869285714285719,1.3091406272253396,0.8104693140793883,3.146479303497785,1.6557142857143066,2,4,0,0,0,0,7.200000000002547,-7.200000000002547,2.856758838041117,23.554788610871142,0.8104693140793883,20.15428571428564,0.1648136767417175,7.491682347280411,5.907782541864189,0.0,0.7458267363145624,0.935720780918974,300.0,0.0397252888309562,10.221262946968167,0.4060426227854611,39.0,0.5,1.0,1.0,300.0,1.0,3.176876617774035,7.63416738567686,6.981880931837396,Sydney_Tokyo_Overlap,NO,60.0,360.0,3419.0,0.2816613044749916,14.83347713546166,5.816220880069018,0.4835585632675763,0.0,7.197852160915183,0.0,9549.7503544942,1512.6286316163494,7216.224359079936,1853.7374462607115,2025,1527,3.892797425890181,0.07,1914.64
2025-12-30,2025,2025-12-10 22:00:00+00:00,EXECUTED,BUY,4235.17,M15,5068.99999999996,3082.9999999999927,170.76,NewYork,NO,CHoCH,EXECUTED,,38.0,0.0,38.0,-1,1,0,1,1,12.75857142857142,2.480344120993764,0.7550771730300662,1.7068267036601423,12.454285714285628,22,2,0,0,0,0,154.20000000000073,-154.20000000000073,2.845437094247125,1.2044046799724792,0.7550771730300662,22.605714285714253,0.3012528760019414,3.202208144916347,5.330913089553735,0.0,4.566926736230777,0.3541770460217653,300.0,0.2940681416397837,2.619149054090366,0.7702082950139512,15.0,0.5,1.0,1.0,300.0,1.0,2.9194769442532635,3.2639366827253893,2.8889653590273583,NewYork,NO,240.0,60.0,4774.0,1.0,0.0,3.833218628125727,0.5337616739284197,0.0,7.083540920435307,0.0,5385.970338852943,3275.7834986553,5403.41371948564,4458.800239973589,2025,1527,1.2118537338909012,0.02,341.52
2025-12-30,2025,2025-12-11 17:30:00+00:00,EXECUTED,BUY,4254.74,M15,9877.000000000044,455.0000000000182,312.07,London_NewYork_Overlap,NO,BoS_1,EXECUTED,,0.0,19.5,19.5,1,1,1,1,1,14.804999999999966,1.458086420671404,0.8801791713325663,1.1460982774654045,9.882142857142885,17,3,1,0,1,0,71.09999999999673,-71.09999999999673,3.156642378182128,2.023852547885792,0.8801791713325663,25.59071428571425,0.3479648580171753,3.7597877473685255,5.248267962432048,0.0,2.6325718974230337,0.4700639757070937,300.0,0.2322619679967021,4.242590733175131,0.9853924730918274,20.0,0.5,1.0,1.0,300.0,1.0,2.4863028550776654,2.395229490422842,4.338127936393184,London_NewYork_Overlap,NO,210.0,30.0,4344.0,1.000460405156527,-0.0020238525478379,4.397831586555829,0.6014636449163581,0.0,7.050959635606406,0.0,10446.349248132718,481.2279951301565,5976.801867696424,4805.282315262294,2025,1527,1.2437982777230816,0.02,624.14
2025-12-30,2025,2025-12-24 02:00:00+00:00,EXECUTED,BUY,4507.79,M15,2351.000000000022,5946.000000000004,-235.15,Sydney_Tokyo_Overlap,NO,BoS_1,EXECUTED,,0.0,104.25,104.25,1,1,1,1,1,16.872142857142794,0.7854588064087844,0.7252525252525813,0.6120542967900413,6.892857142857208,2,2,0,0,0,0,100.0,-100.0,6.4823652606027,3.336787564766808,0.7252525252525813,30.50857142857149,0.3742885728293198,9.113832695587323,9.578010352437037,0.0,0.7216607352252911,0.5102278500107592,300.0,0.1529098991491885,9.59251019308401,1.4667897662120395,23.0,0.5,1.0,1.0,300.0,1.0,2.715854922279804,2.3952331606217707,2.459067357512904,Sydney_Tokyo_Overlap,NO,60.0,360.0,4416.0,0.6874999999999949,2.002072538860112,4.404559585492139,0.676796643778248,0.0,6.655145869705555,0.0,2346.9371909516854,5935.724601190387,7942.440590089178,4959.783371282076,2025,1527,1.601368446065035,0.04,-940.6
2025-12-30,2025,2025-12-26 02:00:00+00:00,EXECUTED,BUY,4503.26,M15,4665.999999999985,3090.999999999985,133.77,Sydney_Tokyo_Overlap,NO,CHoCH,EXECUTED,,48.0,0.0,48.0,1,1,1,1,1,16.942142857142958,0.7432618098182738,0.816558441558433,0.3814271471300384,8.894285714285811,2,4,0,0,0,0,17.600000000002183,-17.600000000002183,6.034498291916739,21.2495984580788,0.816558441558433,32.22714285714301,0.3762195133557235,7.372842714190121,8.432306549332768,0.0,0.7148681591546784,4.1969595359806,300.0,0.1975077102873432,4.140070813984494,0.8176959068975344,189.0,0.5,1.0,1.0,300.0,1.0,2.705107613234837,2.845647285576628,2.979441053645968,Sydney_Tokyo_Overlap,NO,60.0,360.0,2988.0,0.5137215528781897,1.6336331513009494,1.725827176357234,0.7156402885274891,0.0,6.661840533302541,0.0,4662.6221892584335,3088.762363265708,7089.331131498302,4563.776338247727,2025,1527,1.5533914473600756,0.04,535.08
2025-12-30,2025,2025-12-26 17:15:00+00:00,EXECUTED,BUY,4533.34,M15,1657.9999999999927,23081.00000000004,-16.23,London_NewYork_Overlap,NO,BoS_1,EXECUTED,,0.0,15.25,15.25,1,1,1,1,1,14.071428571428571,1.6126046857262692,0.7937500000000455,1.2869133189281357,8.33357142857137,17,4,1,0,1,0,20.39999999999964,-20.39999999999964,6.411278685008946,2.399931430530573,0.7937500000000455,31.24142857142865,0.3103987031951843,9.666298918517764,9.303193689573767,0.0,1.6953289831839382,0.441175821800262,300.0,0.1838285111765578,5.43977561463941,0.999985852373708,20.0,0.5,1.0,1.0,300.0,1.0,1.4783577612067982,0.9203737036084836,2.944715865261009,London_NewYork_Overlap,NO,195.0,45.0,2930.0,0.8375426621160346,0.5711836804663026,2.944715865261009,0.689148146210711,0.0,6.617637327003931,0.0,1645.80640322587,22911.253071686697,5395.906085335591,4338.400522213403,2025,1527,1.2437547104532112,0.02,-32.46
2026-08-21,2026,2026-01-05 04:45:00+00:00,EXECUTED,BUY,4405.5,M15,6260.000000000036,927.0000000000437,246.27,Sydney_Tokyo_Overlap,NO,CHoCH,EXECUTED,,999.0,0.0,0.0,0,1,0,1,1,21.795714285714244,1.3125434469825563,0.5255941499086115,1.3896753110187177,12.952142857142851,4,0,0,0,0,0,12.5,-12.5,0.0,0.3088292064192358,0.5255941499086115,0.0,0.4947387194578196,2.4507582269286057,0.0,0.0,1.1637304122927126,0.0907955964135739,300.0,0.2939993838870242,4.136092006530991,1.2160085016201572,4.0,0.5,1.0,1.0,300.0,1.0,0.8685821430541006,0.0934208349418216,1.4260188606408408,Sydney_Tokyo_Overlap,NO,225.0,195.0,6053.0,0.8817115479927328,0.5528042794904209,4.120553686648645,0.0,0.0,6.809669731018047,0.0,6394.279877425982,946.8845760981038,5631.257565242057,3755.993261411616,2026,1780,1.4992725421252913,0.02,492.54
2026-08-21,2026,2026-01-06 04:00:00+00:00,EXECUTED,BUY,4459.51,M15,4090.9999999999854,1690.9999999999854,62.92,Sydney_Tokyo_Overlap,NO,BoS_1,EXECUTED,,0.0,23.25,23.25,1,1,1,1,1,16.44499999999997,1.1353472360284194,0.7512733446519996,1.997100437050912,8.992857142857181,4,1,0,0,0,0,38.60000000000582,-38.60000000000582,0.0,0.4447974583002363,0.7512733446519996,0.0,0.3687624873584759,5.520411148461695,0.0,0.0,0.9662895480878704,0.089695953142834,300.0,0.2016557232264796,6.605921311042028,1.3321218395553944,4.0,0.5,1.0,1.0,300.0,1.0,2.7221604447974994,2.564257347100907,1.8403494837172485,Sydney_Tokyo_Overlap,NO,180.0,240.0,3472.0,0.7056451612903359,1.1364575059570312,2.724384432088948,0.0,0.0,6.727196485712556,0.0,4128.144123457495,1706.353388600975,5493.691091474452,3235.3184591422364,2026,1780,1.6980371981467837,0.04,251.68
2026-08-21,2026,2026-01-06 16:30:00+00:00,EXECUTED,BUY,4479.54,M15,2088.000000000011,5606.00000000004,-206.23,London_NewYork_Overlap,NO,BoS_2,EXECUTED,,0.0,35.75,35.75,1,1,1,1,1,16.50642857142871,1.7205855510531889,0.7147651006711223,1.9778732677791544,8.162857142857124,16,1,2,1,1,1,38.29999999999927,-38.29999999999927,2.70664113488262,0.4900245012250623,0.7147651006711223,36.137142857142926,0.3684849018298466,6.063354268201255,3.355137199773264,0.0,1.5389606116040369,0.0892948829567321,300.0,0.182225343290988,6.754640982613827,1.2308667718641813,4.0,0.5,1.0,1.0,300.0,1.0,1.4161708085404794,2.5028001400070417,2.134056702835156,London_NewYork_Overlap,NO,150.0,90.0,2842.0,0.7188599577762224,0.9788239411970352,2.5028001400070417,0.8067154854548219,0.0,6.697116221754912,0.0,2097.5368006536496,5631.605030873746,5847.645080527772,3292.342893477516,2026,1780,1.7761348892645972,0.04,-824.92
2026-08-21,2026,2026-01-08 17:00:00+00:00,EXECUTED,BUY,4447.98,M15,6922.0000000000255,458.9999999999236,241.67,London_NewYork_Overlap,NO,CHoCH,EXECUTED,,3.0,0.0,3.0,-1,1,0,1,1,15.875,1.664127509832333,0.7032863849765294,1.5969202252798176,11.70357142857152,17,3,1,0,1,0,82.29999999999563,-82.29999999999563,1.7773558984083022,0.3417760146475408,0.7032863849765294,31.612142857142903,0.3569035831995648,2.567444103167543,2.5008249281702346,0.0,1.4917748869222105,0.0899284619085517,300.0,0.2631210443520771,0.4275972813912701,0.1125098432417799,4.0,0.5,1.0,1.0,300.0,1.0,1.7234055538601531,2.0660360085443314,1.617454989319434,London_NewYork_Overlap,NO,180.0,60.0,4077.0,0.873436350257525,0.4408910588953929,3.0426609703997043,0.710707846194068,0.0,6.7446346431413815,0.0,7002.954149973722,464.36809518020686,5056.537223918727,3305.929429006034,2026,1780,1.529535742521592,0.04,966.68
2026-08-21,2026,2026-01-09 15:30:00+00:00,EXECUTED,BUY,4486.95,M15,13336.999999999987,789.9999999999636,156.97,London_NewYork_Overlap,NO,BoS_1,EXECUTED,,0.0,22.5,22.5,1,1,1,1,1,12.92928571428573,2.122405415273994,0.4364188163884731,3.046261135392037,8.297142857142846,15,4,2,1,1,1,30.299999999997453,-30.299999999997453,2.5164760831286475,0.4820936639118463,0.4364188163884731,30.113571428571568,0.2881531043199886,5.266293721277232,3.749572643011372,0.0,0.9131760273484708,0.0891474163964385,300.0,0.1849172122966123,3.586004604646435,0.6631139747740342,4.0,0.5,1.0,1.0,300.0,1.0,2.5225550964186616,2.3176652892561487,1.7897727272726638,London_NewYork_Overlap,NO,90.0,150.0,4838.0,0.4322033898305045,3.3107782369146355,2.520144628099159,0.6711367728316913,0.0,6.686056229732892,0.0,13375.789790392124,792.2976632233112,6352.5440304410895,3034.330970556099,2026,1780,2.0935567319727366,0.07,1098.7900000000002
2026-08-21,2026,2026-01-12 01:00:00+00:00,EXECUTED,BUY,4530.02,M15,10010.999999999967,83.00000000008367,301.55,Sydney_Tokyo_Overlap,NO,BoS_2,EXECUTED,,0.0,80.0,80.0,1,1,1,1,1,17.912142857142953,0.9023656574282412,0.6337241764377698,1.110455913845008,6.277142857142995,1,0,0,0,0,0,128.20000000000618,-128.20000000000618,3.3470876244193337,0.6372325898952977,0.6337241764377698,32.966428571428686,0.3954097963616707,5.788470239272025,4.599337731571257,0.0,1.1010151621941895,0.0882998309058238,300.0,0.1385676632143565,9.533749443821865,1.321069382101567,4.0,0.5,1.0,1.0,300.0,1.0,3.251479289940878,3.5812471552116487,5.290623577605715,Sydney_Tokyo_Overlap,NO,0.0,420.0,7276.0,0.1559923034634459,9.783113336367537,1.8081474738279653,0.7277325171065179,0.0,6.622487317936786,0.0,9944.65808097974,82.4499671083961,7967.743723996565,3732.626243478963,2026,1780,2.1346213642248566,0.07,2110.8500000000004
2026-08-21,2026,2026-01-19 01:00:00+00:00,EXECUTED,BUY,4654.19,M15,3650.0,96.00000000000364,80.67,Sydney_Tokyo_Overlap,NO,CHoCH,EXECUTED,,55.75,0.0,55.75,-1,1,0,1,1,27.147857142857124,1.1791890247518555,0.8019849915274657,1.1029437875075458,11.105714285714384,1,0,0,0,0,0,293.6999999999989,-293.6999999999989,4.658228220898923,0.3601749421147382,0.8019849915274657,38.24642857142843,0.5832992882296839,3.8771145857744007,5.668576129385731,0.0,0.9715444557996934,0.085944063306397,300.0,0.2386175529085487,4.72977523458798,1.128607392284841,4.0,0.5,1.0,1.0,300.0,1.0,5.573707229225541,6.5074607666579904,5.834834062258694,Sydney_Tokyo_Overlap,NO,0.0,420.0,5747.0,0.5764746824430064,2.1916645227681952,2.9831489580652475,0.8217633695966094,0.0,6.4458047479797775,0.0,3529.078099518928,92.81958837091231,8158.794712323304,3701.69102086936,2026,1780,2.204072318928221,0.07,564.69
2026-08-21,2026,2026-01-20 06:45:00+00:00,EXECUTED,BUY,4695.25,M15,18288.00000000001,98.99999999997816,851.97,Sydney_Tokyo_Overlap,NO,BoS_1,EXECUTED,,0.0,29.75,29.75,1,1,1,1,1,10.961428571428574,1.2263596934985177,0.6732186732186677,1.0872678476787587,6.182857142857172,6,1,0,0,0,0,45.600000000004,-45.600000000004,5.147309680682534,0.6469500924214387,0.6732186732186677,32.269285714285616,0.2334578259182913,10.829050637114156,7.489445534124585,0.0,0.9368198326227696,0.0851924817634843,300.0,0.1316832360972721,7.930845451844696,1.0443593940862423,4.0,0.5,1.0,1.0,300.0,1.0,2.4018022181146503,2.969500924214351,3.753927911275405,Sydney_Tokyo_Overlap,NO,345.0,75.0,4545.0,0.7832783278327787,1.5931146025878518,5.757855822550864,0.6872751336837359,0.0,6.389436132261328,0.0,17527.501198019283,94.88312656405978,5273.326996557621,3431.997749019341,2026,1780,1.5365181979109461,0.04,3407.88
2026-08-21,2026,2026-01-22 16:30:00+00:00,EXECUTED,BUY,4845.79,M15,12156.99999999997,1860.0000000000364,271.27,London_NewYork_Overlap,NO,CHoCH,EXECUTED,,57.75,0.0,57.75,1,1,1,1,1,18.66428571428573,1.3729792471677638,0.8369954011241487,2.228065457515364,9.214999999999886,16,3,2,1,1,1,67.89999999999964,-67.89999999999964,7.042632407633734,0.4340748779164459,0.8369954011241487,52.22571428571421,0.3851649723633448,9.12277495713974,6.534543023746174,0.0,1.5532698178656157,0.0825458800319452,300.0,0.1901650711235915,5.288471594465383,1.005682576896603,4.0,0.5,1.0,1.0,300.0,1.0,2.5480195333694904,1.9826370048833155,2.274552360282181,London_NewYork_Overlap,NO,150.0,90.0,4971.0,0.6433313216656515,1.9240368963646977,3.470428648941938,1.077754386502804,0.0,6.190941002395895,0.0,11289.490464919005,1727.2725396684882,9646.844791670028,4243.1332991743175,2026,1780,2.273519145285215,0.07,1898.89
2026-08-21,2026,2026-01-23 18:00:00+00:00,EXECUTED,BUY,4971.07,M15,13996.000000000004,1275.0,183.52,NewYork,NO,BoS_1,EXECUTED,,0.0,25.5,25.5,1,1,1,1,1,21.717142857142854,1.578476350173806,0.5969213226909559,1.1810677906568317,13.227142857143008,18,4,1,0,1,0,37.10000000000037,-37.10000000000037,8.86853372396075,0.3024084674370847,0.5969213226909559,50.449999999999946,0.4368705903787888,10.95253728591822,8.738573228774948,0.0,1.3528392232895623,0.080465573810065,300.0,0.2660824099669288,6.690755216496223,1.7802922725041157,4.0,0.5,1.0,1.0,300.0,1.0,1.986823631061628,2.0941786370017983,2.9734312560751306,NewYork,NO,0.0,300.0,2480.0,0.4221774193548246,1.0833783345933508,0.79155416351652,1.0148720496794443,0.0,6.0349180357548775,0.0,12669.706924263795,1154.1780743381205,6029.449044546735,5234.056528280779,2026,1780,1.1519648310957806,0.01,183.52
2026-08-21,2026,2026-01-27 22:00:00+00:00,EXECUTED,BUY,5141.88,M15,25414.999999999964,994.0000000000508,738.7,NewYork,NO,BoS_2,EXECUTED,,0.0,125.5,125.5,1,1,1,1,1,26.85571428571432,1.6877532173961711,0.9466490299823814,1.3675899341327478,11.772857142856992,22,1,0,0,0,0,308.50000000000364,-308.50000000000364,10.60200512166256,0.3397645916757718,0.9466490299823814,57.61571428571421,0.5222936802436914,10.28632511009192,9.461696131135366,0.0,1.2308073451317283,0.0777925583638669,300.0,0.2289601690987925,8.010854485064598,1.8341665975262107,4.0,0.5,1.0,1.0,300.0,1.0,4.59361727945643,4.570683169518355,5.085426525907106,NewYork,NO,240.0,60.0,6102.0,0.9919698459521504,0.0416211624802635,5.141487683533596,1.1205184540618258,0.0,5.834441877290018,0.0,22242.35104669884,869.9152839039862,10446.77236947558,6321.362620485707,2026,1780,1.652614000598639,0.04,2954.8
2026-08-21,2026,2026-02-04 02:45:00+00:00,EXECUTED,BUY,5015.72,M15,7621.9999999999345,16118.00000000003,26.48,Sydney_Tokyo_Overlap,NO,BoS_1,EXECUTED,,0.0,24.5,24.5,1,1,1,1,1,51.58714285714287,0.9938128076732824,0.9839316239316463,1.0693759897510722,26.555714285714203,2,2,0,0,0,0,219.49999999999812,-219.49999999999812,5.912512674156526,0.1506267147237618,0.9839316239316463,174.97571428571442,1.0285092241421545,0.9888647826440744,1.6948356628278407,0.0,0.785988656041087,0.0797492683004633,300.0,0.5294496958704673,4.499954970882837,2.382499790764716,4.0,0.5,1.0,1.0,300.0,1.0,1.0826295120770382,2.521114637688957,2.433751143149186,Sydney_Tokyo_Overlap,NO,105.0,315.0,15895.0,0.576407675369613,2.5354241755877185,3.450104900747761,3.488546296159164,0.0,5.981195122534751,0.0,6838.300383593922,14460.735447752291,10366.181618698409,5843.523091545344,2026,1780,1.7739609232821614,0.04,105.92
2026-08-21,2026,2026-02-09 17:30:00+00:00,EXECUTED,BUY,5056.02,M15,3058.999999999924,6834.000000000015,-175.78,London_NewYork_Overlap,NO,BoS_1,EXECUTED,,0.0,74.5,74.5,1,1,1,1,1,31.43785714285696,1.3089705201786273,0.9873803307223692,1.2337333107993915,15.34000000000008,17,0,1,0,1,0,86.30000000000109,-86.30000000000109,5.790463890769033,0.2607561929595814,0.9873803307223692,84.80357142857136,0.621790600963939,3.328573486346293,3.452295787526511,0.0,0.9342084480811078,0.0791136111012219,300.0,0.3034006985731876,6.527172987651219,1.98034884416142,4.0,0.5,1.0,1.0,300.0,1.0,1.186440677966143,2.277705345501977,2.205997392438068,London_NewYork_Overlap,NO,210.0,30.0,5729.0,1.0,0.0,3.734680573663662,1.677279192498672,0.0,5.933520832591642,0.0,2722.596034034608,6082.452205489706,10456.38265609642,6095.318222080241,2026,1780,1.7154777281714775,0.04,-703.12
2026-08-21,2026,2026-02-11 12:30:00+00:00,EXECUTED,BUY,5100.09,M15,1903.9999999999964,8121.000000000004,-228.48,London,NO,BoS_2,EXECUTED,,0.0,117.5,117.5,1,1,1,1,1,21.39071428571424,1.089375726169492,0.8913380937597021,1.2041399627364335,10.089999999999886,12,2,3,1,0,0,134.80000000000473,-134.80000000000473,6.0252323610641145,0.3964321110009955,0.8913380937597021,52.66357142857142,0.4194183688074963,5.4823802581204815,5.835006339062686,0.0,1.3464071659092407,0.0784299884903991,300.0,0.1978396459670297,7.177612813809962,1.420016377972579,4.0,0.5,1.0,1.0,300.0,1.0,3.690782953419247,4.515361744301379,4.7740336967294965,London,NO,150.0,90.0,5726.0,0.844219350331819,0.8840436075322273,4.7908820614470455,1.032600825251543,0.0,5.882249136779939,0.0,1679.9703534643472,7165.461785968486,10470.632416753897,4635.299335696185,2026,1780,2.2588902373834054,0.07,-1599.3600000000001
2026-08-21,2026,2026-02-19 08:45:00+00:00,EXECUTED,BUY,5018.35,M15,1173.9999999999782,5457.999999999993,8.06,Asia,NO,BoS_1,EXECUTED,,0.0,27.75,27.75,1,1,1,1,1,16.753571428571377,0.7185056627170369,0.8475836431227338,1.2523729838426167,6.706428571428595,8,3,3,1,0,0,72.5,-72.5,3.410851518293855,0.5964426456491618,0.8475836431227338,50.99000000000011,0.3338462129698282,2.7108522146357794,3.3569026704902787,0.0,0.82495706281499,0.0797074735719907,300.0,0.1336381195298971,9.089187606460367,1.2146619397818106,4.0,0.5,1.0,1.0,300.0,1.0,2.853978059431288,3.3206944296517737,5.740760464373182,Asia,NO,45.0,15.0,1216.0,1.7500000000000748,-1.3598892320802085,3.1730748748536386,1.0160710193589546,0.0,5.978060517899309,0.0,1052.7364572020488,4894.238146004158,6233.982559503567,5164.166332996267,2026,1780,1.2071614579243402,0.02,16.12
2026-08-21,2026,2026-02-25 07:15:00+00:00,EXECUTED,BUY,5195.58,M15,2222.000000000025,4923.999999999978,18.33,Sydney_Tokyo_Overlap,NO,CHoCH,EXECUTED,,38.75,0.0,38.75,1,1,1,1,1,24.25928571428585,0.9498751299381905,0.830952380952275,0.6684949185352477,9.178571428571232,7,2,0,0,0,0,36.59999999999855,-36.59999999999855,5.6341003366577045,0.4357976653696591,0.830952380952275,51.48785714285733,0.4669216086420737,5.428069913655544,5.685305361594926,0.0,1.0120734692901303,0.0769885171626652,300.0,0.1766611509893262,4.890117790053861,0.8638938372642951,4.0,0.5,1.0,1.0,300.0,1.0,1.2354863813229993,1.5906614785992952,1.6146303501945551,Sydney_Tokyo_Overlap,NO,375.0,45.0,7188.0,0.8955203116304924,0.8182101167315586,7.013073929961227,0.9909934433279312,0.0,5.77413878719989,0.0,1924.520457773745,4264.77890822582,9723.74515907902,5322.4850852253085,2026,1780,1.8269182540447457,0.04,73.32
2026-08-21,2026,2026-02-25 18:45:00+00:00,EXECUTED,BUY,5212.26,M15,553.9999999999964,8161.000000000058,-269.87,NewYork,NO,BoS_1,EXECUTED,,0.0,11.5,11.5,1,1,1,1,1,19.92785714285713,1.142308057822878,0.6601398601398454,1.0031176272328952,12.87142857142869,18,2,1,0,1,0,15.0,-15.0,5.770312478577589,0.3107658157602635,0.6601398601398454,50.83214285714303,0.3823266134624352,6.788953300759473,5.916801305055436,0.0,1.3140175539075725,0.0767421425638782,300.0,0.246945251607339,3.727277576616797,0.9204334989680278,4.0,0.5,1.0,1.0,300.0,1.0,1.5328523862375365,1.6579356270810173,2.678801331853508,NewYork,NO,45.0,255.0,3369.0,0.9145146927871752,0.2237513873473982,2.393673695893461,0.9752418884925738,0.0,5.755660692290868,0.0,478.295403529368,7045.792036467917,9001.038999119826,5604.135191499685,2026,1780,1.6061423737194176,0.04,-1079.48
2026-08-21,2026,2026-02-27 15:00:00+00:00,EXECUTED,BUY,5212.96,M15,20630.00000000002,525.0,599.54,London_NewYork_Overlap,NO,CHoCH,EXECUTED,,21.75,0.0,21.75,-1,1,0,1,1,16.326428571428615,1.9288674738153089,0.9005309734513133,2.721245114461195,7.800714285714483,15,4,2,1,1,1,119.89999999999782,-119.89999999999782,5.232212161895004,0.5127735555351944,0.9005309734513133,40.277857142857165,0.313189216326782,6.212313627924845,6.771788433215881,0.0,1.1011508424610907,0.0767318375740462,300.0,0.1496407853832464,4.3792961655714615,0.6553213176419531,4.0,0.5,1.0,1.0,300.0,1.0,3.3484113176448056,3.4894240454170307,4.71495284314608,London_NewYork_Overlap,NO,60.0,180.0,5303.0,0.5285687346784816,3.204834722094965,3.5932606904128424,0.7726484980290884,0.0,5.754887818053467,0.0,17808.50035296647,453.1974156717105,8252.69348591366,3430.8450727528234,2026,1780,2.405440441323078,0.07,4196.780000000001
2026-08-21,2026,2026-03-10 01:00:00+00:00,EXECUTED,BUY,5146.22,M15,9232.999999999993,2157.000000000062,82.36,Sydney_Tokyo_Overlap,NO,CHoCH,EXECUTED,,157.75,0.0,157.75,-1,1,0,0,0,25.485000000000063,0.5684154259498542,0.4255319148936158,0.8625434023434764,11.052142857142956,1,1,0,0,0,0,56.10000000000582,-56.10000000000582,2.533114765311153,0.3619207652039004,0.4255319148936158,63.6649999999999,0.4952178492174851,0.0325950855330415,2.047587507663486,0.0,0.6374111424785737,0.0777269529868524,300.0,0.214762347065282,2.7808588866618167,0.5972237813568388,4.0,0.5,1.0,1.0,300.0,1.0,0.6261229238027541,0.5790732243262899,2.0710915788793494,Sydney_Tokyo_Overlap,NO,0.0,420.0,5386.0,0.2922391385072507,3.4491048923931604,1.4241582110774105,1.2371216154769888,0.0,5.829521474013936,0.0,8073.595765435595,1886.1416729172636,9863.567303794329,4977.998292874097,2026,1780,1.9814324400058199,0.04,329.44
2026-08-21,2026,2026-03-10 10:30:00+00:00,EXECUTED,BUY,5189.84,M15,4871.000000000004,3328.9999999999964,-97.0,London,NO,BoS_1,EXECUTED,,0.0,9.5,9.5,1,1,1,1,1,20.9157142857142,0.9317830499361516,0.5176151761518178,1.3124162546097022,8.95357142857126,10,1,3,1,0,0,27.600000000002183,-27.600000000002183,3.289569258083898,0.4467491025129721,0.5176151761518178,59.9449999999999,0.4030126995382169,2.027043600967328,2.8480003533862983,0.0,0.7411195361396815,0.077073667010929,300.0,0.1725211457110674,6.505739212465737,1.1223775826320064,4.0,0.5,1.0,1.0,300.0,1.0,0.981731152772252,2.277303550059912,1.149262066214617,London,NO,30.0,210.0,2079.0,0.9937469937469884,0.0145193458316837,2.3074591144794847,1.1550452422425337,0.0,5.780525025819679,0.0,4223.540610115151,2886.505171643053,6837.967946983384,6123.253878740321,2026,1780,1.1167212861652722,0.01,-97.0
2026-08-21,2026,2026-03-18 12:45:00+00:00,EXECUTED,SELL,4967.86,M15,31704.999999999927,611.0000000000582,667.65,London,NO,CHoCH,EXECUTED,,116.0,0.0,116.0,-1,-1,1,0,0,16.18428571428571,1.1289992353558105,0.4651706404862354,1.3741986475805743,10.567142857142828,12,2,3,1,0,0,-484.4000000000051,484.4000000000051,-1.3734203515281345,0.378531837231311,0.4651706404862354,46.5550000000001,0.3257798270137587,-6.96803737971184,-1.4655697621184711,0.0,1.5647777817958268,0.0805175669201628,300.0,0.2127101580387295,-4.309991153164071,-0.9167788993350556,4.0,0.5,1.0,1.0,300.0,1.0,-1.977828849533652,-2.387589563336539,-2.0156820332567484,London,NO,165.0,75.0,5582.0,0.5143317807237499,2.5654995268352656,2.7169122617277384,0.937123831992047,0.0,6.038817519012211,0.0,28719.106416042257,553.4576256175219,9613.28273042508,3301.4977666665377,2026,1780,2.9117944066130437,0.07,4673.55
2026-08-21,2026,2026-03-18 22:00:00+00:00,EXECUTED,SELL,4825.8,M15,32323.000000000047,4114.999999999964,322.76,NewYork,NO,BoS_1,EXECUTED,,0.0,9.25,9.25,-1,-1,1,0,0,33.37714285714284,0.9039912763729676,0.694567404426558,0.7769942071744683,15.140000000000002,22,2,0,0,0,0,-83.69999999999891,1905.0,-4.282892569537292,0.2642007926023778,0.694567404426558,47.05357142857143,0.6916395801140295,-7.036342196283794,-4.392521616228051,0.0,1.042231516426585,0.0828878113473413,300.0,0.3137303659496871,-9.6485819056166,-3.027053132144626,4.0,0.5,1.0,1.0,300.0,1.0,-1.5257595772786956,-1.7985468956406578,-4.54557463672389,NewYork,NO,240.0,120.0,8332.0,0.1740278444551134,4.54557463672389,0.9577278731836194,0.97504188794752,0.0,6.216585851050603,0.0,30140.80566952634,3837.187616560951,8275.657021254247,5844.792977955689,2026,1780,1.4159025054380612,0.02,645.52
2026-08-21,2026,2026-03-19 08:30:00+00:00,EXECUTED,SELL,4786.21,M15,28364.00000000004,231.9999999999709,824.2,Asia,NO,BoS_2,EXECUTED,,0.0,19.75,19.75,-1,-1,1,0,0,30.062857142857347,1.3681394912208409,0.6900702106318819,1.952709782485198,11.309285714285776,8,3,3,1,0,0,-807.3999999999978,807.3999999999978,-4.996772946388985,0.3536916566664542,0.6900702106318819,56.14499999999998,0.6281140431125535,-8.48143371337819,-4.259614327854027,0.0,1.692653810835629,0.083573432841434,300.0,0.2362889575318628,-12.730379895440326,-3.00804819447818,4.0,0.5,1.0,1.0,300.0,1.0,-3.652750584222842,-5.353123223646782,-5.736878671129897,Asia,NO,30.0,30.0,4678.0,0.0,4.13642392471416,0.0,1.173057596720578,0.0,6.268007463107553,0.0,26667.864552537427,218.12665971611543,7893.831785992316,7468.958795485265,2026,1780,1.0568851699602189,0.01,824.2
2026-08-21,2026,2026-03-26 07:30:00+00:00,EXECUTED,SELL,4483.08,M15,13214.999999999964,122.00000000002548,419.05,Sydney_Tokyo_Overlap,NO,BoS_1,EXECUTED,,0.0,10.5,10.5,-1,-1,1,0,0,34.93285714285717,1.0729102522035787,0.6780205655526935,1.4803503452187476,11.618571428571418,7,3,0,0,0,0,-39.09999999999855,961.8000000000028,-9.122091163992316,0.3442764047706876,0.6780205655526935,81.8714285714285,0.7792155648093984,-5.394718648272405,-4.995034918658087,0.0,0.7034588798833853,0.0892243725296002,300.0,0.2591649363511563,-2.291867563455943,-0.5939717112083391,4.0,0.5,1.0,1.0,300.0,1.0,-3.218984384605898,-3.2491085700233646,-2.426287962621465,Sydney_Tokyo_Overlap,NO,390.0,30.0,5528.0,0.0,4.757899913930881,0.0,1.826231710596922,0.0,6.691827939720015,0.0,13264.87593350996,122.46045129690182,8754.900497195737,6456.709953062244,2026,1780,1.3559383278543469,0.02,838.1
2026-08-21,2026,2026-03-26 18:15:00+00:00,EXECUTED,SELL,4396.64,M15,4571.000000000004,15861.999999999987,-131.63,NewYork,NO,BoS_2,EXECUTED,,0.0,21.25,21.25,-1,-1,1,0,0,38.85571428571426,1.4688794562730203,0.8152602894192836,1.2487812057324723,22.186428571428483,18,3,1,0,1,0,-827.3999999999978,827.3999999999978,-10.949610332539873,0.1802903963169254,0.8152602894192836,75.05357142857136,0.8837592863121441,-6.444206208950553,-6.414284337991092,0.0,1.3274900515916224,0.0909785654499799,300.0,0.504622360971753,-4.004299309742417,-2.020658971719779,4.0,0.5,1.0,1.0,300.0,1.0,-1.9602073339557624,-2.653874633785148,-2.525417726409322,NewYork,NO,15.0,345.0,7602.0,0.4293606945540665,1.9552493480570616,1.4711696339461269,1.7070665651172563,0.0,6.823392408748498,0.0,4678.459005058412,16234.89755813529,8593.289958422105,5429.756430740335,2026,1780,1.5826289941426395,0.04,-526.52
2026-08-21,2026,2026-04-13 01:00:00+00:00,EXECUTED,SELL,4676.08,M15,3189.999999999964,8985.000000000036,-167.55,Sydney,YES,BoS_1,EXECUTED,,0.0,108.5,108.5,-1,-1,1,0,0,30.56071428571418,1.122112211221122,0.3436980258876257,1.248720789154402,19.08714285714281,1,0,0,0,0,0,907.6000000000022,1189.4999999999982,-2.263748706187276,0.2095651523089594,0.3436980258876257,49.1092857142857,0.6535541369205441,-0.6490194818377789,-2.1554925705117567,0.0,0.7434605406298433,0.0855417358129031,300.0,0.4081868329272127,-3.9796120044235153,-1.6244252203647516,4.0,0.5,1.0,1.0,300.0,1.0,-4.584237706758487,-4.6712072449666975,-4.346905171768604,Sydney,YES,0.0,60.0,7600.0,0.3746052631578981,2.4901579223111967,1.491579971559032,1.050223386132951,0.0,6.415630185967734,0.0,3069.8790439855266,8646.665583138049,9083.806826134844,5922.230679859533,2026,1780,1.5338488683035054,0.04,-670.2
2026-08-21,2026,2026-04-14 17:15:00+00:00,EXECUTED,BUY,4809.29,M15,6213.000000000011,2296.000000000004,-114.88,London_NewYork_Overlap,YES,CHoCH,EXECUTED,,40.25,0.0,40.25,-1,1,0,1,1,19.728571428571417,1.870764870011958,0.9102402022755942,1.5707870438732876,11.039285714285857,17,1,1,0,1,0,129.399999999996,-129.399999999996,0.6192149689218912,0.3623422840504644,0.9102402022755942,44.11357142857144,0.4102179620811267,4.915329877508709,0.6750721515958655,0.0,1.620142078018793,0.0831723601612712,300.0,0.2295408618379398,5.097547263959356,1.1700953922288628,4.0,0.5,1.0,1.0,300.0,1.0,1.4620511161436536,2.4729860886444364,3.1088967971529584,London_NewYork_Overlap,YES,135.0,105.0,4048.0,1.0,0.0,3.666903914590661,0.9172574627142768,0.0,6.237927012095341,0.0,5813.436078922263,2148.34206296564,7578.306997182623,5105.766203820052,2026,1780,1.4842643972833411,0.02,-229.76
2026-08-21,2026,2026-04-17 15:15:00+00:00,EXECUTED,BUY,4816.87,M15,7277.000000000044,7993.99999999996,320.5,London_NewYork_Overlap,YES,CHoCH,EXECUTED,,110.25,0.0,110.25,-1,1,0,1,1,17.614999999999913,1.7886477759089223,0.7853688029020441,1.7528657821102986,7.862857142857138,15,4,2,1,1,1,105.90000000000146,-105.90000000000146,0.6610947984282333,0.5087209302325585,0.7853688029020441,32.78499999999998,0.3656939049631797,3.346669290691052,0.9713001987814568,0.0,1.0421154388308818,0.0830414771417954,300.0,0.1632358179244434,2.3344427707410564,0.3810646750797203,4.0,0.5,1.0,1.0,300.0,1.0,2.315952034883728,3.887899709302291,3.3702761627907,London_NewYork_Overlap,YES,15.0,225.0,8420.0,0.2109263657957252,8.44985465116286,2.2587209302325872,0.6806287070234401,0.0,6.228110785634655,0.0,6798.294328059549,7468.127643054478,8070.946780360393,2971.757802207563,2026,1780,2.7158830959793927,0.07,2243.5000000000005
2026-08-21,2026,2026-04-21 19:00:00+00:00,EXECUTED,SELL,4730.37,M15,6207.999999999993,4198.000000000047,-22.73,NewYork,YES,BoS_1,EXECUTED,,0.0,41.0,41.0,-1,-1,1,0,0,23.171428571428542,1.7341450282796085,0.5541211519364286,1.2064456478668604,16.78000000000007,19,1,1,0,1,0,-675.7999999999993,675.7999999999993,-1.1898571919435508,0.2383790226460062,0.5541211519364286,43.68071428571408,0.4898438932140307,-1.8743687975871952,-1.2885468695036475,0.0,1.9672300651687715,0.084559981565924,300.0,0.3547291226690527,-3.905619208006191,-1.385436875135437,4.0,0.5,1.0,1.0,300.0,1.0,-0.7264600715137342,-0.5166865315852227,-3.4964243146603,NewYork,YES,0.0,360.0,6989.0,0.8403205036485913,0.6650774731823486,3.49999999999996,0.923410098696594,0.0,6.341998617444301,0.0,5905.669112564127,3993.556529404722,8620.293433668463,3972.266262110226,2026,1780,2.1701197414417583,0.07,-159.11
2026-08-21,2026,2026-04-24 07:15:00+00:00,EXECUTED,SELL,4659.52,M15,178.00000000006548,8076.999999999953,-311.45,Sydney_Tokyo_Overlap,YES,BoS_2,EXECUTED,,0.0,101.25,101.25,-1,-1,1,0,0,22.264999999999937,0.7157413436898298,0.8856900931413698,0.9376239853308598,10.20857142857137,7,4,0,0,0,0,-627.9999999999927,627.9999999999927,-2.5373001936820616,0.3918275958578248,0.8856900931413698,40.57214285714281,0.4778389190302849,-4.158548216678169,-2.913970070571229,0.0,1.0796043455450486,0.0858457523521736,300.0,0.2190906236816532,-6.283756627353101,-1.3767121585505129,4.0,0.5,1.0,1.0,300.0,1.0,-1.5379233137419446,-1.0589140778057218,-3.925132941505732,Sydney_Tokyo_Overlap,YES,315.0,105.0,4983.0,0.0,4.8811922753988455,0.0,0.8707365320278228,0.0,6.43843142641302,0.0,171.90611908529087,7800.481594670648,7217.213321187449,5283.57438796102,2026,1780,1.36597174398308,0.02,-622.9
2026-08-21,2026,2026-04-27 18:45:00+00:00,EXECUTED,SELL,4670.04,M15,11521.000000000004,3119.999999999982,416.42,London_NewYork_Overlap,YES,CHoCH,EXECUTED,,83.5,0.0,83.5,-1,-1,1,0,0,13.215000000000016,1.5075846519588088,0.7627627627627686,0.984463227299828,10.10642857142862,18,0,1,0,1,0,-600.6999999999971,600.6999999999971,-2.17111085846444,0.3957876881758408,0.7627627627627686,37.52857142857128,0.2829740216357893,-5.169250081229497,-2.701721426503357,0.0,1.3556523138732055,0.085652371285899,300.0,0.2164098930936056,-3.78410114623874,-0.8189169245129163,4.0,0.5,1.0,1.0,300.0,1.0,-0.4482295568591146,-2.314368506608262,-2.974344476641484,London_NewYork_Overlap,YES,225.0,15.0,3434.0,-0.1319161327897416,3.846066859848723,-0.4482295568591146,0.8036027834573425,0.0,6.423927846442429,0.0,11101.510907829486,3006.398232135039,4531.538320450177,4311.386828441047,2026,1780,1.051062802009982,0.01,416.42
2026-08-21,2026,2026-04-28 08:00:00+00:00,EXECUTED,SELL,4652.39,M15,9756.00000000004,711.9999999999891,256.72,Sydney_Tokyo_Overlap,YES,BoS_1,EXECUTED,,0.0,13.25,13.25,-1,-1,1,0,0,14.191428571428656,1.4825841567882518,0.799266247379458,1.5196410079392475,6.743571428571483,8,1,3,1,0,0,-488.49999999999454,488.49999999999454,-2.470669356701855,0.593157504501637,0.799266247379458,33.301428571428524,0.3050352307400854,-5.550677291179388,-3.451658953240236,0.0,1.2316861614739925,0.0859773148854674,300.0,0.144948541041733,-6.760586939972175,-0.979937213534761,4.0,0.5,1.0,1.0,300.0,1.0,-2.2317551106873013,-2.7433534583200707,-2.7626310772163905,Sydney_Tokyo_Overlap,YES,360.0,60.0,7298.0,0.3764044943820282,6.748649507467272,4.0735091621650295,0.7157918526054032,0.0,6.44829861641006,0.0,9436.44019525452,688.6782922325839,7422.584822987216,2701.536782335159,2026,1780,2.7475416479694457,0.07,1797.0400000000004
2026-08-21,2026,2026-04-29 15:45:00+00:00,EXECUTED,SELL,4544.91,M15,3488.999999999942,10198.000000000047,-153.34,London_NewYork_Overlap,YES,BoS_2,EXECUTED,,0.0,45.0,45.0,-1,-1,1,0,0,18.25357142857144,1.243629071016204,0.7112715158245555,1.2541212274917577,9.267857142857078,15,2,2,1,1,1,-653.4000000000015,653.4000000000015,-4.624381529610443,0.4315992292870935,0.7112715158245555,32.66214285714302,0.4016266863055912,-8.231782070326814,-6.434788418404525,0.0,1.0937738854561527,0.0880105436631308,300.0,0.2039172864337705,-8.206550433520903,-1.6734574953854653,4.0,0.5,1.0,1.0,300.0,1.0,-2.115915221580039,-2.373795761079015,-2.89926782273604,London_NewYork_Overlap,YES,45.0,195.0,4993.0,0.6060484678549979,2.1223892100192905,3.2650481695568865,0.7186532375150008,0.0,6.600790774734813,0.0,3454.5238519574077,10097.229648111892,6678.840823702711,3158.393733408117,2026,1780,2.1146321160205055,0.07,-1073.38
2026-08-21,2026,2026-05-01 08:45:00+00:00,EXECUTED,SELL,4604.94,M15,4483.999999999924,5522.0000000000255,-96.75,Sydney_Tokyo_Overlap,YES,CHoCH,EXECUTED,,41.0,0.0,41.0,-1,-1,1,0,0,13.56571428571442,0.5348784301197063,0.4599627560521983,1.0947881965303188,6.347857142857135,8,4,3,1,0,0,-310.7000000000062,310.7000000000062,-2.8868243017547446,0.6301339034544848,0.4599627560521983,40.19928571428572,0.294590467752336,-4.356122132563715,-3.3069375397877523,0.0,0.7570630510644588,0.0868632381746559,300.0,0.1378488567246725,-0.4238409855405922,-0.0584259952898291,4.0,0.5,1.0,1.0,300.0,1.0,-1.474513334083586,-1.3343085405649118,-3.3680657139642385,Sydney_Tokyo_Overlap,YES,405.0,15.0,2209.0,-0.1923947487550915,4.149431754247805,-0.6695172724203902,0.8729600323627608,0.0,6.514742863099195,0.0,4381.816049720443,5396.161513505087,4833.681622137752,4272.306474631406,2026,1780,1.1313986135685126,0.01,-96.75
2026-08-21,2026,2026-05-04 13:00:00+00:00,EXECUTED,SELL,4542.24,M15,4126.000000000022,4103.0000000000655,-55.48,London,YES,CHoCH,EXECUTED,,117.25,0.0,117.25,-1,-1,1,0,0,18.67214285714278,1.6939565264362149,0.8658663883089707,2.452385230437517,9.607142857142728,13,0,2,1,1,1,-1179.2000000000007,1179.2000000000007,-4.102544428002259,0.4163568773234257,0.8658663883089707,41.6371428571428,0.4110778571176948,-5.716232403469472,-4.475509154550986,0.0,1.1819171242093698,0.0880622776427489,300.0,0.2115067204098138,-6.374345981279034,-1.348217013257805,4.0,0.5,1.0,1.0,300.0,1.0,-4.068847583643192,-3.619182156133923,-4.764163568773344,London,YES,120.0,120.0,4184.0,-0.0004780114722857,4.35717472118971,-0.0020817843866625,0.9166654086341276,0.0,6.604670823206171,0.0,4087.630772482321,4064.844658142303,5867.43980054205,5207.961228946309,2026,1780,1.1266289326292025,0.01,-55.48
2026-08-21,2026,2026-05-07 09:30:00+00:00,EXECUTED,BUY,4746.01,M15,1880.0000000000184,6772.0000000000255,-234.35,Asia,YES,BoS_1,EXECUTED,,0.0,31.5,31.5,1,1,1,1,1,17.52428571428566,1.1547934346607704,0.8353284671533017,2.1175190706228224,8.139285714285572,9,3,3,1,0,0,231.40000000000327,-231.40000000000327,0.7259491116030654,0.4914436156208949,0.8353284671533017,39.93214285714274,0.3692424945224654,6.179943118278507,0.8628041213528279,0.0,1.216041046170913,0.0842813226267959,300.0,0.1714974413093434,11.808501408648135,2.0251277772809333,4.0,0.5,1.0,1.0,300.0,1.0,5.515225976305533,6.160245721807958,6.054585344449506,Asia,YES,30.0,30.0,4493.0,0.9991097262408198,0.0049144361562044,5.515225976305533,0.8413834538305385,0.0,6.321099197009699,0.0,1782.5499735567523,6420.9725643224765,6522.42814895768,5563.896750280669,2026,1780,1.1722769924924754,0.01,-234.35
2026-08-21,2026,2026-05-15 03:15:00+00:00,EXECUTED,SELL,4629.89,M15,14959.000000000016,178.99999999999636,308.95,Sydney_Tokyo_Overlap,YES,BoS_1,EXECUTED,,0.0,66.25,66.25,-1,-1,1,0,0,19.4157142857144,1.4477280974075717,0.7225332400279807,1.9860773295311585,9.316428571428592,3,4,0,0,0,0,-971.1999999999988,971.1999999999988,-1.6919387128211285,0.4293490761327906,0.7225332400279807,32.21214285714301,0.4193558439987643,-2.6164267381721,-2.4318438428154265,0.0,0.7099314709979787,0.0863951411372624,300.0,0.2012235403309493,-6.341649193839544,-1.276089102321304,4.0,0.5,1.0,1.0,300.0,1.0,-2.95070152572258,-3.129954765008028,-2.612589128267949,Sydney_Tokyo_Overlap,YES,75.0,345.0,9512.0,0.6414003364171603,3.661274246722337,6.548646783715412,0.6957431571191325,0.0,6.479635585294682,0.0,14539.330308063489,173.97821546515868,6965.988551467062,3355.2094100292643,2026,1780,2.0761710224836025,0.07,2162.65
2026-08-21,2026,2026-05-18 03:30:00+00:00,EXECUTED,SELL,4481.6,M15,130.0000000000182,10763.999999999942,-298.5,Sydney_Tokyo_Overlap,YES,BoS_2,EXECUTED,,0.0,138.5,138.5,-1,-1,1,0,0,29.141428571428605,1.2559870355921012,0.8831739467562788,1.900250766230148,15.715000000000146,3,0,0,0,0,0,-848.8999999999942,848.8999999999942,-4.853338842677358,0.2545338848234147,0.8831739467562788,38.47857142857155,0.6502460855816807,-6.017357303846773,-5.65268474109521,0.0,0.8499559825756808,0.0892538379150303,300.0,0.3506560157086786,-8.33817239624183,-2.923830310758247,4.0,0.5,1.0,1.0,300.0,1.0,-3.534202990773112,-3.5876551065859803,-4.2488068724148205,Sydney_Tokyo_Overlap,YES,90.0,330.0,6719.0,0.0,4.275532930321284,0.0,0.8585900443719106,0.0,6.6940378436272745,0.0,130.53373795075012,10808.19350232054,7023.260560098247,6516.120379823409,2026,1780,1.0778285468520736,0.01,-298.5
2026-08-21,2026,2026-05-19 13:30:00+00:00,EXECUTED,SELL,4529.29,M15,7576.999999999953,1871.000000000004,303.05,London,YES,CHoCH,EXECUTED,,11.5,0.0,11.5,1,-1,0,0,0,18.207857142857,0.8761121200005779,0.6161790017211798,1.105195326530181,9.678571428571429,13,1,2,1,1,1,-599.4999999999982,599.4999999999982,-3.4671204581273,0.4132841328413284,0.6161790017211798,41.62499999999981,0.4020024582850072,-5.393606166784693,-3.772635199949903,0.0,0.8970862796407097,0.088314062468952,300.0,0.213688490438268,-3.884446924669985,-0.8300615995203017,4.0,0.5,1.0,1.0,300.0,1.0,-1.2977121771218123,-1.180959409594126,-1.7647232472324648,London,YES,150.0,90.0,2793.0,0.0,2.885756457564605,0.0,0.9190182125675284,0.0,6.623554685171406,0.0,7528.001077431515,1858.9006223933595,4534.0016211586535,4236.9911842027,2026,1780,1.0700993757228794,0.01,303.05
2026-08-21,2026,2026-05-20 05:30:00+00:00,EXECUTED,SELL,4460.65,M15,712.99999999992,11028.999999999996,-285.1,Sydney_Tokyo_Overlap,YES,BoS_1,EXECUTED,,0.0,16.0,16.0,-1,-1,1,0,0,25.065714285714098,1.1752825497557975,0.9102787456446216,1.6116632687733603,14.683571428571344,5,2,0,0,0,0,-40.30000000000655,1285.9000000000017,-4.885288098830479,0.2724132898769291,0.9102787456446216,42.60499999999976,0.5619296354951431,-5.981556548249555,-5.114789428012744,0.0,1.071383572191602,0.0896730297154002,300.0,0.3291800842606199,-5.230456856908426,-1.7217622288786532,4.0,0.5,1.0,1.0,300.0,1.0,-1.4042905093156244,-0.8764897601790741,-1.906893029138504,Sydney_Tokyo_Overlap,YES,210.0,210.0,4725.0,0.0569312169312084,3.034684049229018,0.1831979374422076,0.9551298577561512,0.0,6.725477228655017,0.0,719.2897896045733,11126.293253225424,6816.232637883234,6444.838099591356,2026,1780,1.0576266668848402,0.01,-285.1
2026-08-21,2026,2026-05-21 08:15:00+00:00,EXECUTED,SELL,4522.83,M15,3414.0000000000327,3644.000000000051,-177.4,Sydney_Tokyo_Overlap,YES,CHoCH,EXECUTED,,26.75,0.0,26.75,-1,-1,1,0,0,21.288571428571363,0.9660468666434738,0.8253638253638876,1.005839757066106,8.197857142857174,8,3,3,1,0,0,-481.0999999999967,481.0999999999967,-3.214674211085645,0.4879323865121528,0.8253638253638876,37.96071428571389,0.4706913907569235,-3.129182832594456,-3.830124178563269,0.0,0.9916396616891768,0.0884402022627425,300.0,0.1812550359588393,-0.3873787564489778,-0.0702143504298499,4.0,0.5,1.0,1.0,300.0,1.0,-1.752897098544896,-1.6052975516249652,-1.268624204931553,Sydney_Tokyo_Overlap,YES,375.0,45.0,4490.0,0.0,5.477041038598872,0.0,0.8393133123666794,0.0,6.633015169705693,0.0,3396.7670684063182,3625.606091761183,6269.098467744479,4537.620464993972,2026,1780,1.381582817714308,0.02,-354.8
2026-08-21,2026,2026-05-28 05:45:00+00:00,EXECUTED,SELL,4394.32,M15,2779.9999999999272,12632.000000000062,-164.75,Sydney_Tokyo_Overlap,YES,BoS_2,EXECUTED,,0.0,50.5,50.5,-1,-1,1,0,0,22.17714285714296,1.1226450700248638,0.7948717948717948,1.3730101548374818,11.315714285714291,5,3,0,0,0,0,-708.4000000000015,708.4000000000015,-5.339394415020212,0.353490720868577,0.7948717948717948,39.04999999999992,0.5046774667557884,-6.440848689890808,-6.008452667301324,0.0,1.482441698943856,0.0910265979719274,300.0,0.2575077437627276,-7.966118638885035,-2.0513372372454963,4.0,0.5,1.0,1.0,300.0,1.0,-0.7396793334174878,-2.055548541850795,-4.589193283676327,Sydney_Tokyo_Overlap,YES,225.0,195.0,8892.0,0.2914979757085026,5.567478853680088,2.2906198712283854,0.8886471627009394,0.0,6.826994847894555,0.0,2846.8568515719558,12935.789837790668,8281.477845224988,3905.525176932831,2026,1780,2.120451788184034,0.07,-1153.2500000000002
2026-08-21,2026,2026-06-01 09:30:00+00:00,EXECUTED,SELL,4504.56,M15,5688.000000000011,3689.999999999964,-153.88,Asia,YES,CHoCH,EXECUTED,,99.75,0.0,99.75,-1,-1,1,0,0,17.272142857143017,0.9841140529531568,0.7429009976975879,1.2506029908345393,7.78285714285721,9,0,3,1,0,0,-415.0,415.0,-2.424248649353821,0.5139500734214346,0.7429009976975879,42.43857142857159,0.3834368474866139,-1.0304301187152218,-2.5731717935682656,0.0,0.9775220653629186,0.0887989059974781,300.0,0.1727772999550946,-0.5812323817001296,-0.1004237615566173,4.0,0.5,1.0,1.0,300.0,1.0,-1.7654185022026,-2.044236417033737,-1.2912995594712608,Asia,YES,30.0,30.0,1374.0,0.0,1.7654185022026,0.0,0.9421246787382472,0.0,6.659917949810858,0.0,5682.241994778634,3686.2645852202736,5409.380410465887,4227.172231579908,2026,1780,1.2796687984591837,0.02,-307.76
2026-08-21,2026,2026-06-05 03:00:00+00:00,EXECUTED,SELL,4455.45,M15,15560.999999999967,2032.0000000000616,443.9,Sydney_Tokyo_Overlap,YES,CHoCH,EXECUTED,,12.75,0.0,12.75,1,-1,0,0,0,17.746428571428623,1.127613830203986,0.5722326454033703,1.6859627413421931,6.961428571428574,3,4,0,0,0,0,-296.9000000000051,296.9000000000051,-2.955184017283234,0.5745947055202132,0.5722326454033703,32.31214285714285,0.3983083318503995,-2.356924398551896,-4.074837960458567,0.0,0.6830423367504368,0.0897776880000897,300.0,0.1562452405801563,-2.750730032293126,-0.4297884756667006,4.0,0.5,1.0,1.0,300.0,1.0,-1.9794787605170976,-2.0469936384157594,-3.219166837676973,Sydney_Tokyo_Overlap,YES,60.0,360.0,3417.0,0.5460930640913028,2.227990970654658,2.6804843012517736,0.7252273700107251,0.0,6.733326600006734,0.0,15716.594283405684,2052.3179476821147,6183.461427241638,3126.7601513697778,2026,1780,1.9775937801090289,0.04,1775.6
2026-08-21,2026,2026-06-05 15:45:00+00:00,EXECUTED,SELL,4406.29,M15,13777.999999999976,1473.0000000000473,359.87,London_NewYork_Overlap,YES,BoS_1,EXECUTED,,0.0,12.75,12.75,-1,-1,1,0,0,18.433571428571536,1.8930507290316825,0.9003389830508507,2.428812010874949,10.58642857142851,15,4,2,1,1,1,-694.8000000000047,694.8000000000047,-4.003733708404058,0.377842250860268,0.9003389830508507,37.41928571428577,0.4183467594863601,-4.645928816497763,-4.714577380419793,0.0,1.2207839680921493,0.0907793177480374,300.0,0.2402571907756527,-5.684365253046083,-1.3657096270395843,4.0,0.5,1.0,1.0,300.0,1.0,-5.964239929829362,-5.538222791984389,-5.645907833479597,London_NewYork_Overlap,YES,45.0,195.0,13151.0,0.5138012318454875,6.039808380001347,6.382700222657051,0.8492243069404368,0.0,6.808448831102811,0.0,14071.021199240153,1504.326769232214,7483.706113534744,3170.1367687401944,2026,1780,2.3606887208556473,0.07,2519.09
2026-08-21,2026,2026-06-09 17:30:00+00:00,EXECUTED,SELL,4285.04,M15,17822.000000000025,1702.9999999999743,674.77,London_NewYork_Overlap,YES,CHoCH,EXECUTED,,97.75,0.0,97.75,-1,-1,1,0,0,19.06714285714296,2.286855644730911,0.9185532854776652,1.871080564480052,12.629285714285675,17,1,1,0,1,0,-784.6000000000004,784.6000000000004,-6.202669914259492,0.3167241671851148,0.9185532854776652,48.69142857142879,0.4449700086146911,-7.669481176220672,-5.45859701988583,0.0,2.05107742423595,0.0933480200884939,300.0,0.2947297041401172,-5.1906159485137895,-1.529828702810443,4.0,0.5,1.0,1.0,300.0,1.0,-3.473672303602739,-3.62649171426958,-4.439681013517325,London_NewYork_Overlap,YES,150.0,90.0,6266.0,0.1015001595914409,4.457892653130506,0.5035914258243067,1.1363121131058005,0.0,7.001101506637045,0.0,18716.04465769284,1788.431379870406,7888.668749268104,5822.084846292991,2026,1780,1.3549559921461705,0.02,1349.54
2026-08-21,2026,2026-06-17 21:00:00+00:00,EXECUTED,SELL,4284.48,M15,8357.999999999993,4775.0,286.4,NewYork,YES,CHoCH,EXECUTED,,0.5,0.0,0.5,1,-1,0,0,0,22.604999999999887,3.000996752846397,0.929462197973502,2.6608941203590315,16.05999999999988,21,2,1,0,1,0,-980.0,980.0,-4.038546995465377,0.0,0.929462197973502,35.75142857142854,0.5276019493614135,-1.2488900354710368,-4.839827252374354,0.0,1.7676720956956289,0.0,300.0,0.3748412876241664,-2.432827698418584,-0.9119242670429591,0.0,0.5,1.0,1.0,300.0,1.0,-4.780199252802055,-4.671232876712391,-4.595890410958963,NewYork,YES,120.0,240.0,15277.0,0.3755318452575749,5.94022415940232,3.572229140722311,0.8344403188118172,0.0,7.002016580775264,0.0,8778.42818731794,5015.1943759802825,7374.866813838237,3815.35120885048,2026,1780,1.9329457263936123,0.04,1145.6
2026-08-21,2026,2026-06-18 21:45:00+00:00,EXECUTED,SELL,4218.48,M15,9679.999999999927,243.0000000000291,180.37,NewYork,YES,BoS_1,EXECUTED,,0.0,24.75,24.75,-1,-1,1,0,0,21.15642857142868,0.8081787080611136,0.8977591036415224,0.6312051378919532,7.954999999999992,21,3,1,0,1,0,-6.60000000000764,1640.0,-5.395975729863904,0.0,0.8977591036415224,45.32428571428558,0.501517811425648,-4.041782515496554,-5.022211677070458,0.0,0.8354472427572893,0.0,300.0,0.1885750317649957,-9.009224761245004,-1.698914845529763,0.0,0.5,1.0,1.0,300.0,1.0,-1.2419861722187453,-1.4267756128221716,-0.8170961659333761,NewYork,YES,165.0,195.0,2529.0,0.5294582839066603,1.4959145191704033,1.6832181018226815,1.0744222021743752,0.0,7.1115662513511975,0.0,10325.99419696186,259.2165898617822,5528.0560667743,4336.383835391977,2026,1780,1.2748078298918861,0.02,360.74
2026-08-21,2026,2026-06-23 04:30:00+00:00,EXECUTED,SELL,4154.32,M15,10398.999999999978,913.0000000000108,306.37,Sydney_Tokyo_Overlap,YES,CHoCH,EXECUTED,,102.75,0.0,102.75,-1,-1,1,0,0,18.412142857142825,1.2696043270069597,0.9485962831158848,1.939097507100032,8.49428571428559,4,1,0,0,0,0,-442.5,442.5,-6.168865465492395,0.0,0.9485962831158848,40.51571428571424,0.4432047328357667,-5.581190885119414,-6.325308989959126,0.0,1.200014882485604,0.0,300.0,0.2044687389099923,-5.348653954118143,-1.0936325288644804,0.0,0.5,1.0,1.0,300.0,1.0,-4.599562731248038,-3.5023545240498324,-4.313488059199563,Sydney_Tokyo_Overlap,YES,150.0,270.0,7679.0,0.4705039718713391,4.786747393205569,4.253447695930112,0.975267054192124,0.0,7.221398447880762,0.0,11264.298368926782,988.970517437282,8313.165899650377,3427.0649455775706,2026,1780,2.425739235078704,0.07,2144.59
2026-08-21,2026,2026-06-24 02:30:00+00:00,EXECUTED,SELL,4086.39,M15,12742.999999999984,2569.000000000005,150.75,Sydney_Tokyo_Overlap,YES,BoS,EXECUTED,,0.0,22.0,22.0,-1,-1,1,0,0,18.32357142857128,0.8596579798456345,0.6378223495702395,1.4101062629605354,8.018571428571445,2,2,0,0,0,0,-585.0999999999976,585.0999999999976,-7.577809031496622,0.0,0.6378223495702395,36.257857142857056,0.4484048617134263,-7.970467276598264,-8.540461430528277,0.0,0.8705912284814216,0.0,300.0,0.1962262884494981,-8.85055394169371,-1.736711350700632,0.0,0.5,1.0,1.0,300.0,1.0,-2.2335649385355767,-2.430607518261204,-4.354890432923628,Sydney_Tokyo_Overlap,YES,30.0,390.0,5064.0,0.5882701421800955,2.600213789417407,3.715125601282725,0.8872833269183082,0.0,7.341443180900502,0.0,14032.801568132249,2829.025129760014,7032.520552099195,3487.759498161107,2026,1780,2.016343316047748,0.07,1055.2500000000002
2026-08-21,2026,2026-06-30 03:30:00+00:00,EXECUTED,SELL,3991.86,M15,4938.000000000011,7161.999999999989,-115.14,Sydney_Tokyo_Overlap,YES,CHoCH,EXECUTED,,87.25,0.0,87.25,1,-1,0,0,0,18.037857142857124,1.1111207974997492,0.9051507537688308,1.841702601196272,8.094285714285727,3,1,0,0,0,0,-402.5999999999976,402.5999999999976,-8.163472949201923,0.0,0.9051507537688308,35.87928571428574,0.4518659758322467,-6.812778314621843,-9.082522262706622,0.0,0.5428952867425122,0.0,300.0,0.2027697793581369,-5.908709557717475,-1.1981077333096877,0.0,0.5,1.0,1.0,300.0,1.0,-2.850158842216691,-3.070067066713715,-3.296152488528037,Sydney_Tokyo_Overlap,YES,90.0,330.0,6327.0,0.5429113323850153,3.5728909283445147,4.243734557006689,0.8988112236973677,0.0,7.515293622521832,0.0,5566.5779862019335,8073.679938675192,7364.470789171286,3102.676790742072,2026,1780,2.373586192137633,0.07,-805.9800000000001
2026-08-21,2026,2026-07-08 11:15:00+00:00,EXECUTED,SELL,4088.52,M15,6698.000000000002,2916.999999999962,16.5,London,YES,BoS_1,EXECUTED,,0.0,13.25,13.25,-1,-1,1,0,0,21.542142857142608,1.8954407940130569,0.7251737835153783,2.3809566263986093,9.502142857142612,11,2,3,1,0,0,-454.5999999999958,454.5999999999958,-3.957524488278205,0.8419153574381936,0.7251737835153783,37.154285714285706,0.5268934200430133,-1.250716832369018,-4.354926412861675,0.0,1.7204754137972695,0.1956698267343684,300.0,0.2324103308077889,-4.671082712723788,-1.0856078784946797,8.0,0.5,1.0,1.0,300.0,1.0,-4.073817935804015,-3.1192963993084937,-4.138013981808738,London,YES,15.0,225.0,7783.0,0.5807529230373908,3.4339622641509955,4.756821769525774,0.908746581019188,0.0,7.337618502538816,0.0,7372.10530950075,3210.5749757858166,7456.63141284792,3179.6129031809287,2026,1780,2.345138115834227,0.07,115.50000000000001
2026-08-21,2026,2026-07-13 08:45:00+00:00,EXECUTED,SELL,4053.55,M15,8233.000000000038,2714.999999999964,20.12,Sydney_Tokyo_Overlap,YES,CHoCH,EXECUTED,,117.5,0.0,117.5,-1,-1,1,0,0,19.442142857142866,1.173100276161496,0.8522630230572149,1.086974712566733,9.336428571428542,8,0,3,1,0,0,-845.5000000000018,845.5000000000018,-4.216771263995748,0.856858694820598,0.8522630230572149,30.642857142857206,0.4796324914492941,-2.6644424201240704,-5.578100331011166,0.0,1.0672329873872155,0.1973578714953559,300.0,0.2303272087781954,-4.660162110533765,-1.0733621313731465,8.0,0.5,1.0,1.0,300.0,1.0,-1.701935582587399,-0.0578379619003864,-0.8857776757707911,Sydney_Tokyo_Overlap,YES,405.0,15.0,3264.0,-0.0165441176470577,3.5538214367684127,-0.0578379619003864,0.7559511327813202,0.0,7.400920181075847,0.0,9139.76637761966,3014.0247437430985,4018.848139308032,3803.937268613368,2026,1780,1.056496954476067,0.01,20.12
2026-08-21,2026,2026-07-13 17:00:00+00:00,EXECUTED,SELL,4035.83,M15,6461.000000000013,6673.000000000047,-86.02,London_NewYork_Overlap,YES,BoS_1,EXECUTED,,0.0,8.25,8.25,-1,-1,1,0,0,19.38142857142852,1.9212501709077952,0.4297328687572693,1.822827794048984,9.643571428571445,17,0,1,0,1,0,-448.6999999999989,448.6999999999989,-4.578957576755804,0.725872157617953,0.4297328687572693,32.698571428571505,0.4802340180688611,-3.367371318341148,-5.651590742233751,0.0,1.6354105487710202,0.1734463542815232,300.0,0.2389489009341683,-5.319593524499082,-1.2711110260955742,7.0,0.5,1.0,1.0,300.0,1.0,-2.7375749944448606,-3.2622768683801184,-3.050736982445747,London_NewYork_Overlap,YES,120.0,120.0,6205.0,0.4918614020950829,3.2695355899563148,3.164802607214273,0.8102068577856725,0.0,7.433415183493854,0.0,7204.094325083083,7440.476927918226,6737.468522066211,3105.2996601928708,2026,1780,2.1696677484735067,0.07,-602.1400000000001
2026-08-21,2026,2026-07-16 15:30:00+00:00,EXECUTED,SELL,4002.68,M15,4311.999999999989,1416.000000000031,196.16,London_NewYork_Overlap,YES,CHoCH,EXECUTED,,70.5,0.0,70.5,-1,-1,1,0,0,14.430714285714236,1.6170477430098384,0.7477663230240649,2.067309922530965,9.504285714285713,15,3,2,1,1,1,-787.6999999999998,787.6999999999998,-4.72671291194693,0.7365098451826246,0.7477663230240649,37.4692857142857,0.3605263045188283,-4.702516940597865,-5.049340780782059,0.0,0.8826784380886528,0.1748828285049017,300.0,0.2374480526618593,-4.125666610653368,-0.9796315026316956,7.0,0.5,1.0,1.0,300.0,1.0,-3.7540958965880376,-2.276867578536034,-3.0565158575079114,London_NewYork_Overlap,YES,30.0,210.0,5214.0,0.315688530878403,3.7540958965880376,1.7318502931008612,0.9361049525389414,0.0,7.494978364495789,0.0,4847.752006155864,1591.93340461894,6912.973421134439,2682.2804551293043,2026,1780,2.5772746499773405,0.07,1373.1200000000001
2026-08-21,2026,2026-07-17 15:45:00+00:00,EXECUTED,SELL,3966.09,M15,653.00000000002,7456.999999999971,-317.7,London_NewYork_Overlap,YES,BoS_1,EXECUTED,,0.0,24.25,24.25,-1,-1,1,0,0,15.52499999999993,1.060656325057392,0.382743362831864,1.2661529127312572,6.955000000000057,15,4,2,1,1,1,-424.8000000000002,424.8000000000002,-5.387974727967053,0.8626887131559958,0.382743362831864,33.67071428571421,0.391443461948668,-5.681116164735415,-6.34652193817859,0.0,1.0090962004332429,0.1512824973714666,300.0,0.1753616282030931,-6.439689468370083,-1.129274430295689,6.0,0.5,1.0,1.0,300.0,1.0,-3.423436376707369,-3.723939611789996,-4.322070452911532,London_NewYork_Overlap,YES,45.0,195.0,4928.0,0.0014204545454578,7.075485262401098,0.0100647016535101,0.8489649575706606,0.0,7.56412486857333,0.0,740.9060308767804,8460.851871742665,5624.515530674086,4152.561403946909,2026,1780,1.3544689610918506,0.02,-635.4
2026-08-21,2026,2026-07-29 16:45:00+00:00,EXECUTED,SELL,4007.24,M15,1131.999999999971,11305.000000000018,-299.04,London_NewYork_Overlap,YES,BoS_1,EXECUTED,,0.0,150.25,150.25,-1,-1,1,0,0,12.85285714285718,1.8716030522118388,0.4732937685460015,2.146824363049028,7.969285714285759,16,2,2,1,1,1,-1089.8999999999978,1089.8999999999978,-3.1414199766671542,0.8783723223088595,0.4732937685460015,25.112142857142803,0.3207408875649369,-3.9285195205952186,-5.012883153346304,0.0,1.6200843324038734,0.1746838222816701,300.0,0.1988721842037352,-4.446342004508177,-0.8842537461533555,7.0,0.5,1.0,1.0,300.0,1.0,-1.057811239580563,-1.715335663708882,-3.199784888410845,London_NewYork_Overlap,YES,105.0,135.0,3342.0,0.2372830640335074,3.198530070807577,0.9950703594155874,0.6266692999955781,0.0,7.486449526357293,0.0,1271.1991295754358,12695.1467843204,4568.672209408102,2524.4320155006167,2026,1780,1.8097822327380424,0.04,-1196.16
2026-08-21,2026,2026-08-05 05:30:00+00:00,EXECUTED,BUY,4128.14,M15,17593.99999999996,364.0000000000328,530.4,Sydney_Tokyo_Overlap,YES,CHoCH,EXECUTED,,156.75,0.0,156.75,-1,1,0,1,1,20.992857142857183,1.1734842162239991,0.8901459854014836,2.073318696556506,8.982857142857126,5,2,0,0,0,0,78.50000000000364,-78.50000000000364,0.251800174933619,0.7792620865139963,0.8901459854014836,32.11000000000003,0.5085306492235531,3.1071378934518323,0.3237204528652971,0.0,1.0422836509285107,0.1695678925617832,300.0,0.2176005935568349,6.7563005067556325,1.4701750005183705,7.0,0.5,1.0,1.0,300.0,1.0,2.986800254452924,4.850349872773564,6.279739185750683,Sydney_Tokyo_Overlap,YES,210.0,210.0,8996.0,0.6791907514450904,3.212786259541954,6.801844783715066,0.7778321471655522,0.0,7.267195395504997,0.0,19178.855368277196,396.7888685946086,6541.521421836681,3426.4060610778315,2026,1780,1.9091495010311006,0.04,2121.6
2026-08-21,2026,2026-08-07 09:00:00+00:00,EXECUTED,BUY,4286.63,M15,8510.999999999967,665.9999999999854,380.3,Asia,YES,CHoCH,EXECUTED,,208.25,0.0,208.25,-1,1,0,1,1,19.45785714285707,0.8691750926520317,0.6117021276595951,1.2432963214744317,8.051428571428525,9,4,3,1,0,0,19.600000000000364,-19.600000000000364,3.5695033144896646,0.9936124911284656,0.6117021276595951,47.16285714285713,0.453919679161884,7.984984343959061,3.244319983974552,0.0,0.8516425002048005,0.186626790742378,300.0,0.1878265343971494,8.154902042002806,1.531706988897624,8.0,0.5,1.0,1.0,300.0,1.0,2.506387508871591,2.716288147622429,3.241660752306664,Asia,YES,0.0,60.0,1329.0,0.6057185854025736,0.6508161816891178,0.9998225691980412,1.1002315838515833,0.0,6.998504652839177,0.0,8934.6409650471,699.1506148186185,4894.366753627815,4550.056332766394,2026,1780,1.075671683091467,0.01,380.3
2026-08-21,2026,2026-08-10 21:30:00+00:00,EXECUTED,BUY,4379.56,M15,5564.999999999964,2740.0000000000546,-24.38,NewYork,YES,BoS_1,EXECUTED,,0.0,84.5,84.5,1,1,1,1,1,16.509285714285852,1.2933962739597158,0.769187675070078,1.4140419947506562,7.316428571428462,21,0,1,0,1,0,78.20000000000618,-78.20000000000618,5.194600130572349,0.9567509518695838,0.769187675070078,39.0307142857143,0.3769621997252201,11.425043574261927,5.828759059163882,0.0,0.7416509570266812,0.159833407922257,300.0,0.1670585303415973,9.509180702282714,1.5885897528760289,7.0,0.5,1.0,1.0,300.0,1.0,2.651566923752921,2.536756809528551,2.501220345601937,NewYork,YES,150.0,210.0,3888.0,0.7163065843621472,1.5075661427316094,3.8065020013668938,0.8912017254179484,0.0,6.850003196668158,0.0,5718.040168418707,2815.351313830669,7030.505401943934,3515.5765392798794,2026,1780,1.9998157694453276,0.04,-97.52
2026-08-21,2026,2026-08-12 15:45:00+00:00,EXECUTED,BUY,4437.11,M15,1252.0000000000437,7957.999999999993,-385.64,London_NewYork_Overlap,YES,BoS_2,EXECUTED,,0.0,126.75,126.75,1,1,1,1,1,18.32714285714272,2.164059550412751,0.404285048905433,1.8987830185727843,11.872857142856969,15,2,2,1,1,1,18.99999999999636,-18.99999999999636,5.902137289849302,0.6738057995427846,0.404285048905433,39.35500000000008,0.4130423374030105,9.935416249701982,6.654410466310044,0.0,1.3808933307452955,0.1802975360087985,300.0,0.2675808610301968,5.093510245138511,1.3629258570602918,8.0,0.5,1.0,1.0,300.0,1.0,2.3987486463722765,2.011310311635221,1.4798459872458165,London_NewYork_Overlap,YES,45.0,195.0,2848.0,1.0007022471909943,-0.0016845144988171,2.40043316087117,0.8869511912032852,0.0,6.761157600329945,0.0,1269.745397342008,8070.793827513848,5871.09376731298,5509.148295462058,2026,1780,1.0656989887436976,0.01,-385.64
2026-08-21,2026,2026-08-17 03:45:00+00:00,EXECUTED,BUY,4400.71,M15,3543.99999999996,2353.9999999999964,165.07,Sydney_Tokyo_Overlap,YES,CHoCH,EXECUTED,,108.0,0.0,108.0,1,1,1,1,1,23.73928571428561,0.9434810001079326,0.6357786357785485,1.1438153535739115,14.339285714285714,3,0,0,0,0,0,38.400000000001455,-38.400000000001455,4.479762129182972,0.4881693648816936,0.6357786357785485,44.40357142857114,0.5394421744283447,4.032848255368156,4.439763146356261,0.0,0.5524765350182552,0.159065241745082,300.0,0.3258402783706655,2.087771448595458,0.6802800299846716,7.0,0.5,1.0,1.0,300.0,1.0,1.5265753424657764,2.2616189290162096,1.8250560398505653,Sydney_Tokyo_Overlap,YES,105.0,315.0,4087.0,0.7944702715928638,0.585803237858007,2.2644084682441026,1.0090092605186691,0.0,6.817081789074944,0.0,3623.9606790722,2407.1115797223592,7802.716057249703,4486.339278631944,2026,1780,1.7392166692370734,0.04,660.28
2026-08-21,2026,2026-08-17 17:15:00+00:00,EXECUTED,BUY,4418.18,M15,1796.9999999999343,6668.000000000029,-122.83,London_NewYork_Overlap,YES,BoS_1,EXECUTED,,0.0,13.5,13.5,1,1,1,1,1,15.75214285714271,1.608369122782529,0.3670647391577749,1.3566444291081972,10.465714285714316,17,0,1,0,1,0,18.50000000000364,-18.50000000000364,4.684173669585296,0.7644007644007622,0.3670647391577749,39.41714285714267,0.35653012908353,6.411474997323372,5.2503862338510885,0.0,1.4370318363278236,0.1810700333621536,300.0,0.2368784043591323,3.476582707665707,0.8235273644144047,8.0,0.5,1.0,1.0,300.0,1.0,3.0977340977340955,3.0365820365820904,2.05528255528257,London_NewYork_Overlap,YES,135.0,105.0,4724.0,0.8433530906011925,0.7070707070706702,3.806715806715809,0.89215792152295,0.0,6.7901262510807605,0.0,1830.2785309787523,6791.484276331007,6968.788016872717,3606.474930451702,2026,1780,1.9322990319524813,0.04,-491.32
2026-08-21,2026,2026-08-19 15:30:00+00:00,EXECUTED,BUY,4417.49,M15,10936.000000000058,610.9999999999673,219.16,London_NewYork_Overlap,YES,CHoCH,EXECUTED,,46.25,0.0,46.25,1,1,1,1,1,18.49714285714293,1.607081221501626,0.925705509694744,2.3264853404528902,8.852857142857115,15,2,2,1,1,1,109.29999999999382,-109.29999999999382,4.262704051905168,0.790705179925773,0.925705509694744,36.31071428571431,0.4187251778078258,4.281782150840418,5.185921811970251,0.0,1.0699576974558125,0.1584610265105297,300.0,0.2004046900583162,5.064343797439569,1.0149182490746331,7.0,0.5,1.0,1.0,300.0,1.0,5.975472002581872,5.277392286590229,6.081652412457677,London_NewYork_Overlap,YES,30.0,210.0,12566.0,0.4211363998090095,8.216556398257223,5.977731160238853,0.821976151292121,0.0,6.791186850451275,0.0,11140.26290948033,622.4122748438259,7990.24082524235,3427.5899824484486,2026,1780,2.331154212189242,0.07,1534.1200000000001
2026-08-21,2026,2026-08-20 18:00:00+00:00,EXECUTED,BUY,4535.06,M15,9707.999999999993,3243.000000000029,298.32,London_NewYork_Overlap,YES,BoS_1,EXECUTED,,0.0,26.5,26.5,1,1,1,1,1,18.372142857142794,1.8322071655067167,0.8603502469690341,1.478259390117337,13.30071428571416,18,3,1,0,1,0,82.10000000000036,-82.10000000000036,6.347135302657507,0.6014714569572046,0.8603502469690341,42.93357142857148,0.405113556538233,8.849903107851349,6.704459579739114,0.0,1.9415578628152,0.1764033992935043,300.0,0.2932864016289566,6.672964192056791,1.9570896560872133,8.0,0.5,1.0,1.0,300.0,1.0,3.2712528865260126,4.022340368401306,5.143332796305353,London_NewYork_Overlap,YES,180.0,60.0,7552.0,1.0027807203389836,-0.0157886257451293,5.693679179421173,0.9467034929763106,0.0,6.615127473506415,0.0,9632.948626920032,3217.9287594872235,8320.390876004869,5503.708026496887,2026,1780,1.5117791198129384,0.04,1193.28
2026-08-21,2026,2026-08-21 07:15:00+00:00,EXECUTED,BUY,4546.73,M15,8541.000000000076,1764.9999999999636,349.65,Sydney_Tokyo_Overlap,YES,BoS,EXECUTED,,0.0,39.75,39.75,1,1,1,1,1,20.469999999999864,0.4029922215010055,0.6623762376237585,0.7031974852173432,10.045714285714244,7,4,0,0,0,0,58.19999999999709,-58.19999999999709,6.405958958515491,0.7963594994311751,0.6623762376237585,42.16357142857142,0.4502136700441826,7.732924018093898,6.907898166262616,0.0,0.722620442255889,0.175950628253712,300.0,0.2209437174785888,7.203946741694242,1.5916667736276937,8.0,0.5,1.0,1.0,300.0,1.0,1.7599544937428355,1.4234926052331531,1.6106370875994902,Sydney_Tokyo_Overlap,YES,315.0,105.0,3633.0,1.0005505092210163,-0.0019908987485308,3.618458475540348,0.9273383602846754,0.0,6.598148559514201,0.0,8453.218027021694,1746.8598311313488,7185.92326782378,5459.19644806972,2026,1780,1.3162968829166428,0.02,699.3
